speciesCode,comName,sciName,locId,locName,obsDt,howMany,lat,lng,obsValid,obsReviewed,locationPrivate,subId,exoticCategory
ribgul,Ring-billed Gull,Larus delawarensis,L3519937,Sussex water treatment facility,2026-03-27 14:41,2.0,45.7196639,-65.5392355,True,False,False,S313672192,
amtspa,American Tree Sparrow,Spizelloides arborea,L3519937,Sussex water treatment facility,2026-03-27 14:41,2.0,45.7196639,-65.5392355,True,False,False,S313672192,
comgol,Common Goldeneye,Bucephala clangula,L3519937,Sussex water treatment facility,2026-03-27 14:41,2.0,45.7196639,-65.5392355,True,False,False,S313672192,
cangoo,Canada Goose,Branta canadensis,L3519937,Sussex water treatment facility,2026-03-27 14:41,2.0,45.7196639,-65.5392355,True,False,False,S313672192,
nswowl,Northern Saw-whet Owl,Aegolius acadicus,L13296162,Sackville Greenway,2026-03-27 14:32,1.0,44.7765914,-63.6901911,True,False,False,S313669355,
sonspa,Song Sparrow,Melospiza melodia,L13296162,Sackville Greenway,2026-03-27 14:32,1.0,44.7765914,-63.6901911,True,False,False,S313669355,
amecro,American Crow,Corvus brachyrhynchos,L13296162,Sackville Greenway,2026-03-27 14:32,1.0,44.7765914,-63.6901911,True,False,False,S313669355,
bkcchi,Black-capped Chickadee,Poecile atricapillus,L13296162,Sackville Greenway,2026-03-27 14:32,2.0,44.7765914,-63.6901911,True,False,False,S313669355,
x00004,Mallard x American Black Duck (hybrid),Anas platyrhynchos x rubripes,L13296162,Sackville Greenway,2026-03-27 14:32,1.0,44.7765914,-63.6901911,True,False,False,S313669355,
y00478,Iceland Gull,Larus glaucoides,L13426700,Marystown--Drakes Cove,2026-03-27 14:26,2.0,47.1632868,-55.1774478,True,False,False,S313657361,
amhgul1,American Herring Gull,Larus smithsonianus,L13426700,Marystown--Drakes Cove,2026-03-27 14:26,5.0,47.1632868,-55.1774478,True,False,False,S313657361,
buffle,Bufflehead,Bucephala albeola,L13426700,Marystown--Drakes Cove,2026-03-27 14:26,2.0,47.1632868,-55.1774478,True,False,False,S313657361,
comloo,Common Loon,Gavia immer,L13426700,Marystown--Drakes Cove,2026-03-27 14:26,4.0,47.1632868,-55.1774478,True,False,False,S313657361,
mallar3,Mallard,Anas platyrhynchos,L13426700,Marystown--Drakes Cove,2026-03-27 14:26,14.0,47.1632868,-55.1774478,True,False,False,S313657361,X
rocpig,Rock Pigeon,Columba livia,L13426700,Marystown--Drakes Cove,2026-03-27 14:26,8.0,47.1632868,-55.1774478,True,False,False,S313657361,N
eursta,European Starling,Sturnus vulgaris,L10766823,Lower Onslow--Fort Belcher Rd,2026-03-27 14:24,235.0,45.372472,-63.4110672,True,False,False,S313671993,N
amerob,American Robin,Turdus migratorius,L10766823,Lower Onslow--Fort Belcher Rd,2026-03-27 14:24,265.0,45.372472,-63.4110672,True,False,False,S313671993,
blujay,Blue Jay,Cyanocitta cristata,L10766823,Lower Onslow--Fort Belcher Rd,2026-03-27 14:24,6.0,45.372472,-63.4110672,True,False,False,S313671993,
moudov,Mourning Dove,Zenaida macroura,L10766823,Lower Onslow--Fort Belcher Rd,2026-03-27 14:24,10.0,45.372472,-63.4110672,True,False,False,S313671993,
houspa,House Sparrow,Passer domesticus,L10766823,Lower Onslow--Fort Belcher Rd,2026-03-27 14:24,2.0,45.372472,-63.4110672,True,False,False,S313671993,N
bargol,Barrow's Goldeneye,Bucephala islandica,L18601917,"Fish Hatchery Lane, New Brunswick, CA (45.958, -66.844)",2026-03-27 14:18,2.0,45.9581966,-66.8440155,True,False,True,S313663595,
commer,Common Merganser,Mergus merganser,L18601917,"Fish Hatchery Lane, New Brunswick, CA (45.958, -66.844)",2026-03-27 14:18,6.0,45.9581966,-66.8440155,True,False,True,S313663595,
rebnut,Red-breasted Nuthatch,Sitta canadensis,L6925888,"573, Hwy 204",2026-03-27 14:15,1.0,45.8132472,-64.1661215,True,False,True,S313663984,
norcar,Northern Cardinal,Cardinalis cardinalis,L6925888,"573, Hwy 204",2026-03-27 14:15,1.0,45.8132472,-64.1661215,True,False,True,S313663984,
rebwoo,Red-bellied Woodpecker,Melanerpes carolinus,L20455771,"561 Shore Rd, Colchester CA-NS 45.38319, -63.48092",2026-03-27 14:08,1.0,45.383191,-63.480922,True,False,True,S313661614,
daejun,Dark-eyed Junco,Junco hyemalis,L20455771,"561 Shore Rd, Colchester CA-NS 45.38319, -63.48092",2026-03-27 14:08,1.0,45.383191,-63.480922,True,False,True,S313661614,
gbbgul,Great Black-backed Gull,Larus marinus,L61127575,"Mar 27, 2026 2:58 p.m.
42.366, -66.475",2026-03-27 14:08,2.0,42.3655333,-66.4749921,True,False,True,S313665247,
comgra,Common Grackle,Quiscalus quiscula,L20455771,"561 Shore Rd, Colchester CA-NS 45.38319, -63.48092",2026-03-27 14:08,1.0,45.383191,-63.480922,True,False,True,S313661614,
baleag,Bald Eagle,Haliaeetus leucocephalus,L14700526,Memramcook Lake,2026-03-27 14:08,8.0,45.9868757,-64.538783,True,False,False,S313661759,
rewbla,Red-winged Blackbird,Agelaius phoeniceus,L20455771,"561 Shore Rd, Colchester CA-NS 45.38319, -63.48092",2026-03-27 14:08,2.0,45.383191,-63.480922,True,False,True,S313661614,
dowwoo,Downy Woodpecker,Dryobates pubescens,L20455771,"561 Shore Rd, Colchester CA-NS 45.38319, -63.48092",2026-03-27 14:08,1.0,45.383191,-63.480922,True,False,True,S313661614,
comrav,Common Raven,Corvus corax,L14700526,Memramcook Lake,2026-03-27 14:08,2.0,45.9868757,-64.538783,True,False,False,S313661759,
purfin,Purple Finch,Haemorhous purpureus,L17026359,"80 Front Centre Road, Lunenburg, Nova Scotia, CA (44.374, -64.357)",2026-03-27 14:03,3.0,44.3741642,-64.35725,True,False,True,S313672490,
evegro,Evening Grosbeak,Hesperiphona vespertina,L17026359,"80 Front Centre Road, Lunenburg, Nova Scotia, CA (44.374, -64.357)",2026-03-27 14:03,5.0,44.3741642,-64.35725,True,False,True,S313672490,
amegfi,American Goldfinch,Spinus tristis,L17026359,"80 Front Centre Road, Lunenburg, Nova Scotia, CA (44.374, -64.357)",2026-03-27 14:03,6.0,44.3741642,-64.35725,True,False,True,S313672490,
whtspa,White-throated Sparrow,Zonotrichia albicollis,L17026359,"80 Front Centre Road, Lunenburg, Nova Scotia, CA (44.374, -64.357)",2026-03-27 14:03,1.0,44.3741642,-64.35725,True,False,True,S313672490,
pinsis,Pine Siskin,Spinus pinus,L17026359,"80 Front Centre Road, Lunenburg, Nova Scotia, CA (44.374, -64.357)",2026-03-27 14:03,2.0,44.3741642,-64.35725,True,False,True,S313672490,
haiwoo,Hairy Woodpecker,Leuconotopicus villosus,L17026359,"80 Front Centre Road, Lunenburg, Nova Scotia, CA (44.374, -64.357)",2026-03-27 14:03,1.0,44.3741642,-64.35725,True,False,True,S313672490,
rebmer,Red-breasted Merganser,Mergus serrator,L49556125,Petit Cap,2026-03-27 14:00,1.0,46.1946505,-64.1593292,True,False,True,S313665556,
comeid,Common Eider,Somateria mollissima,L49556125,Petit Cap,2026-03-27 14:00,20.0,46.1946505,-64.1593292,True,False,True,S313665556,
blksco2,Black Scoter,Melanitta americana,L49556125,Petit Cap,2026-03-27 14:00,15.0,46.1946505,-64.1593292,True,False,True,S313665556,
lotduc,Long-tailed Duck,Clangula hyemalis,L49556125,Petit Cap,2026-03-27 14:00,2.0,46.1946505,-64.1593292,True,False,True,S313665556,
rethaw,Red-tailed Hawk,Buteo jamaicensis,L11044011,Chiganois River--Isgonish-French River Portage Area,2026-03-27 13:59,1.0,45.3830193,-63.4112835,True,False,False,S313656859,
osprey,Osprey,Pandion haliaetus,L11000827,"345 State Rd, Aquinnah US-MA (41.3304,-70.7867)",2026-03-27 13:58,1.0,41.33037,-70.786673,True,False,True,S313674196,
coohaw,Cooper's Hawk,Astur cooperii,L21092071,LACOLLE_Rang Saint-Joseph,2026-03-27 13:58,1.0,45.121832,-73.375188,True,False,True,S313674251,
bnhcow,Brown-headed Cowbird,Molothrus ater,L61129646,"806–818 Longmeadow St, Longmeadow US-MA 42.04880, -72.58325",2026-03-27 13:58,1.0,42.0488,-72.58325,True,False,True,S313674537,
amerob,American Robin,Turdus migratorius,L61129646,"806–818 Longmeadow St, Longmeadow US-MA 42.04880, -72.58325",2026-03-27 13:58,,42.0488,-72.58325,True,False,True,S313674537,
amekes,American Kestrel,Falco sparverius,L61129563,"1189–1199 Sideroad 25, Huron-Kinloss CA-ON 44.12110, -81.59823",2026-03-27 13:58,1.0,44.121098,-81.598231,True,False,True,S313674213,
rebwoo,Red-bellied Woodpecker,Melanerpes carolinus,L1097612,Ansonia Hill Top,2026-03-27 13:57,1.0,41.3423314,-73.0605063,True,False,True,S313674179,
norcar,Northern Cardinal,Cardinalis cardinalis,L1097612,Ansonia Hill Top,2026-03-27 13:57,2.0,41.3423314,-73.0605063,True,False,True,S313674179,
tuftit,Tufted Titmouse,Baeolophus bicolor,L1097612,Ansonia Hill Top,2026-03-27 13:57,1.0,41.3423314,-73.0605063,True,False,True,S313674179,
whtspa,White-throated Sparrow,Zonotrichia albicollis,L1097612,Ansonia Hill Top,2026-03-27 13:57,3.0,41.3423314,-73.0605063,True,False,True,S313674179,
normoc,Northern Mockingbird,Mimus polyglottos,L1097612,Ansonia Hill Top,2026-03-27 13:57,1.0,41.3423314,-73.0605063,True,False,True,S313674179,
eursta,European Starling,Sturnus vulgaris,L1097612,Ansonia Hill Top,2026-03-27 13:57,1.0,41.3423314,-73.0605063,True,False,True,S313674179,N
bkcchi,Black-capped Chickadee,Poecile atricapillus,L1097612,Ansonia Hill Top,2026-03-27 13:57,1.0,41.3423314,-73.0605063,True,False,True,S313674179,
blujay,Blue Jay,Cyanocitta cristata,L1097612,Ansonia Hill Top,2026-03-27 13:57,2.0,41.3423314,-73.0605063,True,False,True,S313674179,
moudov,Mourning Dove,Zenaida macroura,L1097612,Ansonia Hill Top,2026-03-27 13:57,6.0,41.3423314,-73.0605063,True,False,True,S313674179,
cogdov,Common Ground Dove,Columbina passerina,L37277437,Countryside West Port Orange backyard,2026-03-27 13:56,1.0,29.112062,-81.013604,True,False,True,S313674296,
categr1,Western Cattle-Egret,Ardea ibis,L39568665,JCB North America,2026-03-27 13:56,25.0,32.1211155,-81.2372062,True,False,False,S313673797,
turvul,Turkey Vulture,Cathartes aura,L61129488,"Boul Ste-Anne, Château-Richer",2026-03-27 13:56,1.0,46.942131,-71.052153,True,False,True,S313673852,
easblu,Eastern Bluebird,Sialia sialis,L37277437,Countryside West Port Orange backyard,2026-03-27 13:56,2.0,29.112062,-81.013604,True,False,True,S313674296,
comgra,Common Grackle,Quiscalus quiscula,L37277437,Countryside West Port Orange backyard,2026-03-27 13:56,2.0,29.112062,-81.013604,True,False,True,S313674296,
rudtur,Ruddy Turnstone,Arenaria interpres,L61129575,Key Fisheries,2026-03-27 13:56,1.0,24.714536,-81.092519,True,False,True,S313674259,
brnpel,Brown Pelican,Pelecanus occidentalis,L61129575,Key Fisheries,2026-03-27 13:56,1.0,24.714536,-81.092519,True,False,True,S313674259,
treswa,Tree Swallow,Tachycineta bicolor,L7374538,"Huron Park, Flat Rock US-MI (42.0971,-83.2960)",2026-03-27 13:55,40.0,42.097056,-83.295982,True,False,True,S313673777,
houspa,House Sparrow,Passer domesticus,L1479348,Cincinnati/Northern KY International Airport Viewing Area,2026-03-27 13:55,1.0,39.0451562,-84.641304,True,False,False,S313673384,N
cangoo,Canada Goose,Branta canadensis,L61129404,"Cleveland Clinic - Avon Hospital at Richard E. Jacobs Campus, Avon US-OH 41.46904, -81.98257",2026-03-27 13:55,4.0,41.469037,-81.982574,True,False,True,S313673495,
turvul,Turkey Vulture,Cathartes aura,L61129627,"Chesapeake Bay Bridge-Tunnel N, Cape Charles US-VA 37.04985, -76.05736",2026-03-27 13:55,1.0,37.049848,-76.057355,True,False,True,S313674438,
gbbgul,Great Black-backed Gull,Larus marinus,L61129627,"Chesapeake Bay Bridge-Tunnel N, Cape Charles US-VA 37.04985, -76.05736",2026-03-27 13:55,1.0,37.049848,-76.057355,True,False,True,S313674438,
fiscro,Fish Crow,Corvus ossifragus,L61129404,"Cleveland Clinic - Avon Hospital at Richard E. Jacobs Campus, Avon US-OH 41.46904, -81.98257",2026-03-27 13:55,1.0,41.469037,-81.982574,True,False,True,S313673495,
coohaw,Cooper's Hawk,Astur cooperii,L41138525,Calvert School (Private Campus),2026-03-27 13:55,1.0,39.339529,-76.620131,True,False,True,S313673488,
doccor,Double-crested Cormorant,Nannopterum auritum,L61129627,"Chesapeake Bay Bridge-Tunnel N, Cape Charles US-VA 37.04985, -76.05736",2026-03-27 13:55,13.0,37.049848,-76.057355,True,False,True,S313674438,
dowwoo,Downy Woodpecker,Dryobates pubescens,L11924343,"399 Upper Georges Valley Rd, Spring Mills US-PA 40.81869, -77.61601",2026-03-27 13:54,1.0,40.818695,-77.616013,True,False,True,S313673286,
amegfi,American Goldfinch,Spinus tristis,L11924343,"399 Upper Georges Valley Rd, Spring Mills US-PA 40.81869, -77.61601",2026-03-27 13:54,1.0,40.818695,-77.616013,True,False,True,S313673286,
norpar,Northern Parula,Setophaga americana,L917894,Celebration--town center,2026-03-27 13:54,1.0,28.3179822,-81.5405166,True,False,False,S313673981,
greegr,Great Egret,Ardea alba,L917894,Celebration--town center,2026-03-27 13:54,1.0,28.3179822,-81.5405166,True,False,False,S313673981,
grbher3,Great Blue Heron,Ardea herodias,L917894,Celebration--town center,2026-03-27 13:54,1.0,28.3179822,-81.5405166,True,False,False,S313673981,
purfin,Purple Finch,Haemorhous purpureus,L11924343,"399 Upper Georges Valley Rd, Spring Mills US-PA 40.81869, -77.61601",2026-03-27 13:54,1.0,40.818695,-77.616013,True,False,True,S313673286,
norhar2,Northern Harrier,Circus hudsonius,L61129315,"2103 Concession Rd 10, Huron-Kinloss CA-ON 44.11047, -81.62316",2026-03-27 13:54,1.0,44.110469,-81.623165,True,False,True,S313673107,
cedwax,Cedar Waxwing,Bombycilla cedrorum,L917894,Celebration--town center,2026-03-27 13:54,15.0,28.3179822,-81.5405166,True,False,False,S313673981,
daejun,Dark-eyed Junco,Junco hyemalis,L48678031,Home,2026-03-27 13:53,1.0,41.025965,-73.679273,True,False,True,S313674548,
grycat,Gray Catbird,Dumetella carolinensis,L61129666,"Countryside West Blvd, Port Orange US",2026-03-27 13:53,1.0,29.112064,-81.0136,True,False,True,S313674616,
amecro,American Crow,Corvus brachyrhynchos,L61129666,"Countryside West Blvd, Port Orange US",2026-03-27 13:53,1.0,29.112064,-81.0136,True,False,True,S313674616,
whbnut,White-breasted Nuthatch,Sitta carolinensis,L48678031,Home,2026-03-27 13:53,1.0,41.025965,-73.679273,True,False,True,S313674548,
laugul,Laughing Gull,Leucophaeus atricilla,L3565466,Jamestown Island--Causeway,2026-03-27 13:51,1.0,37.214472,-76.78334,True,False,False,S313672389,
botgra,Boat-tailed Grackle,Quiscalus major,L61129336,Veteran’s Memorial Park,2026-03-27 13:51,5.0,28.041281,-81.966941,True,False,True,S313673188,
rewbla,Red-winged Blackbird,Agelaius phoeniceus,L61129336,Veteran’s Memorial Park,2026-03-27 13:51,1.0,28.041281,-81.966941,True,False,True,S313673188,
houfin,House Finch,Haemorhous mexicanus,L61129139,"42 Congress St, Portland US-ME (43.6682,-70.2450)",2026-03-27 13:51,2.0,43.66816,-70.244955,True,False,True,S313672232,N
baleag,Bald Eagle,Haliaeetus leucocephalus,L3565466,Jamestown Island--Causeway,2026-03-27 13:51,1.0,37.214472,-76.78334,True,False,False,S313672389,
ribgul,Ring-billed Gull,Larus delawarensis,L3565466,Jamestown Island--Causeway,2026-03-27 13:51,1.0,37.214472,-76.78334,True,False,False,S313672389,
comgal1,Common Gallinule,Gallinula galeata,L61129336,Veteran’s Memorial Park,2026-03-27 13:51,3.0,28.041281,-81.966941,True,False,True,S313673188,
reshaw,Red-shouldered Hawk,Buteo lineatus,L61129336,Veteran’s Memorial Park,2026-03-27 13:51,1.0,28.041281,-81.966941,True,False,True,S313673188,
pibgre,Pied-billed Grebe,Podilymbus podiceps,L61129336,Veteran’s Memorial Park,2026-03-27 13:51,3.0,28.041281,-81.966941,True,False,True,S313673188,
hoomer,Hooded Merganser,Lophodytes cucullatus,L1809769,"Independent Pond, Port Elgin",2026-03-27 13:50,5.0,44.453588,-81.3782929,True,False,False,S313673362,
redhea,Redhead,Aythya americana,L1809769,"Independent Pond, Port Elgin",2026-03-27 13:50,1.0,44.453588,-81.3782929,True,False,False,S313673362,
merlin,Merlin,Falco columbarius,L61129221,Dunham / Chemin de St-Ignace (près 10e rang),2026-03-27 13:50,1.0,45.172398,-72.858631,True,False,True,S313672633,
norhar2,Northern Harrier,Circus hudsonius,L796349,Maple Dam Rd,2026-03-27 13:50,1.0,38.4978027,-76.0914803,True,False,False,S313671923,
lessca,Lesser Scaup,Aythya affinis,L1809769,"Independent Pond, Port Elgin",2026-03-27 13:50,3.0,44.453588,-81.3782929,True,False,False,S313673362,
rinduc,Ring-necked Duck,Aythya collaris,L1809769,"Independent Pond, Port Elgin",2026-03-27 13:50,2.0,44.453588,-81.3782929,True,False,False,S313673362,
sonspa,Song Sparrow,Melospiza melodia,L747767,Imperial Grasslands--Truck Stop,2026-03-27 13:50,1.0,40.4288843,-80.2958107,True,False,False,S313672482,
rocpig,Rock Pigeon,Columba livia,L61129000,"3281 Mineola Pike, Erlanger, Kentucky, US (39.055, -84.626)",2026-03-27 13:49,4.0,39.0547144,-84.626434,True,False,True,S313671599,N
whiibi,White Ibis,Eudocimus albus,L61129121,"7034 Langley Pl, University Park US-FL 27.39222, -82.46886",2026-03-27 13:49,1.0,27.392217,-82.468861,True,False,True,S313672175,
hoomer,Hooded Merganser,Lophodytes cucullatus,L7065902,"Pond at 11857 Corey Lake Rd, Three Rivers US-MI (41.9213,-85.7255)",2026-03-27 13:48,2.0,41.921312,-85.725475,True,False,True,S313672542,
rebnut,Red-breasted Nuthatch,Sitta canadensis,L3621637,411 Warren Rd.,2026-03-27 13:48,1.0,42.4682594,-76.464821,True,False,True,S313673194,
buffle,Bufflehead,Bucephala albeola,L7065902,"Pond at 11857 Corey Lake Rd, Three Rivers US-MI (41.9213,-85.7255)",2026-03-27 13:48,2.0,41.921312,-85.725475,True,False,True,S313672542,
mallar3,Mallard,Anas platyrhynchos,L7065902,"Pond at 11857 Corey Lake Rd, Three Rivers US-MI (41.9213,-85.7255)",2026-03-27 13:48,1.0,41.921312,-85.725475,True,False,True,S313672542,
yebsap,Yellow-bellied Sapsucker,Sphyrapicus varius,L53290198,"5204 Wolfpen Woods Dr, Louisville US-KY 38.31954, -85.60555",2026-03-27 13:47,2.0,38.319544,-85.605549,True,False,True,S313673663,
shshaw,Sharp-shinned Hawk,Accipiter striatus,L61128871,"(40.08511, -82.90759)",2026-03-27 13:47,1.0,40.085107,-82.90759,True,False,True,S313671073,
shshaw,Sharp-shinned Hawk,Accipiter striatus,L61127717,"429 Black Bay Rd, Petawawa CA-ON 45.86935, -77.27100",2026-03-27 13:47,1.0,45.869346,-77.271003,True,False,True,S313670851,
anhing,Anhinga,Anhinga anhinga,L1391056,Disney's Caribbean Beach Resort,2026-03-27 13:47,1.0,28.3624249,-81.543219,True,False,False,S313671297,
wiltur,Wild Turkey,Meleagris gallopavo,L61129523,"Amherst St, Granby",2026-03-27 13:47,4.0,42.268147,-72.532546,True,False,True,S313674012,
motduc,Mottled Duck,Anas fulvigula,L1391056,Disney's Caribbean Beach Resort,2026-03-27 13:47,1.0,28.3624249,-81.543219,True,False,False,S313671297,
rethaw,Red-tailed Hawk,Buteo jamaicensis,L61128893,"Blue Star Tpke, Hampton Falls US-NH 42.93450, -70.86216",2026-03-27 13:47,1.0,42.934501,-70.862164,True,False,True,S313671154,
blkvul,Black Vulture,Coragyps atratus,L61128903,"1161 Pacific Avenue, Erlanger, Kentucky, US (39.043, -84.613)",2026-03-27 13:47,1.0,39.0433537,-84.6131757,True,False,True,S313671195,
carwre,Carolina Wren,Thryothorus ludovicianus,L61129070,"10042–10198 Bennington Chapel Rd, Croton US-OH 40.23979, -82.68269",2026-03-27 13:46,1.0,40.239791,-82.682693,True,False,True,S313671925,
gadwal,Gadwall,Mareca strepera,L22822298,Tri-County FWA--Area G4,2026-03-27 13:46,2.0,41.3437446,-85.6578958,True,False,False,S313673806,
rinduc,Ring-necked Duck,Aythya collaris,L22822298,Tri-County FWA--Area G4,2026-03-27 13:46,200.0,41.3437446,-85.6578958,True,False,False,S313673806,
norsho,Northern Shoveler,Spatula clypeata,L22822298,Tri-County FWA--Area G4,2026-03-27 13:46,6.0,41.3437446,-85.6578958,True,False,False,S313673806,
lessca,Lesser Scaup,Aythya affinis,L22822298,Tri-County FWA--Area G4,2026-03-27 13:46,20.0,41.3437446,-85.6578958,True,False,False,S313673806,
yerwar,Yellow-rumped Warbler,Setophaga coronata,L8838171,Dinkel yard,2026-03-27 13:46,1.0,38.7500163,-75.2141512,True,False,True,S313671606,
amekes,American Kestrel,Falco sparverius,L38531021,E Highwood Road (Tittabawassee River to M-30),2026-03-27 13:45,1.0,43.928282,-84.34192,True,False,True,S313670525,
norfli,Northern Flicker,Colaptes auratus,L56626972,"344 T904, Gap, Pennsylvania, US (40.025, -75.979)",2026-03-27 13:44,1.0,40.0250984,-75.9790424,True,False,True,S313670096,
merlin,Merlin,Falco columbarius,L29855592,Saint Francis University,2026-03-27 13:44,1.0,40.5040063,-78.637679,True,False,True,S313670529,
belkin1,Belted Kingfisher,Megaceryle alcyon,L61128720,"Erie Canal Trail, Spencerport US-NY 43.19569, -77.80780",2026-03-27 13:44,1.0,43.195694,-77.807802,True,False,True,S313670312,
horlar,Horned Lark,Eremophila alpestris,L56626972,"344 T904, Gap, Pennsylvania, US (40.025, -75.979)",2026-03-27 13:44,1.0,40.0250984,-75.9790424,True,False,True,S313670096,
easpho,Eastern Phoebe,Sayornis phoebe,L5263638,Sterling Heights Nature Center,2026-03-27 13:43,2.0,42.6077005,-83.0274796,True,False,False,S313669979,
gockin,Golden-crowned Kinglet,Regulus satrapa,L14932434,"7763 Lynn Ave, Evart US-MI 43.92157, -85.24197",2026-03-27 13:43,1.0,43.921566,-85.241966,True,False,True,S313669743,
bongul,Bonaparte's Gull,Chroicocephalus philadelphia,L7046971,LaDue Reservoir--Boathouse,2026-03-27 13:43,7.0,41.3873702,-81.2051868,True,False,False,S313674153,
amhgul1,American Herring Gull,Larus smithsonianus,L7046971,LaDue Reservoir--Boathouse,2026-03-27 13:43,8.0,41.3873702,-81.2051868,True,False,False,S313674153,
y00475,American Coot,Fulica americana,L7046971,LaDue Reservoir--Boathouse,2026-03-27 13:43,36.0,41.3873702,-81.2051868,True,False,False,S313674153,
commer,Common Merganser,Mergus merganser,L11042471,Mountain St. Reservoir,2026-03-27 13:43,1.0,42.4014278,-72.6735694,True,False,False,S313672080,
rebmer,Red-breasted Merganser,Mergus serrator,L7046971,LaDue Reservoir--Boathouse,2026-03-27 13:43,17.0,41.3873702,-81.2051868,True,False,False,S313674153,
comloo,Common Loon,Gavia immer,L7046971,LaDue Reservoir--Boathouse,2026-03-27 13:43,2.0,41.3873702,-81.2051868,True,False,False,S313674153,
horgre,Horned Grebe,Podiceps auritus,L7046971,LaDue Reservoir--Boathouse,2026-03-27 13:43,4.0,41.3873702,-81.2051868,True,False,False,S313674153,
rudduc,Ruddy Duck,Oxyura jamaicensis,L7046971,LaDue Reservoir--Boathouse,2026-03-27 13:43,8.0,41.3873702,-81.2051868,True,False,False,S313674153,
tunswa,Tundra Swan,Cygnus columbianus,L14932434,"7763 Lynn Ave, Evart US-MI 43.92157, -85.24197",2026-03-27 13:43,73.0,43.921566,-85.241966,True,False,True,S313669743,
tunswa,Tundra Swan,Cygnus columbianus,L61129032,"125–145 Miramichi Bay Rd, Saugeen Shores CA-ON 44.46988, -81.38934",2026-03-27 13:41,30.0,44.469884,-81.389337,True,False,True,S313671721,
buggna,Blue-gray Gnatcatcher,Polioptila caerulea,L33475109,Summerfield,2026-03-27 13:41,1.0,36.17111,-79.91527,True,False,True,S313669255,
greyel,Greater Yellowlegs,Tringa melanoleuca,L1114075,Frank Melville Memorial Park and Mill Pond,2026-03-27 13:41,,40.946195,-73.1156445,True,False,False,S313674624,
brnthr,Brown Thrasher,Toxostoma rufum,L228433,Lenape Park,2026-03-27 13:41,1.0,40.6739128,-74.3146404,True,False,False,S313672616,
rehwoo,Red-headed Woodpecker,Melanerpes erythrocephalus,L12951457,Painted Hills Lake Community,2026-03-27 13:41,1.0,39.39912,-86.352548,True,False,True,S313672418,
wooduc,Wood Duck,Aix sponsa,L12951457,Painted Hills Lake Community,2026-03-27 13:41,3.0,39.39912,-86.352548,True,False,True,S313672418,
fiespa,Field Sparrow,Spizella pusilla,L228433,Lenape Park,2026-03-27 13:41,1.0,40.6739128,-74.3146404,True,False,False,S313672616,
ruckin,Ruby-crowned Kinglet,Corthylio calendula,L1114075,Frank Melville Memorial Park and Mill Pond,2026-03-27 13:41,,40.946195,-73.1156445,True,False,False,S313674624,
wooduc,Wood Duck,Aix sponsa,L20728680,Stouffville Conservation Area,2026-03-27 13:40,1.0,43.979339,-79.247352,True,False,True,S313673207,
gnwtea,Green-winged Teal,Anas crecca,L61128401,"6000–6998 N Winn Rd, Farwell US-MI 43.73772, -84.90839",2026-03-27 13:40,5.0,43.737724,-84.908391,True,False,True,S313669027,
comrav,Common Raven,Corvus corax,L31019570,"SGL305 Pulloff Parking Lot, Deer Pit Trail, Boiling Springs US-PA 40.11813, -77.12698",2026-03-27 13:40,2.0,40.11813,-77.126984,True,False,True,S313670951,
carchi,Carolina Chickadee,Poecile carolinensis,L31019570,"SGL305 Pulloff Parking Lot, Deer Pit Trail, Boiling Springs US-PA 40.11813, -77.12698",2026-03-27 13:40,1.0,40.11813,-77.126984,True,False,True,S313670951,
chispa,Chipping Sparrow,Spizella passerina,L57749277,Wales Residence,2026-03-27 13:40,2.0,33.5622217,-81.7701023,True,False,True,S313668937,
truswa,Trumpeter Swan,Cygnus buccinator,L20728680,Stouffville Conservation Area,2026-03-27 13:40,2.0,43.979339,-79.247352,True,False,True,S313673207,
ambduc,American Black Duck,Anas rubripes,L160796,Dorchester--Sewage Lagoon,2026-03-27 13:40,26.0,45.9090855,-64.5198598,True,False,False,S313653871,
amewig,American Wigeon,Mareca americana,L20728680,Stouffville Conservation Area,2026-03-27 13:40,4.0,43.979339,-79.247352,True,False,True,S313673207,
rinphe1,Ring-necked Pheasant,Phasianus colchicus,L12845113,"Bio Fuels, Onslow, NS",2026-03-27 13:39,1.0,45.3911948,-63.295261,True,False,True,S313651278,N
blkgui,Black Guillemot,Cepphus grylle,L61125986,Deer Island Ferry Terminal,2026-03-27 13:38,8.0,45.0237992,-66.9386776,True,False,True,S313658290,
musduc,Muscovy Duck,Cairina moschata,L1953033,KY Department of Fish and Wildlife Resources Headquarters,2026-03-27 13:37,2.0,38.1762666,-84.9238014,True,False,False,S313671262,X
buwtea,Blue-winged Teal,Spatula discors,L1953033,KY Department of Fish and Wildlife Resources Headquarters,2026-03-27 13:37,1.0,38.1762666,-84.9238014,True,False,False,S313671262,
pilwoo,Pileated Woodpecker,Dryocopus pileatus,L1480292,"Hockanum River Linear Park Trail, East Hartford",2026-03-27 13:36,1.0,41.7702442,-72.6368289,True,False,False,S313671372,
ambduc,American Black Duck,Anas rubripes,L40887699,East Quogue Marine Park,2026-03-27 13:36,8.0,40.841361,-72.5724305,True,False,False,S313671376,
easmea,Eastern Meadowlark,Sturnella magna,L39848052,School,2026-03-27 13:36,2.0,28.240261,-82.3272294,True,False,True,S313669793,
gresca,Greater Scaup,Aythya marila,L61128270,Belvédère,2026-03-27 13:33,21.0,45.4368876,-73.5819535,True,False,True,S313668386,
bohwax,Bohemian Waxwing,Bombycilla garrulus,L1870007,RN Clarke Sydenham,2026-03-27 13:33,60.0,45.4670112,-74.1607994,True,False,False,S313666885,
amewoo,American Woodcock,Scolopax minor,L683555,Bryant Park (5th-6th Ave. btwn 40th-42nd St.),2026-03-27 13:33,1.0,40.7536729,-73.9832322,True,False,False,S313668296,
snogoo,Snow Goose,Anser caerulescens,L6329938,East Ithaca Nature Preserve,2026-03-27 13:33,1.0,42.4257374,-76.4575052,True,False,False,S313667040,
monpar,Monk Parakeet,Myiopsitta monachus,L15772703,"14 39th Avenue, New York, US (40.765, -73.773)",2026-03-27 13:32,3.0,40.7648993,-73.7731215,True,False,True,S313666528,N
pinwar,Pine Warbler,Setophaga pinus,L853953,Messick Road Boat Ramp,2026-03-27 13:32,1.0,38.1934026,-75.8844137,True,False,False,S313667101,
houfin,House Finch,Haemorhous mexicanus,L59878447,"316 Maitland Ave, Peterborough CA-ON 44.30215, -78.33187",2026-03-27 13:31,6.0,44.302151,-78.331866,True,False,True,S313666287,N
killde,Killdeer,Charadrius vociferus,L4731055,Williamsburg-Jamestown Airport,2026-03-27 13:30,1.0,37.243082,-76.71864,True,False,False,S313667301,
sancra,Sandhill Crane,Antigone canadensis,L576880,Three Oaks Sewage Ponds,2026-03-27 13:29,,41.8029582,-86.6293806,True,False,False,S313673260,
gresca,Greater Scaup,Aythya marila,L576880,Three Oaks Sewage Ponds,2026-03-27 13:29,22.0,41.8029582,-86.6293806,True,False,False,S313673260,
redhea,Redhead,Aythya americana,L576880,Three Oaks Sewage Ponds,2026-03-27 13:29,15.0,41.8029582,-86.6293806,True,False,False,S313673260,
foxspa,Fox Sparrow,Passerella iliaca,L1976291,Monroe County/Kettle Creek EEC,2026-03-27 13:28,2.0,40.9889285,-75.2959263,True,False,False,S313670374,
mutswa,Mute Swan,Cygnus olor,L389647,South Pond,2026-03-27 13:28,2.0,42.2680362,-83.6880541,True,False,False,S313668355,N
yetwar,Yellow-throated Warbler,Setophaga dominica,L27587461,May Forest State Park,2026-03-27 13:28,1.0,32.7497548,-79.905789,True,False,False,S313667193,
grnher,Green Heron,Butorides virescens,L28141411,"NW Haulover Rd, Titusville US-FL 28.73104, -80.76088",2026-03-27 13:27,1.0,28.731043,-80.760883,True,False,True,S313671792,
royter1,Royal Tern,Thalasseus maximus,L28141411,"NW Haulover Rd, Titusville US-FL 28.73104, -80.76088",2026-03-27 13:27,6.0,28.731043,-80.760883,True,False,True,S313671792,
limpki,Limpkin,Aramus guarauna,L1397299,LeRoy Wright Park,2026-03-27 13:27,2.0,28.371018,-80.8724556,True,False,False,S313670138,
libher,Little Blue Heron,Egretta caerulea,L28141411,"NW Haulover Rd, Titusville US-FL 28.73104, -80.76088",2026-03-27 13:27,3.0,28.731043,-80.760883,True,False,True,S313671792,
logshr,Loggerhead Shrike,Lanius ludovicianus,L1397299,LeRoy Wright Park,2026-03-27 13:27,1.0,28.371018,-80.8724556,True,False,False,S313670138,
rosspo1,Roseate Spoonbill,Platalea ajaja,L28141411,"NW Haulover Rd, Titusville US-FL 28.73104, -80.76088",2026-03-27 13:27,7.0,28.731043,-80.760883,True,False,True,S313671792,
snoegr,Snowy Egret,Egretta thula,L28141411,"NW Haulover Rd, Titusville US-FL 28.73104, -80.76088",2026-03-27 13:27,5.0,28.731043,-80.760883,True,False,True,S313671792,
gloibi,Glossy Ibis,Plegadis falcinellus,L28141411,"NW Haulover Rd, Titusville US-FL 28.73104, -80.76088",2026-03-27 13:27,1.0,28.731043,-80.760883,True,False,True,S313671792,
forter,Forster's Tern,Sterna forsteri,L28141411,"NW Haulover Rd, Titusville US-FL 28.73104, -80.76088",2026-03-27 13:27,5.0,28.731043,-80.760883,True,False,True,S313671792,
triher,Tricolored Heron,Egretta tricolor,L28141411,"NW Haulover Rd, Titusville US-FL 28.73104, -80.76088",2026-03-27 13:27,5.0,28.731043,-80.760883,True,False,True,S313671792,
caster1,Caspian Tern,Hydroprogne caspia,L28141411,"NW Haulover Rd, Titusville US-FL 28.73104, -80.76088",2026-03-27 13:27,1.0,28.731043,-80.760883,True,False,True,S313671792,
redegr,Reddish Egret,Egretta rufescens,L28141411,"NW Haulover Rd, Titusville US-FL 28.73104, -80.76088",2026-03-27 13:27,1.0,28.731043,-80.760883,True,False,True,S313671792,
nrwswa,Northern Rough-winged Swallow,Stelgidopteryx serripennis,L61128122,Yuma Public Boat Access,2026-03-27 13:27,2.0,36.61256,-82.582835,True,False,True,S313667735,
willet1,Willet,Tringa semipalmata,L28141411,"NW Haulover Rd, Titusville US-FL 28.73104, -80.76088",2026-03-27 13:27,5.0,28.731043,-80.760883,True,False,True,S313671792,
balori,Baltimore Oriole,Icterus galbula,L986922,Eddie's Backyard,2026-03-27 13:27,1.0,35.7703241,-78.8218188,True,False,True,S313670960,
amwpel,American White Pelican,Pelecanus erythrorhynchos,L28141411,"NW Haulover Rd, Titusville US-FL 28.73104, -80.76088",2026-03-27 13:27,20.0,28.731043,-80.760883,True,False,True,S313671792,
woosto,Wood Stork,Mycteria americana,L28141411,"NW Haulover Rd, Titusville US-FL 28.73104, -80.76088",2026-03-27 13:27,2.0,28.731043,-80.760883,True,False,True,S313671792,
whbnut,White-breasted Nuthatch,Sitta carolinensis,L58323533,"The Arboretum - University of Guelph, Guelph CA-ON 43.53715, -80.21857",2026-03-27 13:26,1.0,43.537146,-80.218566,True,False,True,S313672717,
herthr,Hermit Thrush,Catharus guttatus,L17294246,Magothy Greenway,2026-03-27 13:26,2.0,39.1029818,-76.4914826,True,False,False,S313670043,
eastow,Eastern Towhee,Pipilo erythrophthalmus,L61129530,Caswell’s Landing Nature Park,2026-03-27 13:25,1.0,35.427137,-77.588696,True,False,True,S313674038,
lotduc,Long-tailed Duck,Clangula hyemalis,L284164,Veteran's Memorial Park,2026-03-27 13:25,5.0,41.0977639,-73.4098444,True,False,False,S313665140,
pecsan,Pectoral Sandpiper,Calidris melanotos,L6643514,Schoenherr and 28 Mile Rd. fields,2026-03-27 13:25,3.0,42.7413507,-82.9928141,True,False,False,S313667960,
buhvir,Blue-headed Vireo,Vireo solitarius,L13760625,"6596 Fairway View Trail, Roanoke US-VA 37.24764, -80.05818",2026-03-27 13:25,1.0,37.247641,-80.058185,True,False,True,S313666076,
perfal,Peregrine Falcon,Falco peregrinus,L61127513,"477 FDR Drive, New York, New York, US (40.714, -73.978)",2026-03-27 13:24,1.0,40.7140351,-73.9775839,True,False,True,S313664988,
snogoo,Snow Goose,Anser caerulescens,L8956929,Fourth Line Rd and Callendor Rd flooded fields,2026-03-27 13:24,1.0,45.1058517,-75.6826043,True,False,False,S313664187,
killde,Killdeer,Charadrius vociferus,L39018674,Home-My Yard,2026-03-27 13:24,1.0,44.2582884,-77.4410015,True,False,True,S313663970,
barswa,Barn Swallow,Hirundo rustica,L61127738,"4331 Burnt Hickory Rd NW, Marietta US-GA 33.97245, -84.67780",2026-03-27 13:23,3.0,33.972447,-84.677796,True,False,True,S313665970,
orcwar,Orange-crowned Warbler,Leiothlypis celata,L61127738,"4331 Burnt Hickory Rd NW, Marietta US-GA 33.97245, -84.67780",2026-03-27 13:23,1.0,33.972447,-84.677796,True,False,True,S313665970,
bnhnut,Brown-headed Nuthatch,Sitta pusilla,L61127738,"4331 Burnt Hickory Rd NW, Marietta US-GA 33.97245, -84.67780",2026-03-27 13:23,1.0,33.972447,-84.677796,True,False,True,S313665970,
comgol,Common Goldeneye,Bucephala clangula,L165354,Shelburne Bay,2026-03-27 13:23,2.0,44.4029098,-73.2323716,True,False,False,S313666944,
brant,Brant,Branta bernicla,L28795885,"Morris YC City Island NY 40.83799, -73.78338",2026-03-27 13:23,10.0,40.837991,-73.783381,True,False,True,S313670247,
houwre,Northern House Wren,Troglodytes aedon,L61127738,"4331 Burnt Hickory Rd NW, Marietta US-GA 33.97245, -84.67780",2026-03-27 13:23,1.0,33.972447,-84.677796,True,False,True,S313665970,
chiswi,Chimney Swift,Chaetura pelagica,L26513960,"Middleton Park, Goose Creek US-SC 33.00730, -80.05723",2026-03-27 13:22,1.0,33.007297,-80.057232,True,False,True,S313663238,
whevir,White-eyed Vireo,Vireo griseus,L955156,Cypress Lake Plantation (Dodge Co.),2026-03-27 13:21,2.0,32.0124701,-83.2364023,True,False,False,S313666073,
blksco2,Black Scoter,Melanitta americana,L138043,Goldsmiths Inlet,2026-03-27 13:21,5.0,41.0541647,-72.4740449,True,False,False,S313665054,
yetvir,Yellow-throated Vireo,Vireo flavifrons,L955156,Cypress Lake Plantation (Dodge Co.),2026-03-27 13:21,2.0,32.0124701,-83.2364023,True,False,False,S313666073,
louwat,Louisiana Waterthrush,Parkesia motacilla,L15037501,Long Mill Road Pond,2026-03-27 13:21,1.0,36.0958107,-78.4957648,True,False,False,S313669184,
dunlin,Dunlin,Calidris alpina,L271098,Bethel Beach Natural Area Preserve,2026-03-27 13:20,20.0,37.4106814,-76.2503958,True,False,False,S313669654,
ameoys,American Oystercatcher,Haematopus palliatus,L271098,Bethel Beach Natural Area Preserve,2026-03-27 13:20,2.0,37.4106814,-76.2503958,True,False,False,S313669654,
doccor,Double-crested Cormorant,Nannopterum auritum,L61127098,"316 Ch du Fleuve, Coteau-du-Lac CA-QC 45.28998, -74.17665",2026-03-27 13:20,1.0,45.289978,-74.17665,True,False,True,S313663034,
sander,Sanderling,Calidris alba,L271098,Bethel Beach Natural Area Preserve,2026-03-27 13:20,30.0,37.4106814,-76.2503958,True,False,False,S313669654,
palwar,Palm Warbler,Setophaga palmarum,L59935511,Bogart Library,2026-03-27 13:19,,33.94485,-83.5317214,True,False,True,S313664818,
grbher3,Great Blue Heron,Ardea herodias,L10987607,Rue Bissonnette,2026-03-27 13:19,2.0,45.2005481,-73.261692,True,False,False,S313668100,
comeid,Common Eider,Somateria mollissima,L231739,Trustom Pond NWR--Moonstone Beach,2026-03-27 13:19,1.0,41.3704727,-71.5751266,True,False,False,S313671124,
amewig,American Wigeon,Mareca americana,L231739,Trustom Pond NWR--Moonstone Beach,2026-03-27 13:19,3.0,41.3704727,-71.5751266,True,False,False,S313671124,
cacgoo1,Cackling Goose,Branta hutchinsii,L61126841,VA pond,2026-03-27 13:18,2.0,43.015742,-78.195974,True,False,True,S313661936,
pilwoo,Pileated Woodpecker,Dryocopus pileatus,L59647682,Chapman Loop,2026-03-27 13:18,1.0,43.929108,-77.083969,True,False,True,S313667457,
bkhpar,Nanday Parakeet,Aratinga nenday,L581427,Fort DeSoto County Park - North Beach,2026-03-27 13:17,2.0,27.6440551,-82.7422643,True,False,True,S313670164,N
bawwar,Black-and-white Warbler,Mniotilta varia,L581427,Fort DeSoto County Park - North Beach,2026-03-27 13:17,2.0,27.6440551,-82.7422643,True,False,True,S313670164,
flsjay,Florida Scrub-Jay,Aphelocoma coerulescens,L61126887,"Forest Service Road 50, Fort McCoy US-FL 29.30767, -81.77250",2026-03-27 13:17,3.0,29.307673,-81.772503,True,False,True,S313662098,
bcnher,Black-crowned Night Heron,Nycticorax nycticorax,L2676909,Harris Neck NWR--Woody Pond,2026-03-27 13:16,1.0,31.6296511,-81.277985,True,False,False,S313672448,
whcspa,White-crowned Sparrow,Zonotrichia leucophrys,L61128274,Lauren’s house,2026-03-27 13:16,2.0,40.70608,-75.353629,True,False,True,S313668415,
brncre,Brown Creeper,Certhia americana,L280147,Fields Pond Audubon Center,2026-03-27 13:16,1.0,44.7386861,-68.7275076,True,False,False,S313670392,
gockin,Golden-crowned Kinglet,Regulus satrapa,L728562,Kitchener--Huron Natural Area,2026-03-27 13:15,1.0,43.3952566,-80.4827499,True,False,False,S313672359,
pinsis,Pine Siskin,Spinus pinus,L10468938,EARLY SANCTUARY,2026-03-27 13:15,3.0,39.5567519,-83.784666,True,False,True,S313667821,
redpol1,Redpoll,Acanthis flammea,L61127302,"95–199 Rue Dubé, St-Ignace-de-Loyola CA-QC 46.05881, -73.13420",2026-03-27 13:14,3.0,46.058809,-73.134196,True,False,True,S313664070,
brdowl,Barred Owl,Strix varia,L61114625,Red Fox Run (private location),2026-03-27 13:14,1.0,32.633371,-84.382924,True,False,True,S313660440,
vesspa,Vesper Sparrow,Pooecetes gramineus,L61126563,"6765–7023 E Mahalasville Rd, Morgantown US-IN 39.35599, -86.29897",2026-03-27 13:14,3.0,39.355992,-86.298969,True,False,True,S313660752,
norpin,Northern Pintail,Anas acuta,L740100,Pine Island Road / Colchester Intervale,2026-03-27 13:14,6.0,44.5213869,-73.2158518,True,False,False,S313671727,
horlar,Horned Lark,Eremophila alpestris,L12889724,"Farnham Rd, Rugby fields",2026-03-27 13:13,2.0,45.3909513,-63.2691461,True,False,True,S313641624,
wiltur,Wild Turkey,Meleagris gallopavo,L61126498,"2404 Boul Ste-Sophie, Ste-Sophie CA-QC (45.8189,-73.9025)",2026-03-27 13:13,4.0,45.818864,-73.902466,True,False,True,S313660464,N
haiwoo,Hairy Woodpecker,Leuconotopicus villosus,L2088071,Strouss Rd.,2026-03-27 13:13,1.0,40.4753551,-80.3275198,True,False,False,S313670074,
commyn,Common Myna,Acridotheres tristis,L61126995,Berry Fresh Cafe,2026-03-27 13:12,2.0,26.8459639,-80.0591271,True,False,True,S313662555,N
rusbla,Rusty Blackbird,Euphagus carolinus,L14447754,Brandle Rd patch,2026-03-27 13:11,2.0,42.698671,-74.021031,True,False,True,S313659650,
swaspa,Swamp Sparrow,Melospiza georgiana,L29348706,Hayes Historical Site Edenton NC,2026-03-27 13:11,1.0,36.0514221,-76.6033978,True,False,True,S313672940,
wilsni1,Wilson's Snipe,Gallinago delicata,L30134430,West Lafayette - Connection Point Church marsh,2026-03-27 13:10,1.0,40.453432,-86.947442,True,False,True,S313667127,
grcfly,Great Crested Flycatcher,Myiarchus crinitus,L43664076,Plummer Creek Preserve,2026-03-27 13:09,1.0,30.6078547,-81.6524135,True,False,True,S313664756,
rolhaw,Rough-legged Hawk,Buteo lagopus,L61126221,"I-88 E, Delanson US-NY 42.72176, -74.24557",2026-03-27 13:08,1.0,42.72176,-74.245565,True,False,True,S313659260,
purmar,Purple Martin,Progne subis,L2335265,Eagle Creek Park--Marina,2026-03-27 13:06,2.0,39.8644046,-86.302886,True,False,False,S313659789,
amepip,American Pipit,Anthus rubescens,L4485508,"Krause Rd., Centerburg",2026-03-27 13:05,50.0,40.305771,-82.669391,True,False,False,S313664526,
redpol1,Redpoll,Acanthis flammea,L58759359,8th Avenue Walk,2026-03-27 13:05,1.0,47.1163775,-88.5553408,True,False,True,S313668969,
prawar,Prairie Warbler,Setophaga discolor,L61127325,"Auto selected 25.78833, -81.41872 Jewel Key",2026-03-27 13:04,1.0,25.788326,-81.418722,True,False,True,S313664183,
rolhaw,Rough-legged Hawk,Buteo lagopus,L10430108,"1292–1334 Rang Saint-Michel, Saint-Ignace-de-Loyola CA-QC (46,0726,-73,0985)",2026-03-27 13:04,1.0,46.072598,-73.09851,True,False,True,S313658278,
redjun,Red Junglefowl,Gallus gallus,L825761,White St. Pier,2026-03-27 13:04,3.0,24.5453909,-81.7830902,True,False,False,S313670821,X
brncre,Brown Creeper,Certhia americana,L3036593,Canal de Ste-Anne-de-Bellevue,2026-03-27 13:04,1.0,45.4044792,-73.9559848,True,False,False,S313673557,
eucdov,Eurasian Collared-Dove,Streptopelia decaocto,L825761,White St. Pier,2026-03-27 13:04,3.0,24.5453909,-81.7830902,True,False,False,S313670821,N
hoowar,Hooded Warbler,Setophaga citrina,L61126715,Mike-Charlie,2026-03-27 13:03,,33.294233,-84.808011,True,False,True,S313661417,
sursco,Surf Scoter,Melanitta perspicillata,L850119,Owls Head SP,2026-03-27 13:03,3.0,44.0912069,-69.045242,True,False,False,S313665052,
glagul,Glaucous Gull,Larus hyperboreus,L7933262,"Halte municipale, Ste-Geneviève-de-Berthier",2026-03-27 13:02,3.0,46.0319106,-73.1808061,True,False,False,S313668988,
sancra,Sandhill Crane,Antigone canadensis,L41473423,"Sideroad 20, Arran-Elderslie CA-ON 44.51825, -81.20975",2026-03-27 13:02,4.0,44.518246,-81.209755,True,False,True,S313658629,
bkbwoo,Black-backed Woodpecker,Picoides arcticus,L12801578,Sentier des Caps de Charlevoix (Secteur Charlevoix)--Accueil<->Refuge l'Abattis,2026-03-27 13:00,1.0,47.267999,-70.627034,True,False,False,S313656391,
foxspa,Fox Sparrow,Passerella iliaca,L4820420,Grand Manan--Hole-in-the-Wall Park & Campground,2026-03-27 13:00,1.0,44.768522,-66.7424154,True,False,False,S313657845,
rufgro,Ruffed Grouse,Bonasa umbellus,L61124053,Ross Creek ATV Trails,2026-03-27 12:59,2.0,45.21205,-64.421302,True,False,True,S313649918,
easkin,Eastern Kingbird,Tyrannus tyrannus,L1038436,Everglades NP--Research Road (end),2026-03-27 12:58,1.0,25.3707071,-80.6862223,True,False,False,S313660029,
amebit,American Bittern,Botaurus lentiginosus,L61129533,"75159, Seagoville US-TX 32.60179, -96.49788",2026-03-27 12:57,1.0,32.601795,-96.497884,True,False,True,S313674061,
truswa,Trumpeter Swan,Cygnus buccinator,L61129513,"W2171–W2227 CTH-VV, Seymour US-WI 44.55761, -88.28841",2026-03-27 12:57,4.0,44.557612,-88.288405,True,False,True,S313673985,
reevir1,Red-eyed Vireo,Vireo olivaceus,L35877012,Marion Road,2026-03-27 12:55,1.0,33.0938497,-80.4659272,True,False,True,S313669594,
shbdow,Short-billed Dowitcher,Limnodromus griseus,L5754209,Ted Moorhead Lagoon House,2026-03-27 12:55,1.0,28.0596792,-80.5908322,True,False,False,S313659574,
norgan,Northern Gannet,Morus bassanus,L449937,Chance Inlet,2026-03-27 12:55,9.0,38.1685743,-75.9484005,True,False,False,S313662270,
norfli,Northern Flicker,Colaptes auratus,L405203,Stoney Creek--Edgelake Park,2026-03-27 12:55,1.0,43.2422641,-79.7291565,True,False,False,S313667174,
orcwar,Orange-crowned Warbler,Leiothlypis celata,L59771765,Home,2026-03-27 12:55,1.0,44.634477,-63.631739,True,False,True,S313633767,
comyel,Common Yellowthroat,Geothlypis trichas,L57372613,"Powder Springs US-GA 33.82416, -84.71663",2026-03-27 12:55,1.0,33.824163,-84.716628,True,False,True,S313671875,
lbbgul,Lesser Black-backed Gull,Larus fuscus,L275422,Huron Harbor--West Pier,2026-03-27 12:52,1.0,41.3991341,-82.5496387,True,False,False,S313657232,
goleag,Golden Eagle,Aquila chrysaetos,L2149768,RNF du Lac-St-François--Secteur de la Digue aux Aigrettes,2026-03-27 12:52,1.0,45.0442368,-74.4518137,True,False,False,S313674123,
yetwar,Yellow-throated Warbler,Setophaga dominica,L56950767,"Plaza de la Reforma, Cancún MX-Q. Roo. 21.16117, -86.82525",2026-03-27 12:51,1.0,21.161167,-86.825248,True,False,True,S313674274,
grtgra,Great-tailed Grackle,Quiscalus mexicanus,L56950767,"Plaza de la Reforma, Cancún MX-Q. Roo. 21.16117, -86.82525",2026-03-27 12:51,10.0,21.161167,-86.825248,True,False,True,S313674274,
coukin,Couch's Kingbird,Tyrannus couchii,L56950767,"Plaza de la Reforma, Cancún MX-Q. Roo. 21.16117, -86.82525",2026-03-27 12:51,2.0,21.161167,-86.825248,True,False,True,S313674274,
eucdov,Eurasian Collared-Dove,Streptopelia decaocto,L56950767,"Plaza de la Reforma, Cancún MX-Q. Roo. 21.16117, -86.82525",2026-03-27 12:51,14.0,21.161167,-86.825248,True,False,True,S313674274,N
rthhum,Ruby-throated Hummingbird,Archilochus colubris,L13593933,My Yard,2026-03-27 12:51,1.0,33.5138378,-84.7415802,True,False,True,S313653720,
rocpig,Rock Pigeon,Columba livia,L56950767,"Plaza de la Reforma, Cancún MX-Q. Roo. 21.16117, -86.82525",2026-03-27 12:51,24.0,21.161167,-86.825248,True,False,True,S313674274,N
whwdov,White-winged Dove,Zenaida asiatica,L56950767,"Plaza de la Reforma, Cancún MX-Q. Roo. 21.16117, -86.82525",2026-03-27 12:51,2.0,21.161167,-86.825248,True,False,True,S313674274,
grhowl,Great Horned Owl,Bubo virginianus,L24255389,Bain Park,2026-03-27 12:50,1.0,41.4381259,-81.8564701,True,False,False,S313667144,
bohwax,Bohemian Waxwing,Bombycilla garrulus,L3810398,UVM campus,2026-03-27 12:50,2.0,44.4782582,-73.1973553,True,False,False,S313658332,
shthaw,Short-tailed Hawk,Buteo brachyurus,L61124725,"1551 Dorgali Drive, Sarasota, Florida, US (27.215, -82.456)",2026-03-27 12:50,1.0,27.214984,-82.4563641,True,False,True,S313652904,
mutswa,Mute Swan,Cygnus olor,L469656,Oshawa--Harbour,2026-03-27 12:50,3.0,43.8653517,-78.8227844,True,False,False,S313668671,N
sctfly,Scissor-tailed Flycatcher,Tyrannus forficatus,L4448993,Austonito TX21 picnic area,2026-03-27 12:49,1.0,31.1903479,-95.6353158,True,False,False,S313672100,
swtkit,Swallow-tailed Kite,Elanoides forficatus,L61125877,"I-95 N, Mims US-FL 28.70185, -80.88425",2026-03-27 12:49,1.0,28.701849,-80.884254,True,False,True,S313657839,
marwre,Marsh Wren,Cistothorus palustris,L589206,Andrews Island Causeway,2026-03-27 12:48,4.0,31.16246,-81.50159,True,False,False,S313660356,
whwdov,White-winged Dove,Zenaida asiatica,L23457901,"Front Of Home, Keller, Texas, US (32.944, -97.243)",2026-03-27 12:48,4.0,32.9435977,-97.242559,True,False,True,S313672563,
clarai11,Clapper Rail,Rallus crepitans,L589206,Andrews Island Causeway,2026-03-27 12:48,2.0,31.16246,-81.50159,True,False,False,S313660356,
norgan,Northern Gannet,Morus bassanus,L61123783,"Mar 27, 2026 2:07 p.m.
42.453, -66.44",2026-03-27 12:47,2.0,42.4534748,-66.4403903,True,False,True,S313648706,
bknsti,Black-necked Stilt,Himantopus mexicanus,L234146,The Celery Fields,2026-03-27 12:47,2.0,27.3253186,-82.4336821,True,False,False,S313668910,
lesyel,Lesser Yellowlegs,Tringa flavipes,L234146,The Celery Fields,2026-03-27 12:47,2.0,27.3253186,-82.4336821,True,False,False,S313668910,
thbmur,Thick-billed Murre,Uria lomvia,L61123783,"Mar 27, 2026 2:07 p.m.
42.453, -66.44",2026-03-27 12:47,1.0,42.4534748,-66.4403903,True,False,True,S313648706,
x00422,Mallard x Mottled Duck (hybrid),Anas platyrhynchos x fulvigula,L17750575,"Keller Circle Water Treatment , Tarpon Springs, Florida, US (28.155, -82.675)",2026-03-27 12:47,2.0,28.154775,-82.6753592,True,False,True,S313658284,
purswa3,Gray-headed Swamphen,Porphyrio poliocephalus,L234146,The Celery Fields,2026-03-27 12:47,2.0,27.3253186,-82.4336821,True,False,False,S313668910,N
purgal2,Purple Gallinule,Porphyrio martinica,L234146,The Celery Fields,2026-03-27 12:47,3.0,27.3253186,-82.4336821,True,False,False,S313668910,
savspa,Savannah Sparrow,Passerculus sandwichensis,L61123783,"Mar 27, 2026 2:07 p.m.
42.453, -66.44",2026-03-27 12:47,1.0,42.4534748,-66.4403903,True,False,True,S313648706,
pipplo,Piping Plover,Charadrius melodus,L514035,Winthrop Beach and Five Sisters,2026-03-27 12:46,1.0,42.3747938,-70.9681878,True,False,False,S313658221,
cliswa,Cliff Swallow,Petrochelidon pyrrhonota,L61129389,"130 Bridge Nortn Of Kelly Lane, Pflugerville, Texas, US (30.469, -97.59)",2026-03-27 12:46,16.0,30.469496,-97.5896437,True,False,True,S313673447,
belkin1,Belted Kingfisher,Megaceryle alcyon,L1526715,Waterloo--Columbia Lake trails,2026-03-27 12:44,2.0,43.4778555,-80.5594766,True,False,False,S313657403,
egygoo,Egyptian Goose,Alopochen aegyptiaca,L3246124,Dr. Robert A. Anderson Stormwater Park,2026-03-27 12:43,1.0,28.3466196,-80.7497614,True,False,False,S313657557,N
buwtea,Blue-winged Teal,Spatula discors,L9838354,"Brant Park-Floodplain Wetlands, Ontario, CA (43.155, -80.298)",2026-03-27 12:42,2.0,43.1549865,-80.2979369,True,False,True,S313656007,
easblu,Eastern Bluebird,Sialia sialis,L9838354,"Brant Park-Floodplain Wetlands, Ontario, CA (43.155, -80.298)",2026-03-27 12:42,1.0,43.1549865,-80.2979369,True,False,True,S313656007,
gadwal,Gadwall,Mareca strepera,L9838354,"Brant Park-Floodplain Wetlands, Ontario, CA (43.155, -80.298)",2026-03-27 12:42,2.0,43.1549865,-80.2979369,True,False,True,S313656007,
norsho,Northern Shoveler,Spatula clypeata,L9838354,"Brant Park-Floodplain Wetlands, Ontario, CA (43.155, -80.298)",2026-03-27 12:42,2.0,43.1549865,-80.2979369,True,False,True,S313656007,
grtgra,Great-tailed Grackle,Quiscalus mexicanus,L385293,"Breckenridge Park, Richardson",2026-03-27 12:41,2.0,32.9985862,-96.6341972,True,False,False,S313672506,
savspa,Savannah Sparrow,Passerculus sandwichensis,L13800726,Turkey Creek Preserve,2026-03-27 12:41,1.0,29.7395056,-82.4102659,True,False,False,S313674132,
incdov,Inca Dove,Columbina inca,L1174771,Bentsen-Rio Grande Val. SP--HQ Buildings and Nature Center Area,2026-03-27 12:40,4.0,26.1855061,-98.3797728,True,False,False,S313674387,
cubthr,Curve-billed Thrasher,Toxostoma curvirostre,L1174771,Bentsen-Rio Grande Val. SP--HQ Buildings and Nature Center Area,2026-03-27 12:40,2.0,26.1855061,-98.3797728,True,False,False,S313674387,
bnhcow,Brown-headed Cowbird,Molothrus ater,L17862246,10 Whitfield Crescent - yard,2026-03-27 12:40,1.0,44.583563,-79.859333,True,False,True,S313650621,
norpin,Northern Pintail,Anas acuta,L7463254,Chemin Richelieu,2026-03-27 12:40,9.0,45.4579182,-73.2631552,True,False,True,S313657920,
pibgre,Pied-billed Grebe,Podilymbus podiceps,L7463254,Chemin Richelieu,2026-03-27 12:40,1.0,45.4579182,-73.2631552,True,False,True,S313657920,
gofwoo,Golden-fronted Woodpecker,Melanerpes aurifrons,L1174771,Bentsen-Rio Grande Val. SP--HQ Buildings and Nature Center Area,2026-03-27 12:40,2.0,26.1855061,-98.3797728,True,False,False,S313674387,
placha,Plain Chachalaca,Ortalis vetula,L1174771,Bentsen-Rio Grande Val. SP--HQ Buildings and Nature Center Area,2026-03-27 12:40,2.0,26.1855061,-98.3797728,True,False,False,S313674387,
reshaw,Red-shouldered Hawk,Buteo lineatus,L9097674,Forêt Chantegrive,2026-03-27 12:40,1.0,45.4299735,-75.7756833,True,False,False,S313664889,
grnjay,Green Jay,Cyanocorax yncas,L1174771,Bentsen-Rio Grande Val. SP--HQ Buildings and Nature Center Area,2026-03-27 12:40,1.0,26.1855061,-98.3797728,True,False,False,S313674387,
amtspa,American Tree Sparrow,Spizelloides arborea,L10873683,Wildcat Park and Landing,2026-03-27 12:40,6.0,43.6868362,-91.2740543,True,False,False,S313672119,
canvas,Canvasback,Aythya valisineria,L5535905,Selfridge Public Boat Launch,2026-03-27 12:40,600.0,42.6305798,-82.8199325,True,False,False,S313651137,
bubhum,Buff-bellied Hummingbird,Amazilia yucatanensis,L1174771,Bentsen-Rio Grande Val. SP--HQ Buildings and Nature Center Area,2026-03-27 12:40,1.0,26.1855061,-98.3797728,True,False,False,S313674387,
horgre,Horned Grebe,Podiceps auritus,L15039117,Oakville--Tannery Park,2026-03-27 12:39,1.0,43.440068,-79.6677704,True,False,False,S313660415,
tuftit,Tufted Titmouse,Baeolophus bicolor,L3946232,Pinery PP--Visitor Centre,2026-03-27 12:39,3.0,43.2503293,-81.8494964,True,False,False,S313661812,
carwre,Carolina Wren,Thryothorus ludovicianus,L14099875,Haddon,2026-03-27 12:38,1.0,43.263595,-79.908041,True,False,True,S313649516,
whwsco2,White-winged Scoter,Melanitta deglandi,L2181721,Breitbeck Park,2026-03-27 12:36,23.0,43.4618906,-76.5238523,True,False,False,S313652819,
bacspa,Bachman's Sparrow,Peucaea aestivalis,L61129134,"Auto selected 33.24116, -88.81733",2026-03-27 12:35,4.0,33.241156,-88.817334,True,False,True,S313672221,
blkski,Black Skimmer,Rynchops niger,L1497912,Ryckman Park/Melbourne Beach Pier,2026-03-27 12:35,6.0,28.0682842,-80.5656405,True,False,False,S313663200,
bbwduc,Black-bellied Whistling-Duck,Dendrocygna autumnalis,L129098,High Island--Smith Oaks Sanctuary (UTC 052),2026-03-27 12:35,6.0,29.573681,-94.3898535,True,False,False,S313668870,
whfibi,White-faced Ibis,Plegadis chihi,L129098,High Island--Smith Oaks Sanctuary (UTC 052),2026-03-27 12:35,2.0,29.573681,-94.3898535,True,False,False,S313668870,
perfal,Peregrine Falcon,Falco peregrinus,L61123554,"900 Boulevard René-Lévesque Ouest, Montréal, Québec, CA (45.501, -73.568)",2026-03-27 12:31,2.0,45.5008485,-73.5683065,True,False,True,S313647642,
goleag,Golden Eagle,Aquila chrysaetos,L14602075,"95 Nicholsville Road, Bernhards Bay, New York, US (43.267, -75.947)",2026-03-27 12:31,1.0,43.2665713,-75.9467971,True,False,True,S313674029,
grecor,Great Cormorant,Phalacrocorax carbo,L61120974,"62 Leaman Road, Lambertville, New Brunswick, CA (45.008, -66.94)",2026-03-27 12:31,4.0,45.0081131,-66.940383,True,False,True,S313635572,
brwhaw,Broad-winged Hawk,Buteo platypterus,L261460,Cravens House,2026-03-27 12:30,1.0,35.0138989,-85.3417233,True,False,False,S313671610,
easmea,Eastern Meadowlark,Sturnella magna,L510083,Cambridge--Grass Lake (Paris Cranberry Bog),2026-03-27 12:30,3.0,43.2945122,-80.3497982,True,False,False,S313650835,
ycnher,Yellow-crowned Night Heron,Nyctanassa violacea,L42729576,"The Dunes Golf and Tennis Club, Sanibel US-FL 26.45397, -82.05137",2026-03-27 12:27,2.0,26.453971,-82.051373,True,False,True,S313648446,
whwsco2,White-winged Scoter,Melanitta deglandi,L789226,Stoney Creek--Sayer's Park,2026-03-27 12:23,18.0,43.2450503,-79.7308248,True,False,False,S313652720,
grekis,Great Kiskadee,Pitangus sulphuratus,L2392487,Laguna Vista Nature Trail,2026-03-27 12:23,1.0,26.1009454,-97.29914,True,False,False,S313670010,
rengre,Red-necked Grebe,Podiceps grisegena,L789226,Stoney Creek--Sayer's Park,2026-03-27 12:23,1.0,43.2450503,-79.7308248,True,False,False,S313652720,
sursco,Surf Scoter,Melanitta perspicillata,L789226,Stoney Creek--Sayer's Park,2026-03-27 12:23,5.0,43.2450503,-79.7308248,True,False,False,S313652720,
altori,Altamira Oriole,Icterus gularis,L2392487,Laguna Vista Nature Trail,2026-03-27 12:23,2.0,26.1009454,-97.29914,True,False,False,S313670010,
harduc,Harlequin Duck,Histrionicus histrionicus,L192943,Port George,2026-03-27 12:22,4.0,45.0,-65.1666667,True,False,False,S313641634,
eastow,Eastern Towhee,Pipilo erythrophthalmus,L25881539,trail,2026-03-27 12:21,1.0,43.9259872,-78.8551178,True,False,True,S313643872,
normoc,Northern Mockingbird,Mimus polyglottos,L60134495,"23 River Road, Petitcodiac, New Brunswick, CA (45.931, -65.177)",2026-03-27 12:21,1.0,45.9312361,-65.1770951,True,False,True,S313622470,
gnwtea,Green-winged Teal,Anas crecca,L382650,Long Point--Lee Brown WMA,2026-03-27 12:20,30.0,42.5904364,-80.5008602,True,False,False,S313651452,
lobdow,Long-billed Dowitcher,Limnodromus scolopaceus,L760017,Wharton Co.—FM1162 Co. Line Wetland,2026-03-27 12:17,300.0,29.0701865,-96.1236677,True,False,False,S313674182,
bkbplo,Black-bellied Plover,Pluvialis squatarola,L760017,Wharton Co.—FM1162 Co. Line Wetland,2026-03-27 12:17,2.0,29.0701865,-96.1236677,True,False,False,S313674182,
semsan,Semipalmated Sandpiper,Calidris pusilla,L760017,Wharton Co.—FM1162 Co. Line Wetland,2026-03-27 12:17,15.0,29.0701865,-96.1236677,True,False,False,S313674182,
semplo,Semipalmated Plover,Charadrius semipalmatus,L760017,Wharton Co.—FM1162 Co. Line Wetland,2026-03-27 12:17,2.0,29.0701865,-96.1236677,True,False,False,S313674182,
wessan,Western Sandpiper,Calidris mauri,L760017,Wharton Co.—FM1162 Co. Line Wetland,2026-03-27 12:17,125.0,29.0701865,-96.1236677,True,False,False,S313674182,
y00678,Crested Caracara,Caracara plancus,L61126796,"900 FM-155, Weimar US-TX 29.69018, -96.77654",2026-03-27 12:17,2.0,29.690185,-96.776535,True,False,True,S313661729,
woothr,Wood Thrush,Hylocichla mustelina,L577093,Caddo Lake SP (PPW-E 089),2026-03-27 12:17,1.0,32.6873809,-94.1783493,True,False,False,S313670369,
amgplo,American Golden-Plover,Pluvialis dominica,L760017,Wharton Co.—FM1162 Co. Line Wetland,2026-03-27 12:17,115.0,29.0701865,-96.1236677,True,False,False,S313674182,
leasan,Least Sandpiper,Calidris minutilla,L760017,Wharton Co.—FM1162 Co. Line Wetland,2026-03-27 12:17,275.0,29.0701865,-96.1236677,True,False,False,S313674182,
eutspa,Eurasian Tree Sparrow,Passer montanus,L356923,802 NE 5th Ave,2026-03-27 12:17,1.0,41.208493,-90.7442379,True,False,True,S313668408,N
cintea,Cinnamon Teal,Spatula cyanoptera,L760017,Wharton Co.—FM1162 Co. Line Wetland,2026-03-27 12:17,1.0,29.0701865,-96.1236677,True,False,False,S313674182,
sumtan,Summer Tanager,Piranga rubra,L29241729,"22 Wood Ridge Dr, Ocala US-FL 29.19381, -82.35712",2026-03-27 12:16,1.0,29.193812,-82.357118,True,False,True,S313644395,
rinphe1,Ring-necked Pheasant,Phasianus colchicus,L61126661,"141st Ave, Stewartville US-MN 43.81928, -92.36918",2026-03-27 12:16,1.0,43.819283,-92.369178,True,False,True,S313661192,N
winwre3,Winter Wren,Troglodytes hiemalis,L11819872,Medina Park,2026-03-27 12:15,2.0,41.8014869,-84.2478848,True,False,False,S313669588,
snobun,Snow Bunting,Plectrophenax nivalis,L3841763,"Quai, L'Islet-sur-Mer",2026-03-27 12:14,4.0,47.1341185,-70.3702748,True,False,False,S313657408,
evegro,Evening Grosbeak,Hesperiphona vespertina,L50908206,Emma Street,2026-03-27 12:14,2.0,44.225261,-74.460342,True,False,True,S313651163,
whwcro,White-winged Crossbill,Loxia leucoptera,L3841763,"Quai, L'Islet-sur-Mer",2026-03-27 12:14,4.0,47.1341185,-70.3702748,True,False,False,S313657408,
retloo,Red-throated Loon,Gavia stellata,L218838,Tiscornia Park,2026-03-27 12:12,2.0,42.1151557,-86.4894291,True,False,False,S313650177,
bkbmag1,Black-billed Magpie,Pica hudsonia,L61128385,"91044 Provincial Road 351, Carberry, Manitoba, CA (49.893, -99.549)",2026-03-27 12:12,1.0,49.8927492,-99.5494354,True,False,True,S313668956,
ameavo,American Avocet,Recurvirostra americana,L483019,Bombay Hook NWR--Shearness Pool,2026-03-27 12:11,85.0,39.2684108,-75.4772758,True,False,False,S313653729,
easowl1,Eastern Screech-Owl,Megascops asio,L11257107,"Swan Lake State Park, Carroll US-IA 42.03434, -94.84275",2026-03-27 12:10,1.0,42.034336,-94.842746,True,False,True,S313661995,
sedwre1,Sedge Wren,Cistothorus stellaris,L131632,St. Marks NWR--Panacea Unit--Bottoms Rd.,2026-03-27 12:08,1.0,30.0241521,-84.3681856,True,False,False,S313646008,
seaspa,Seaside Sparrow,Ammospiza maritima,L131632,St. Marks NWR--Panacea Unit--Bottoms Rd.,2026-03-27 12:08,2.0,30.0241521,-84.3681856,True,False,False,S313646008,
wesmea,Western Meadowlark,Sturnella neglecta,L5632548,Kellys Slough Main Ponds,2026-03-27 12:06,6.0,47.9824489,-97.2606873,True,False,True,S313666047,
winwre3,Winter Wren,Troglodytes hiemalis,L15824559,B-Fly,2026-03-27 12:06,1.0,42.9178982,-78.927582,True,False,True,S313640387,
rufgro,Ruffed Grouse,Bonasa umbellus,L2400443,"Little River Community Trail, Belfast",2026-03-27 12:05,1.0,44.3989646,-69.0036303,True,False,False,S313647066,
bktspa,Black-throated Sparrow,Amphispiza bilineata,L61126027,"601–699 US-377, Rocksprings US-TX 30.02094, -100.20512",2026-03-27 12:05,2.0,30.020941,-100.205121,True,False,True,S313658454,
cacgoo1,Cackling Goose,Branta hutchinsii,L23179841,Westminster Drive Flooded Field,2026-03-27 12:05,1.0,42.9079043,-81.1388979,True,False,False,S313640027,
bewwre,Bewick's Wren,Thryomanes bewickii,L61126027,"601–699 US-377, Rocksprings US-TX 30.02094, -100.20512",2026-03-27 12:05,1.0,30.020941,-100.205121,True,False,True,S313658454,
laplon,Lapland Longspur,Calcarius lapponicus,L55707680,"2001–2499 N 9 Mile Rd, Pinconning US-MI 43.80705, -84.06635",2026-03-27 12:04,1.0,43.807048,-84.066353,True,False,True,S313637154,
solsan,Solitary Sandpiper,Tringa solitaria,L794417,Central City Park,2026-03-27 12:03,1.0,32.83515,-83.61818,True,False,False,S313644512,
brdowl,Barred Owl,Strix varia,L1035264,Lindsay--Fleming College (Frost Campus),2026-03-27 12:03,1.0,44.3399182,-78.7388849,True,False,False,S313648242,
sposan,Spotted Sandpiper,Actitis macularius,L2042080,No Name Key--Watson Rd outlook,2026-03-27 12:02,1.0,24.69767,-81.318021,True,False,False,S313645690,
magfri,Magnificent Frigatebird,Fregata magnificens,L4647396,Bridge Street Pier,2026-03-27 12:01,2.0,27.466517,-82.694459,True,False,False,S313658282,
lesgol,Lesser Goldfinch,Spinus psaltria,L56411670,Camp River View,2026-03-27 11:58,9.0,29.566592,-99.72724,True,False,True,S313667267,
bkchum,Black-chinned Hummingbird,Archilochus alexandri,L56411670,Camp River View,2026-03-27 11:58,6.0,29.566592,-99.72724,True,False,True,S313667267,
verfly,Vermilion Flycatcher,Pyrocephalus rubinus,L56411670,Camp River View,2026-03-27 11:58,1.0,29.566592,-99.72724,True,False,True,S313667267,
blctit4,Black-crested Titmouse,Baeolophus atricristatus,L56411670,Camp River View,2026-03-27 11:58,3.0,29.566592,-99.72724,True,False,True,S313667267,
bkbmag1,Black-billed Magpie,Pica hudsonia,L61129524,"22041–22357 SH-371, La Jara US-CO 37.31712, -106.03818",2026-03-27 11:57,1.0,37.317122,-106.038182,True,False,True,S313674016,
laplon,Lapland Longspur,Calcarius lapponicus,L762367,Saltfleet--8th Road East,2026-03-27 11:56,2.0,43.1862477,-79.6818209,True,False,False,S313634700,
swahaw,Swainson's Hawk,Buteo swainsoni,L61125151,"IH-10 E, Sonora US-TX 30.55330, -100.49232",2026-03-27 11:55,1.0,30.553295,-100.492322,True,False,True,S313654804,
calgul,California Gull,Larus californicus,L2442148,Rocky Mountain Arsenal NWR--Lower Derby Lake,2026-03-27 11:54,1.0,39.8146676,-104.8424435,True,False,False,S313674184,
yehbla,Yellow-headed Blackbird,Xanthocephalus xanthocephalus,L5677088,Rowe Sanctuary--Pond Viewing Area,2026-03-27 11:54,2.0,40.6534947,-98.9146977,True,False,False,S313661290,
grecor,Great Cormorant,Phalacrocorax carbo,L389015,Laurel Hill Park,2026-03-27 11:53,2.0,40.7611952,-74.0844691,True,False,False,S313640954,
btnwar,Black-throated Green Warbler,Setophaga virens,L1612287,"Leone Hall Price Park, Kennesaw",2026-03-27 11:53,1.0,33.9956395,-84.6879025,True,False,False,S313662750,
neocor,Neotropic Cormorant,Nannopterum brasilianum,L3149758,McAllen--Fireman's Park,2026-03-27 11:52,3.0,26.2045873,-98.2192111,True,False,False,S313660237,
labwoo,Ladder-backed Woodpecker,Dryobates scalaris,L3149758,McAllen--Fireman's Park,2026-03-27 11:52,1.0,26.2045873,-98.2192111,True,False,False,S313660237,
sora,Sora,Porzana carolina,L127381,Merritt Island NWR--Black Point Wildlife Drive,2026-03-27 11:51,1.0,28.6575241,-80.7545391,True,False,False,S313654185,
lucwar,Lucy's Warbler,Leiothlypis luciae,L12044690,"My Yard, Corrales",2026-03-27 11:51,1.0,35.251931,-106.601219,True,False,True,S313673038,
bushti,Bushtit,Psaltriparus minimus,L12044690,"My Yard, Corrales",2026-03-27 11:51,2.0,35.251931,-106.601219,True,False,True,S313673038,
astfly,Ash-throated Flycatcher,Myiarchus cinerascens,L40692943,"118 Quail Run Dr W, Hunt US-TX 30.09478, -99.33002",2026-03-27 11:50,1.0,30.09478,-99.330021,True,False,True,S313654260,
gwfgoo,Greater White-fronted Goose,Anser albifrons,L271616,County V Ponds (Dane Co.),2026-03-27 11:49,2.0,43.2478432,-89.4291109,True,False,False,S313659655,
weskin,Western Kingbird,Tyrannus verticalis,L123130,Everglades NP--Eco Pond,2026-03-27 11:48,1.0,25.1391667,-80.9375,True,False,False,S313633263,
rosgoo,Ross's Goose,Anser rossii,L418084,Park Point--Park Point Rec. Area,2026-03-27 11:47,1.0,46.7337486,-92.0542164,True,False,False,S313666712,
gofwoo,Golden-fronted Woodpecker,Melanerpes aurifrons,L56917817,Entrada Playacar,2026-03-27 11:46,3.0,20.6194057,-87.0794626,True,False,True,S313658930,
bncfly,Brown-crested Flycatcher,Myiarchus tyrannulus,L61079207,Green Wildlife Sanctuary,2026-03-27 11:46,2.0,26.099995,-97.70419,True,False,True,S313653600,
bobfly1,Boat-billed Flycatcher,Megarynchus pitangua,L56917817,Entrada Playacar,2026-03-27 11:46,2.0,20.6194057,-87.0794626,True,False,True,S313658930,
olispa,Olive Sparrow,Arremonops rufivirgatus,L61079207,Green Wildlife Sanctuary,2026-03-27 11:46,1.0,26.099995,-97.70419,True,False,True,S313653600,
yucjay1,Yucatan Jay,Cyanocorax yucatanicus,L56917817,Entrada Playacar,2026-03-27 11:46,3.0,20.6194057,-87.0794626,True,False,True,S313658930,
lobthr,Long-billed Thrasher,Toxostoma longirostre,L61079207,Green Wildlife Sanctuary,2026-03-27 11:46,1.0,26.099995,-97.70419,True,False,True,S313653600,
vauswi,Vaux's Swift,Chaetura vauxi,L56917817,Entrada Playacar,2026-03-27 11:46,2.0,20.6194057,-87.0794626,True,False,True,S313658930,
clcrob,Clay-colored Thrush,Turdus grayi,L61079207,Green Wildlife Sanctuary,2026-03-27 11:46,1.0,26.099995,-97.70419,True,False,True,S313653600,
trokin,Tropical Kingbird,Tyrannus melancholicus,L56917817,Entrada Playacar,2026-03-27 11:46,2.0,20.6194057,-87.0794626,True,False,True,S313658930,
socfly1,Social Flycatcher,Myiozetetes similis,L56917817,Entrada Playacar,2026-03-27 11:46,1.0,20.6194057,-87.0794626,True,False,True,S313658930,
clcrob,Clay-colored Thrush,Turdus grayi,L56917817,Entrada Playacar,2026-03-27 11:46,1.0,20.6194057,-87.0794626,True,False,True,S313658930,
magwar,Magnolia Warbler,Setophaga magnolia,L56917817,Entrada Playacar,2026-03-27 11:46,1.0,20.6194057,-87.0794626,True,False,True,S313658930,
gragoo,Graylag Goose,Anser anser,L247135,Landa Park (HOTE 069),2026-03-27 11:46,1.0,29.7117824,-98.1356484,True,False,False,S313670179,X
melbla1,Melodious Blackbird,Dives dives,L56917817,Entrada Playacar,2026-03-27 11:46,2.0,20.6194057,-87.0794626,True,False,True,S313658930,
hooori,Hooded Oriole,Icterus cucullatus,L61079207,Green Wildlife Sanctuary,2026-03-27 11:46,1.0,26.099995,-97.70419,True,False,True,S313653600,
coukin,Couch's Kingbird,Tyrannus couchii,L61079207,Green Wildlife Sanctuary,2026-03-27 11:46,4.0,26.099995,-97.70419,True,False,True,S313653600,
grekis,Great Kiskadee,Pitangus sulphuratus,L56917817,Entrada Playacar,2026-03-27 11:46,2.0,20.6194057,-87.0794626,True,False,True,S313658930,
altori,Altamira Oriole,Icterus gularis,L56917817,Entrada Playacar,2026-03-27 11:46,2.0,20.6194057,-87.0794626,True,False,True,S313658930,
hooori,Hooded Oriole,Icterus cucullatus,L56917817,Entrada Playacar,2026-03-27 11:46,2.0,20.6194057,-87.0794626,True,False,True,S313658930,
whtdov,White-tipped Dove,Leptotila verreauxi,L61079207,Green Wildlife Sanctuary,2026-03-27 11:46,4.0,26.099995,-97.70419,True,False,True,S313653600,
linspa,Lincoln's Sparrow,Melospiza lincolnii,L2300696,Lake Waco-Hike  and  Bike Trail,2026-03-27 11:45,2.0,31.59647,-97.202901,True,False,True,S313669550,
rocwre,Rock Wren,Salpinctes obsoletus,L4762976,Keller Lake,2026-03-27 11:45,1.0,39.7789005,-101.8101847,True,False,False,S313653184,
chclon,Chestnut-collared Longspur,Calcarius ornatus,L4762976,Keller Lake,2026-03-27 11:45,10.0,39.7789005,-101.8101847,True,False,False,S313653184,
rengre,Red-necked Grebe,Podiceps grisegena,L457128,Moose Point SP,2026-03-27 11:44,2.0,44.4324621,-68.943243,True,False,False,S313630996,
virrai,Virginia Rail,Rallus limicola,L56721929,Lower Lake Ladore,2026-03-27 11:44,1.0,39.8128076,-104.856424,True,False,True,S313671062,
saypho,Say's Phoebe,Sayornis saya,L61128681,"Lamar Station Plaza, Lakewood US-CO 39.74143, -105.06831",2026-03-27 11:44,1.0,39.741427,-105.068308,True,False,True,S313670150,
grypar,Gray Partridge,Perdix perdix,L1028197,Winnipeg--Brady Road Landfill,2026-03-27 11:43,2.0,49.7655218,-97.2114944,True,False,False,S313671063,N
redcro,Red Crossbill,Loxia curvirostra,L61122752,"19 Breezemere Rd, Brooksville US-ME (44.3519,-68.7519)",2026-03-27 11:41,5.0,44.351924,-68.751938,True,False,True,S313643992,
x00004,Mallard x American Black Duck (hybrid),Anas platyrhynchos x rubripes,L859757,Boardman Lake--Logans Landing,2026-03-27 11:40,1.0,44.7351727,-85.6166455,True,False,False,S313650298,
harspa,Harris's Sparrow,Zonotrichia querula,L27311049,"74523, Antlers US-OK 34.12534, -95.64327",2026-03-27 11:40,3.0,34.125342,-95.643272,True,False,True,S313649934,
caskin,Cassin's Kingbird,Tyrannus vociferans,L4879829,Facultad de Estudios Superiores Iztacala,2026-03-27 11:39,1.0,19.526,-99.1881859,True,False,False,S313670791,
margod,Marbled Godwit,Limosa fedoa,L1078491,Northshore Park,2026-03-27 11:36,6.0,27.7841316,-82.6243929,True,False,False,S313633504,
trokin,Tropical Kingbird,Tyrannus melancholicus,L803473,Delta Lake (LTC 008),2026-03-27 11:36,2.0,26.4110759,-97.9576871,True,False,False,S313663188,
cavswa,Cave Swallow,Petrochelidon fulva,L803473,Delta Lake (LTC 008),2026-03-27 11:36,18.0,26.4110759,-97.9576871,True,False,False,S313663188,
stisan,Stilt Sandpiper,Calidris himantopus,L803473,Delta Lake (LTC 008),2026-03-27 11:36,32.0,26.4110759,-97.9576871,True,False,False,S313663188,
fuwduc,Fulvous Whistling-Duck,Dendrocygna bicolor,L803473,Delta Lake (LTC 008),2026-03-27 11:36,6.0,26.4110759,-97.9576871,True,False,False,S313663188,
y00475,American Coot,Fulica americana,L379366,Puslinch Lake* general (use more precise loc.),2026-03-27 11:36,1.0,43.4178917,-80.2675724,True,False,False,S313638612,
whtkit,White-tailed Kite,Elanus leucurus,L803473,Delta Lake (LTC 008),2026-03-27 11:36,1.0,26.4110759,-97.9576871,True,False,False,S313663188,
rucspa,Rufous-crowned Sparrow,Aimophila ruficeps,L660620,Kerr Co: Marymeade (private),2026-03-27 11:35,1.0,29.9902901,-99.382743,True,False,True,S313657770,
spotow,Spotted Towhee,Pipilo maculatus,L660620,Kerr Co: Marymeade (private),2026-03-27 11:35,1.0,29.9902901,-99.382743,True,False,True,S313657770,
borchi2,Boreal Chickadee,Poecile hudsonicus,L8441853,Edmonton--UofA Campus,2026-03-27 11:34,2.0,53.5269667,-113.5256013,True,False,False,S313667861,
magfri,Magnificent Frigatebird,Fregata magnificens,L12222209,CRIAP,2026-03-27 11:34,1.0,20.86644,-86.8685032,True,False,True,S313669421,
laugul,Laughing Gull,Leucophaeus atricilla,L12222209,CRIAP,2026-03-27 11:34,2.0,20.86644,-86.8685032,True,False,True,S313669421,
brnpel,Brown Pelican,Pelecanus occidentalis,L12222209,CRIAP,2026-03-27 11:34,1.0,20.86644,-86.8685032,True,False,True,S313669421,
bncfly,Brown-crested Flycatcher,Myiarchus tyrannulus,L12222209,CRIAP,2026-03-27 11:34,1.0,20.86644,-86.8685032,True,False,True,S313669421,
tromoc,Tropical Mockingbird,Mimus gilvus,L12222209,CRIAP,2026-03-27 11:34,3.0,20.86644,-86.8685032,True,False,True,S313669421,
yelwar1,Northern Yellow Warbler,Setophaga aestiva,L12222209,CRIAP,2026-03-27 11:34,1.0,20.86644,-86.8685032,True,False,True,S313669421,
sprpip,Sprague's Pipit,Anthus spragueii,L18562245,South Donna Turf Farms,2026-03-27 11:33,1.0,26.134511,-98.069571,True,False,False,S313661855,
uplsan,Upland Sandpiper,Bartramia longicauda,L18562245,South Donna Turf Farms,2026-03-27 11:33,2.0,26.134511,-98.069571,True,False,False,S313661855,
rugdov,Ruddy Ground Dove,Columbina talpacoti,L61124244,Playa Del Carmen Av. 10,2026-03-27 11:33,3.0,20.6240644,-87.0767138,True,False,True,S313650813,
barswa,Barn Swallow,Hirundo rustica,L61128060,"Avenida Jacarandas, Coyoacán MX-CDMX 19.33556, -99.14448",2026-03-27 11:31,3.0,19.335561,-99.144482,True,False,True,S313667449,
incdov,Inca Dove,Columbina inca,L61128060,"Avenida Jacarandas, Coyoacán MX-CDMX 19.33556, -99.14448",2026-03-27 11:31,5.0,19.335561,-99.144482,True,False,True,S313667449,
houspa,House Sparrow,Passer domesticus,L61128060,"Avenida Jacarandas, Coyoacán MX-CDMX 19.33556, -99.14448",2026-03-27 11:31,4.0,19.335561,-99.144482,True,False,True,S313667449,N
easpho,Eastern Phoebe,Sayornis phoebe,L3945109,High Park--duck ponds,2026-03-27 11:30,2.0,43.641324,-79.456805,True,False,False,S313637381,
greroa,Greater Roadrunner,Geococcyx californianus,L10264814,"1307 Saratoga Boulevard, Corpus Christi, Texas, US (27.721, -97.463)",2026-03-27 11:27,1.0,27.7206595,-97.4634809,True,False,True,S313645796,
compea,Indian Peafowl,Pavo cristatus,L16019847,Betty’s Yard,2026-03-27 11:26,1.0,25.6704256,-80.3094112,True,False,True,S313639899,P
mouchi,Mountain Chickadee,Poecile gambeli,L53161017,Orchard Hill Trailer Park,2026-03-27 11:26,1.0,48.005206,-114.062734,True,False,True,S313666976,
canvas,Canvasback,Aythya valisineria,L10953305,Paris--Powerline Rd stormwater pond,2026-03-27 11:25,1.0,43.1711379,-80.3602278,True,False,False,S313636219,
rudduc,Ruddy Duck,Oxyura jamaicensis,L10953305,Paris--Powerline Rd stormwater pond,2026-03-27 11:25,1.0,43.1711379,-80.3602278,True,False,False,S313636219,
treswa,Tree Swallow,Tachycineta bicolor,L10953305,Paris--Powerline Rd stormwater pond,2026-03-27 11:25,15.0,43.1711379,-80.3602278,True,False,False,S313636219,
fragul,Franklin's Gull,Leucophaeus pipixcan,L596504,Gleason WPA,2026-03-27 11:24,1.0,40.4379326,-99.0262985,True,False,False,S313658866,
stejay,Steller's Jay,Cyanocitta stelleri,L17475719,Chris’ House,2026-03-27 11:22,1.0,39.208904,-106.928232,True,False,True,S313667471,
ovenbi1,Ovenbird,Seiurus aurocapilla,L59999257,"736 E Main St, Washington US-NC 35.53727, -77.04428",2026-03-27 11:22,1.0,35.537271,-77.044278,True,False,True,S313654115,
pursan,Purple Sandpiper,Calidris maritima,L872490,Cape Charles Beach,2026-03-27 11:20,11.0,37.2679227,-76.0235667,True,False,False,S313634403,
norbob,Northern Bobwhite,Colinus virginianus,L6296275,Verkades Property--Harkness Memorial SP,2026-03-27 11:20,1.0,41.312062,-72.1197764,True,True,False,S313625568,X
indbun,Indigo Bunting,Passerina cyanea,L4033200,Ocala Regional Sportsplex,2026-03-27 11:20,1.0,29.1532107,-82.2327733,True,False,False,S313671048,
kinrai4,King Rail,Rallus elegans,L2620730,Sweetwater Wetlands Park,2026-03-27 11:20,1.0,29.6193055,-82.3285764,True,False,False,S313645395,
leabit,Least Bittern,Botaurus exilis,L2620730,Sweetwater Wetlands Park,2026-03-27 11:20,5.0,29.6193055,-82.3285764,True,False,False,S313645395,
naswar,Nashville Warbler,Leiothlypis ruficapilla,L1236296,Edinburg Municipal Park,2026-03-27 11:20,1.0,26.2887402,-98.1325436,True,False,False,S313649130,
calqua,California Quail,Callipepla californica,L2781207,M&M's TF yard,2026-03-27 11:18,1.0,42.5436208,-114.5546654,True,False,True,S313662907,N
norwat,Northern Waterthrush,Parkesia noveboracensis,L127407,Audubon Corkscrew Swamp Sanctuary,2026-03-27 11:16,1.0,26.375442,-81.6040206,True,False,False,S313673660,
redcro,Red Crossbill,Loxia curvirostra,L475870,Fish Creek PP--Bebo Grove,2026-03-27 11:14,5.0,50.930143,-114.1138744,True,False,False,S313670012,
moublu,Mountain Bluebird,Sialia currucoides,L16059876,Ravine,2026-03-27 11:13,2.0,51.014342,-114.206212,True,False,True,S313660250,
turvul,Turkey Vulture,Cathartes aura,L61122422,"Hilton Cancun, an All-Inclusive Resort, Benito Juárez MX-Q. Roo. 20.95430, -86.83591",2026-03-27 11:13,2.0,20.954298,-86.835911,True,False,True,S313642532,
royter1,Royal Tern,Thalasseus maximus,L61122422,"Hilton Cancun, an All-Inclusive Resort, Benito Juárez MX-Q. Roo. 20.95430, -86.83591",2026-03-27 11:13,3.0,20.954298,-86.835911,True,False,True,S313642532,
palwar,Palm Warbler,Setophaga palmarum,L61120643,El Meco,2026-03-27 11:11,1.0,21.2109871,-86.8043518,True,False,True,S313646565,
towsol,Townsend's Solitaire,Myadestes townsendi,L17901360,Dalla Mountain Park,2026-03-27 11:11,1.0,37.3068746,-107.8821575,True,False,False,S313659672,
calgul,California Gull,Larus californicus,L61126378,"Highway 2 S, Leduc CA-AB (53.3075,-113.5494)",2026-03-27 11:11,1.0,53.307513,-113.549415,True,False,True,S313659919,
pygnut,Pygmy Nuthatch,Sitta pygmaea,L213905,Aspen Center for Environmental Studies,2026-03-27 11:11,1.0,39.1949127,-106.8213719,True,False,False,S313671314,
yetori1,Yellow-tailed Oriole,Icterus mesomelas,L61120643,El Meco,2026-03-27 11:11,1.0,21.2109871,-86.8043518,True,False,True,S313646565,
squcuc1,Common Squirrel-Cuckoo,Piaya cayana,L61120643,El Meco,2026-03-27 11:11,1.0,21.2109871,-86.8043518,True,False,True,S313646565,
manvir1,Mangrove Vireo,Vireo pallens,L61120643,El Meco,2026-03-27 11:11,1.0,21.2109871,-86.8043518,True,False,True,S313646565,
larspa,Lark Sparrow,Chondestes grammacus,L1819831,Lake Tawakoni--Holiday Marina/Van Zandt Co. boat ramp,2026-03-27 11:09,3.0,32.8099669,-95.9352171,True,False,False,S313658076,
lobcur,Long-billed Curlew,Numenius americanus,L273461,Goose Island SP (CTC 048),2026-03-27 11:08,1.0,28.13255,-96.985052,True,False,False,S313664482,
casfin,Cassin's Finch,Haemorhous cassinii,L28026482,"28 Frontier Ln, Nederland US-CO 39.97367, -105.42808",2026-03-27 11:08,1.0,39.973666,-105.428081,True,False,True,S313673602,
gchwar,Golden-cheeked Warbler,Setophaga chrysoparia,L3889690,Sendero (restricted access),2026-03-27 11:08,1.0,29.6708159,-98.4437936,True,False,True,S313656130,
sagthr,Sage Thrasher,Oreoscoptes montanus,L948592,Hanover Fire Station area,2026-03-27 11:08,1.0,38.57695,-104.46048,True,False,False,S313665051,
varthr,Varied Thrush,Ixoreus naevius,L2328038,Banff National Park--Lake Louise Village,2026-03-27 11:07,1.0,51.4256924,-116.1781454,True,False,False,S313666948,
mouchi,Mountain Chickadee,Poecile gambeli,L2328038,Banff National Park--Lake Louise Village,2026-03-27 11:07,2.0,51.4256924,-116.1781454,True,False,False,S313666948,
wlswar,Wilson's Warbler,Cardellina pusilla,L61126825,Teatro Aguascalientes,2026-03-27 11:06,1.0,21.8572721,-102.2917046,True,False,True,S313661847,
snobun,Snow Bunting,Plectrophenax nivalis,L61121144,Nokomis Rd Fields,2026-03-27 11:06,1.0,44.910807,-69.281981,True,False,True,S313636351,
bushti,Bushtit,Psaltriparus minimus,L61126825,Teatro Aguascalientes,2026-03-27 11:06,6.0,21.8572721,-102.2917046,True,False,True,S313661847,
houfin,House Finch,Haemorhous mexicanus,L61126825,Teatro Aguascalientes,2026-03-27 11:06,2.0,21.8572721,-102.2917046,True,False,True,S313661847,
wesgre,Western Grebe,Aechmophorus occidentalis,L249812,Blacks Creek Bird Reserve,2026-03-27 11:05,1.0,43.4584433,-116.1426544,True,False,False,S313664631,
cedwax,Cedar Waxwing,Bombycilla cedrorum,L1530961,Peterborough--Beavermead Park,2026-03-27 11:05,3.0,44.2938973,-78.3027537,True,False,False,S313622149,
rudtur,Ruddy Turnstone,Arenaria interpres,L16887788,Hard Rock Hotel Riviera Maya,2026-03-27 11:00,1.0,20.5069429,-87.215395,True,False,False,S313637429,
solsan,Solitary Sandpiper,Tringa solitaria,L16887788,Hard Rock Hotel Riviera Maya,2026-03-27 11:00,1.0,20.5069429,-87.215395,True,False,False,S313637429,
wooscj2,Woodhouse's Scrub-Jay,Aphelocoma woodhouseii,L3812438,Sylvan Lake SP--Headquarters,2026-03-27 10:59,2.0,39.54382,-106.754479,True,False,False,S313672888,
moublu,Mountain Bluebird,Sialia currucoides,L3692121,Peaks Rd (private),2026-03-27 10:59,4.0,42.7007306,-108.6932373,True,False,True,S313673282,
pyrrhu,Pyrrhuloxia,Cardinalis sinuatus,L128950,Davis Mountains  SP (FWTX 23),2026-03-27 10:59,1.0,30.5962706,-103.9347249,True,False,False,S313658875,
acowoo,Acorn Woodpecker,Melanerpes formicivorus,L128950,Davis Mountains  SP (FWTX 23),2026-03-27 10:59,1.0,30.5962706,-103.9347249,True,False,False,S313658875,
clanut,Clark's Nutcracker,Nucifraga columbiana,L3692121,Peaks Rd (private),2026-03-27 10:59,1.0,42.7007306,-108.6932373,True,False,True,S313673282,
grypar,Gray Partridge,Perdix perdix,L3692121,Peaks Rd (private),2026-03-27 10:59,2.0,42.7007306,-108.6932373,True,False,True,S313673282,N
cantow,Canyon Towhee,Melozone fusca,L128950,Davis Mountains  SP (FWTX 23),2026-03-27 10:59,2.0,30.5962706,-103.9347249,True,False,False,S313658875,
chukar,Chukar,Alectoris chukar,L3692121,Peaks Rd (private),2026-03-27 10:59,2.0,42.7007306,-108.6932373,True,False,True,S313673282,N
brebla,Brewer's Blackbird,Euphagus cyanocephalus,L61129634,"Airport Rd, Death Valley US-CA 36.46117, -116.86666",2026-03-27 10:57,6.0,36.461167,-116.866665,True,False,True,S313674487,
redkno,Red Knot,Calidris canutus,L61118241,Kiawah,2026-03-27 10:57,25.0,32.578933,-80.139744,True,False,True,S313643373,
piggui,Pigeon Guillemot,Cepphus columba,L560458,Monterey Bay Aquarium (outside only),2026-03-27 10:57,4.0,36.6183407,-121.9016623,True,False,False,S313674508,
wilplo,Wilson's Plover,Anarhynchus wilsonia,L61118241,Kiawah,2026-03-27 10:57,4.0,32.578933,-80.139744,True,False,True,S313643373,
wesblu,Western Bluebird,Sialia mexicana,L9730181,"Norris Loop, Eureka US-MT (48.9019,-115.0105)",2026-03-27 10:57,2.0,48.901866,-115.010507,True,False,True,S313658421,
pelcor,Pelagic Cormorant,Urile pelagicus,L560458,Monterey Bay Aquarium (outside only),2026-03-27 10:57,10.0,36.6183407,-121.9016623,True,False,False,S313674508,
blkpho,Black Phoebe,Sayornis nigricans,L357457,Corrales Bosque--Romero Rd. Entrance,2026-03-27 10:57,2.0,35.256019,-106.5954924,True,False,False,S313673158,
rusbla,Rusty Blackbird,Euphagus carolinus,L1497179,Taylor Creek Park,2026-03-27 10:56,1.0,43.701232,-79.3161596,True,False,False,S313638535,
norshr4,Northern Shrike,Lanius borealis,L3160536,Snake River Line,2026-03-27 10:55,1.0,45.6813085,-76.9651706,True,False,False,S313623197,
whcspa,White-crowned Sparrow,Zonotrichia leucophrys,L61129407,Burrard St,2026-03-27 10:55,1.0,49.26835,-123.145858,True,False,True,S313673503,
wilsni1,Wilson's Snipe,Gallinago delicata,L6995797,Sobey's Pond Area,2026-03-27 10:55,4.0,43.862229,-78.94818,True,False,True,S313613296,
whthaw,White-tailed Hawk,Geranoaetus albicaudatus,L4350377,National Butterfly Center--South of levee,2026-03-27 10:55,1.0,26.1738318,-98.3657885,True,False,False,S313641090,
gryhaw2,Gray Hawk,Buteo plagiatus,L4350377,National Butterfly Center--South of levee,2026-03-27 10:55,2.0,26.1738318,-98.3657885,True,False,False,S313641090,
bargoo,Barnacle Goose,Branta leucopsis,L61117409,"207–211 Ch Choinière, Brigham CA-QC 45.28051, -72.76998",2026-03-27 10:55,3.0,45.280513,-72.769981,True,True,True,S313618769,
fiscro,Fish Crow,Corvus ossifragus,L164584,Burlington--Shoreacres/Paletta Park,2026-03-27 10:55,1.0,43.3530817,-79.7519875,True,False,False,S313640368,
bargol,Barrow's Goldeneye,Bucephala islandica,L53615625,Boat Launch Side,2026-03-27 10:55,3.0,48.005242,-122.222004,True,False,True,S313673889,
batpig1,Band-tailed Pigeon,Patagioenas fasciata,L61129314,"5625 Vineyard Dr, Paso Robles US-CA 35.57900, -120.79806",2026-03-27 10:54,1.0,35.578996,-120.79806,True,False,True,S313673100,
verdin,Verdin,Auriparus flaviceps,L613081,Bentsen-Rio Grande Val. SP--Hawk Watch,2026-03-27 10:53,1.0,26.1690952,-98.3805352,True,False,False,S313638177,
barswa,Barn Swallow,Hirundo rustica,L21843758,Ladner Townsite,2026-03-27 10:52,1.0,49.090922,-123.086182,True,False,True,S313672561,
vigswa,Violet-green Swallow,Tachycineta thalassina,L21843758,Ladner Townsite,2026-03-27 10:52,1.0,49.090922,-123.086182,True,False,True,S313672561,
stejay,Steller's Jay,Cyanocitta stelleri,L61127669,"Icefields Pky, Improvement District No. 9 Banff CA-AB 51.57857, -116.30872",2026-03-27 10:52,1.0,51.578566,-116.308718,True,False,True,S313665678,
zothaw,Zone-tailed Hawk,Buteo albonotatus,L61120279,"SH-290, Ozona US-TX 30.70206, -101.57503",2026-03-27 10:51,1.0,30.702064,-101.575031,True,False,True,S313632345,
wesgul,Western Gull,Larus occidentalis,L61129552,"Seacluff Mini Park Overlook 166 Seacliff Drive, Aptos, California, US (36.97, -121.909)",2026-03-27 10:51,26.0,36.9704799,-121.908514,True,False,True,S313674133,
whimbr3,Hudsonian Whimbrel,Numenius hudsonicus,L61129552,"Seacluff Mini Park Overlook 166 Seacliff Drive, Aptos, California, US (36.97, -121.909)",2026-03-27 10:51,1.0,36.9704799,-121.908514,True,False,True,S313674133,
mewgul2,Short-billed Gull,Larus brachyrhynchus,L618335,False Bay,2026-03-27 10:50,,48.4906721,-123.0664444,True,False,False,S313672761,
magwar,Magnolia Warbler,Setophaga magnolia,L11359177,"Kathryn Abbey Hanna Park, Jacksonville US-FL 30.37649, -81.39986",2026-03-27 10:50,1.0,30.376494,-81.399865,True,False,True,S313671658,
santer1,Sandwich Tern,Thalasseus sandvicensis,L429923,Pine Gully Park (UTC 079),2026-03-27 10:50,6.0,29.5909701,-94.9947882,True,False,False,S313634410,
glwgul,Glaucous-winged Gull,Larus glaucescens,L618335,False Bay,2026-03-27 10:50,,48.4906721,-123.0664444,True,False,False,S313672761,
cinhum1,Cinnamon Hummingbird,Amazilia rutila,L1120397,Aeropuerto Internacional de Cancún,2026-03-27 10:49,1.0,21.0368,-86.8772,True,False,False,S313631762,
manshe,Manx Shearwater,Puffinus puffinus,L521509,Revere Beach--Pink Apartments,2026-03-27 10:49,1.0,42.4205103,-70.9857291,True,False,False,S313613904,
eucdov,Eurasian Collared-Dove,Streptopelia decaocto,L1944007,(Home) Swift Current--Lister-Kaye Cr,2026-03-27 10:48,2.0,50.3010869,-107.8052759,True,False,True,S313660294,N
vigswa,Violet-green Swallow,Tachycineta thalassina,L59180710,Valco ponds 4,2026-03-27 10:48,2.0,38.258423,-104.687908,True,False,True,S313665481,
brbhum,Broad-billed Hummingbird,Cynanthus latirostris,L19555544,Almartin Street Neighborhood,2026-03-27 10:47,1.0,32.2567875,-110.924359,True,False,True,S313672834,
canwre,Canyon Wren,Catherpes mexicanus,L1033382,Red Rocks Park--Trading Post,2026-03-27 10:47,1.0,39.6638339,-105.2032059,True,False,False,S313664767,
retloo,Red-throated Loon,Gavia stellata,L803888,Cape Sable Island--Daniel's Head,2026-03-27 10:47,1.0,43.4415778,-65.5901814,True,False,False,S313610246,
brant,Brant,Branta bernicla,L803888,Cape Sable Island--Daniel's Head,2026-03-27 10:47,16.0,43.4415778,-65.5901814,True,False,False,S313610246,
gilwoo,Gila Woodpecker,Melanerpes uropygialis,L19555544,Almartin Street Neighborhood,2026-03-27 10:47,4.0,32.2567875,-110.924359,True,False,True,S313672834,
comblh1,Common Black Hawk,Buteogallus anthracinus,L39959001,Puente del Rio Grande de Santiago,2026-03-27 10:47,1.0,21.4237762,-104.4617056,True,False,False,S313671112,
annhum,Anna's Hummingbird,Calypte anna,L19555544,Almartin Street Neighborhood,2026-03-27 10:47,1.0,32.2567875,-110.924359,True,False,True,S313672834,
audori,Audubon's Oriole,Icterus graduacauda,L1174771,Bentsen-Rio Grande Val. SP--HQ Buildings and Nature Center Area,2026-03-27 10:47,1.0,26.1855061,-98.3797728,True,False,False,S313668885,
amedip,American Dipper,Cinclus mexicanus,L2096966,East Brush Creek Nature Trail and Ponds,2026-03-27 10:47,2.0,39.2230861,-106.9215202,True,False,False,S313658780,
nutwoo,Nuttall's Woodpecker,Dryobates nuttallii,L14502228,Mountain Brook,2026-03-27 10:47,1.0,37.3963575,-122.0648525,True,False,True,S313670920,
belvir,Bell's Vireo,Vireo bellii,L61129448,"3500 South Palo Verde Road, Tucson, Arizona, US (32.183, -110.918)",2026-03-27 10:46,1.0,32.1834125,-110.9182198,True,False,True,S313673675,
gryjay,Canada Jay,Perisoreus canadensis,L31366187,"7259 Old No 7 Rd, Virginia US-MN 47.61847, -92.45250",2026-03-27 10:46,2.0,47.618467,-92.452503,True,False,True,S313631318,
baisan,Baird's Sandpiper,Calidris bairdii,L1859404,Lake Thunderbird--Twin Bridges,2026-03-27 10:45,60.0,35.2257594,-97.3035433,True,False,True,S313659955,
leater1,Least Tern,Sternula antillarum,L1107662,MacDill AFB (Restricted Access),2026-03-27 10:45,1.0,27.841171,-82.4837726,True,False,False,S313650123,
burowl,Burrowing Owl,Athene cunicularia,L1210098,Antelope Island SP--Visitor Center & Loop Rd.,2026-03-27 10:43,4.0,41.054726,-112.2407765,True,False,False,S313660719,
snoowl1,Snowy Owl,Bubo scandiacus,L766906,"East Meadows, Northampton",2026-03-27 10:43,1.0,42.319653,-72.6090717,True,True,False,S313618493,
gubter2,Gull-billed Tern,Gelochelidon nilotica,L1487712,"Bay Ave (Swan Lake), Surfside",2026-03-27 10:43,1.0,28.9773708,-95.2651151,True,False,False,S313643853,
leagre,Least Grebe,Tachybaptus dominicus,L249889,Edinburg Scenic Wetlands WBC (LTC 061),2026-03-27 10:43,3.0,26.2905822,-98.1351909,True,False,False,S313663950,
brnowl,American Barn Owl,Tyto furcata,L1210098,Antelope Island SP--Visitor Center & Loop Rd.,2026-03-27 10:43,1.0,41.054726,-112.2407765,True,False,False,S313660719,
prowar,Prothonotary Warbler,Protonotaria citrea,L11947195,Home,2026-03-27 10:43,1.0,29.911632,-94.819327,True,False,True,S313632025,
rufhum,Rufous Hummingbird,Selasphorus rufus,L16265105,"524 False Bay Dr, Friday Harbor US-WA 48.48267, -123.04319",2026-03-27 10:41,2.0,48.48267,-123.043186,True,False,True,S313669327,
gocspa,Golden-crowned Sparrow,Zonotrichia atricapilla,L23321058,home,2026-03-27 10:40,2.0,37.470937,-122.270684,True,False,True,S313673781,
grhowl,Great Horned Owl,Bubo virginianus,L2821849,Ottawa--Central Experimental Farm,2026-03-27 10:40,1.0,45.3870582,-75.7176179,True,False,False,S313645021,
surfbi,Surfbird,Calidris virgata,L606176,Bodega Head - offshore species and the bluff ONLY,2026-03-27 10:40,3.0,38.3031875,-123.0648422,True,False,False,S313674561,
commur,Common Murre,Uria aalge,L606176,Bodega Head - offshore species and the bluff ONLY,2026-03-27 10:40,40.0,38.3031875,-123.0648422,True,False,False,S313674561,
chbchi,Chestnut-backed Chickadee,Poecile rufescens,L23321058,home,2026-03-27 10:40,1.0,37.470937,-122.270684,True,False,True,S313673781,
blkoys,Black Oystercatcher,Haematopus bachmani,L606176,Bodega Head - offshore species and the bluff ONLY,2026-03-27 10:40,1.0,38.3031875,-123.0648422,True,False,False,S313674561,
gamqua,Gambel's Quail,Callipepla gambelii,L39693884,"Mustang Pass, Washington Utah",2026-03-27 10:39,2.0,37.162125,-113.525163,True,False,True,S313666711,
normoc,Northern Mockingbird,Mimus polyglottos,L7470686,UAEM Valle de Chalco,2026-03-27 10:39,1.0,19.2989319,-98.9541095,True,False,True,S313664802,
rensap,Red-naped Sapsucker,Sphyrapicus nuchalis,L61124797,"200 E Grand Ave, Mancos US-CO (37.3446,-108.2855)",2026-03-27 10:39,2.0,37.344577,-108.285457,True,False,True,S313653179,
bewwre,Bewick's Wren,Thryomanes bewickii,L7470686,UAEM Valle de Chalco,2026-03-27 10:39,1.0,19.2989319,-98.9541095,True,False,True,S313664802,
moudov,Mourning Dove,Zenaida macroura,L7470686,UAEM Valle de Chalco,2026-03-27 10:39,3.0,19.2989319,-98.9541095,True,False,True,S313664802,
bkcspa,Black-chinned Sparrow,Spizella atrogularis,L39693884,"Mustang Pass, Washington Utah",2026-03-27 10:39,1.0,37.162125,-113.525163,True,False,True,S313666711,
gwfgoo,Greater White-fronted Goose,Anser albifrons,L348844,Richmond CA (formerly Richmond Sewage Lagoons),2026-03-27 10:38,1.0,45.1988932,-75.820655,True,True,False,S313612870,
litgul,Little Gull,Hydrocoloeus minutus,L352308,Turkey Point-beach,2026-03-27 10:38,6.0,42.673696,-80.3310871,True,False,False,S313612107,
blktur,Black Turnstone,Arenaria melanocephala,L634095,Mission Beach & north jetty,2026-03-27 10:38,1.0,32.7592345,-117.2536002,True,False,False,S313670442,
eleter1,Elegant Tern,Thalasseus elegans,L634095,Mission Beach & north jetty,2026-03-27 10:38,1.0,32.7592345,-117.2536002,True,False,False,S313670442,
bongul,Bonaparte's Gull,Chroicocephalus philadelphia,L352308,Turkey Point-beach,2026-03-27 10:38,33.0,42.673696,-80.3310871,True,False,False,S313612107,
bracor,Brandt's Cormorant,Urile penicillatus,L634095,Mission Beach & north jetty,2026-03-27 10:38,50.0,32.7592345,-117.2536002,True,False,False,S313670442,
cowscj1,California Scrub-Jay,Aphelocoma californica,L2832707,Foresthill Old Cemetery,2026-03-27 10:37,1.0,39.0183282,-120.8118492,True,False,False,S313674315,
chispa,Chipping Sparrow,Spizella passerina,L2826796,Arthur St Truro,2026-03-27 10:37,1.0,45.3606096,-63.2858849,True,False,True,S313633722,
swaspa,Swamp Sparrow,Melospiza georgiana,L14151658,"Lynde Shores Conservation Area, Whitby CA-ON 43.83824, -78.96727",2026-03-27 10:37,1.0,43.838243,-78.967275,True,False,True,S313606420,
eurwig,Eurasian Wigeon,Mareca penelope,L350246,Esquimalt Lagoon,2026-03-27 10:36,2.0,48.4257613,-123.4631732,True,False,False,S313669660,
brebla,Brewer's Blackbird,Euphagus cyanocephalus,L350246,Esquimalt Lagoon,2026-03-27 10:36,3.0,48.4257613,-123.4631732,True,False,False,S313669660,
mdxmal1,Muscovy Duck x Mallard (hybrid),Cairina moschata x Anas platyrhynchos,L129025,"Martin Park, Austin",2026-03-27 10:35,2.0,30.2486,-97.7282028,True,False,False,S313643539,X
x00197,Snow x Canada Goose (hybrid),Anser caerulescens x Branta canadensis,L2091044,Cobb Lake Creek flood plain,2026-03-27 10:35,1.0,45.4494739,-75.1032257,True,True,False,S313658436,
rebsap,Red-breasted Sapsucker,Sphyrapicus ruber,L59181007,"31200 Cedar Valley Dr, Westlake Village US-CA 34.15276, -118.80661 The Ridge",2026-03-27 10:34,1.0,34.152761,-118.806613,True,False,True,S313667052,
amered,American Redstart,Setophaga ruticilla,L59230877,"1317 Artisan Ave E, Kissimmee US-FL 28.29851, -81.55324",2026-03-27 10:33,1.0,28.298509,-81.553243,True,False,True,S313643570,
grefla2,American Flamingo,Phoenicopterus ruber,L28712681,"Northwest Haulover Road, Titusville US-FL 28.73082, -80.76119",2026-03-27 10:33,10.0,28.730819,-80.761187,True,True,True,S313609016,
caltow,California Towhee,Melozone crissalis,L5652410,California Nursery Historical Park,2026-03-27 10:32,1.0,37.5780691,-121.9898057,True,False,True,S313674510,
bcxtit1,Tufted x Black-crested Titmouse (hybrid),Baeolophus bicolor x atricristatus,L165697,Lake Weatherford--Northwest,2026-03-27 10:32,1.0,32.801662,-97.70119,True,False,False,S313634355,
yelwar1,Northern Yellow Warbler,Setophaga aestiva,L444070,Glenwood Fish Hatchery,2026-03-27 10:32,1.0,33.3210796,-108.8802463,True,False,False,S313669614,
chirav,Chihuahuan Raven,Corvus cryptoleucus,L1908758,Buenos Aires NWR--Headquarters Area,2026-03-27 10:32,2.0,31.572,-111.5062,True,False,False,S313666102,
cacwre,Cactus Wren,Campylorhynchus brunneicapillus,L1908758,Buenos Aires NWR--Headquarters Area,2026-03-27 10:32,1.0,31.572,-111.5062,True,False,False,S313666102,
comblh1,Common Black Hawk,Buteogallus anthracinus,L444070,Glenwood Fish Hatchery,2026-03-27 10:32,1.0,33.3210796,-108.8802463,True,False,False,S313669614,
linwoo1,Lineated Woodpecker,Dryocopus lineatus,L8087406,Campus de Ciencias Biológicas y Agropecuarias UADY,2026-03-27 10:31,1.0,20.8689677,-89.6227811,True,False,False,S313646899,
allhum,Allen's Hummingbird,Selasphorus sasin,L4968172,Ballona Creek--Centinela Av to Inglewood Blvd,2026-03-27 10:30,1.0,33.9883936,-118.4139544,True,False,False,S313669450,
comrav,Common Raven,Corvus corax,L61128933,"Cuenca Alimentadora del Distrito Nacional de Riego 043 Estado de Nayarit, La Yesca MX-Nay. 21.48439, -104.43521",2026-03-27 10:30,2.0,21.484389,-104.435205,True,False,True,S313671343,
wlswar,Wilson's Warbler,Cardellina pusilla,L638122,Albion River mouth,2026-03-27 10:30,2.0,39.2274994,-123.7643766,True,False,False,S313670380,
whtswi,White-throated Swift,Aeronautes saxatalis,L61128250,"High Peaks Trail, Paicines US-CA 36.48952, -121.19675",2026-03-27 10:30,8.0,36.489522,-121.196754,True,False,True,S313668309,
calcon,California Condor,Gymnogyps californianus,L61128250,"High Peaks Trail, Paicines US-CA 36.48952, -121.19675",2026-03-27 10:30,1.0,36.489522,-121.196754,True,False,True,S313668309,
rubcha1,Rufous-bellied Chachalaca,Ortalis wagleri,L61128933,"Cuenca Alimentadora del Distrito Nacional de Riego 043 Estado de Nayarit, La Yesca MX-Nay. 21.48439, -104.43521",2026-03-27 10:30,1.0,21.484389,-104.435205,True,False,True,S313671343,
lesroa1,Lesser Roadrunner,Geococcyx velox,L61128933,"Cuenca Alimentadora del Distrito Nacional de Riego 043 Estado de Nayarit, La Yesca MX-Nay. 21.48439, -104.43521",2026-03-27 10:30,1.0,21.484389,-104.435205,True,False,True,S313671343,
caskin,Cassin's Kingbird,Tyrannus vociferans,L4968172,Ballona Creek--Centinela Av to Inglewood Blvd,2026-03-27 10:30,1.0,33.9883936,-118.4139544,True,False,False,S313669450,
linspa,Lincoln's Sparrow,Melospiza lincolnii,L61124700,Jardín de Polinizadores,2026-03-27 10:29,2.0,19.461317,-98.9052834,True,False,True,S313652787,
lesgol,Lesser Goldfinch,Spinus psaltria,L61124700,Jardín de Polinizadores,2026-03-27 10:29,2.0,19.461317,-98.9052834,True,False,True,S313652787,
verfly,Vermilion Flycatcher,Pyrocephalus rubinus,L61124700,Jardín de Polinizadores,2026-03-27 10:29,2.0,19.461317,-98.9052834,True,False,True,S313652787,
cantow,Canyon Towhee,Melozone fusca,L61124700,Jardín de Polinizadores,2026-03-27 10:29,1.0,19.461317,-98.9052834,True,False,True,S313652787,
abetow,Abert's Towhee,Melozone aberti,L55420541,"5656 E Lewis Ave, Scottsdale US-AZ 33.47496, -111.95869",2026-03-27 10:28,1.0,33.474959,-111.958691,True,False,True,S313669526,
hutvir,Hutton's Vireo,Vireo huttoni,L61127948,"24825 Foresthill Road, Foresthill, California, US (39.022, -120.811).",2026-03-27 10:27,1.0,39.0217083,-120.8112517,True,False,True,S313666907,
cubthr,Curve-billed Thrasher,Toxostoma curvirostre,L61123668,"1222B Calle José López Alavez, Oaxaca de Juárez, Oaxaca, MX (17.073, -96.724)",2026-03-27 10:25,1.0,17.0731259,-96.7235708,True,False,True,S313648234,
coohaw,Cooper's Hawk,Astur cooperii,L61123668,"1222B Calle José López Alavez, Oaxaca de Juárez, Oaxaca, MX (17.073, -96.724)",2026-03-27 10:25,1.0,17.0731259,-96.7235708,True,False,True,S313648234,
comter,Common Tern,Sterna hirundo,L129067,Rollover Pass (UTC 056),2026-03-27 10:25,10.0,29.5100602,-94.5008326,True,False,False,S313633846,
x00420,Gadwall x Mallard (hybrid),Mareca strepera x Anas platyrhynchos,L600005,Saylorville Reservoir--Lincoln Access,2026-03-27 10:24,1.0,41.757717,-93.7483077,True,True,False,S313656001,
grycat,Gray Catbird,Dumetella carolinensis,L61124234,"45 Calle Treboles 02, Cancún, Quintana Roo, MX (21.206, -86.88)",2026-03-27 10:23,2.0,21.2062256,-86.8803827,True,False,True,S313650774,
yeteup1,Yellow-throated Euphonia,Euphonia hirundinacea,L61124234,"45 Calle Treboles 02, Cancún, Quintana Roo, MX (21.206, -86.88)",2026-03-27 10:23,2.0,21.2062256,-86.8803827,True,False,True,S313650774,
lesgre1,Lesser Greenlet,Pachysylvia decurtata,L61124234,"45 Calle Treboles 02, Cancún, Quintana Roo, MX (21.206, -86.88)",2026-03-27 10:23,1.0,21.2062256,-86.8803827,True,False,True,S313650774,
oltpar1,Olive-throated Parakeet,Eupsittula nana,L61124234,"45 Calle Treboles 02, Cancún, Quintana Roo, MX (21.206, -86.88)",2026-03-27 10:23,2.0,21.2062256,-86.8803827,True,False,True,S313650774,
whevir,White-eyed Vireo,Vireo griseus,L61124234,"45 Calle Treboles 02, Cancún, Quintana Roo, MX (21.206, -86.88)",2026-03-27 10:23,1.0,21.2062256,-86.8803827,True,False,True,S313650774,
brnjay,Brown Jay,Cyanocorax morio,L61124234,"45 Calle Treboles 02, Cancún, Quintana Roo, MX (21.206, -86.88)",2026-03-27 10:23,1.0,21.2062256,-86.8803827,True,False,True,S313650774,
rebpig1,Red-billed Pigeon,Patagioenas flavirostris,L61124234,"45 Calle Treboles 02, Cancún, Quintana Roo, MX (21.206, -86.88)",2026-03-27 10:23,1.0,21.2062256,-86.8803827,True,False,True,S313650774,
mastit1,Masked Tityra,Tityra semifasciata,L61124234,"45 Calle Treboles 02, Cancún, Quintana Roo, MX (21.206, -86.88)",2026-03-27 10:23,2.0,21.2062256,-86.8803827,True,False,True,S313650774,
placha,Plain Chachalaca,Ortalis vetula,L61124234,"45 Calle Treboles 02, Cancún, Quintana Roo, MX (21.206, -86.88)",2026-03-27 10:23,1.0,21.2062256,-86.8803827,True,False,True,S313650774,
wrenti,Wrentit,Chamaea fasciata,L1465764,Mildred Kanipe Park,2026-03-27 10:23,1.0,43.4807382,-123.2225835,True,False,False,S313665370,
eargre,Eared Grebe,Podiceps nigricollis,L140460,Big Johnson Reservoir & Bluestem Prairie Open Space,2026-03-27 10:22,15.0,38.7482319,-104.6943795,True,False,False,S313660731,
norgos,American Goshawk,Astur atricapillus,L35710938,Big Fir Wishing Well,2026-03-27 10:21,1.0,53.832102,-122.952644,True,False,True,S313673623,
greegr,Great Egret,Ardea alba,L61128961,"Cuenca Alimentadora del Distrito Nacional de Riego 043 Estado de Nayarit, La Yesca MX-Nay. 21.49157, -104.42727",2026-03-27 10:20,1.0,21.491573,-104.427266,True,False,True,S313671439,
y00678,Crested Caracara,Caracara plancus,L61128961,"Cuenca Alimentadora del Distrito Nacional de Riego 043 Estado de Nayarit, La Yesca MX-Nay. 21.49157, -104.42727",2026-03-27 10:20,3.0,21.491573,-104.427266,True,False,True,S313671439,
grbher3,Great Blue Heron,Ardea herodias,L61128961,"Cuenca Alimentadora del Distrito Nacional de Riego 043 Estado de Nayarit, La Yesca MX-Nay. 21.49157, -104.42727",2026-03-27 10:20,1.0,21.491573,-104.427266,True,False,True,S313671439,
leagre,Least Grebe,Tachybaptus dominicus,L61128961,"Cuenca Alimentadora del Distrito Nacional de Riego 043 Estado de Nayarit, La Yesca MX-Nay. 21.49157, -104.42727",2026-03-27 10:20,1.0,21.491573,-104.427266,True,False,True,S313671439,
orcwar,Orange-crowned Warbler,Leiothlypis celata,L61128961,"Cuenca Alimentadora del Distrito Nacional de Riego 043 Estado de Nayarit, La Yesca MX-Nay. 21.49157, -104.42727",2026-03-27 10:20,1.0,21.491573,-104.427266,True,False,True,S313671439,
shtgro,Sharp-tailed Grouse,Tympanuchus phasianellus,L61120432,"13064 County Road 31, Newfolden, Minnesota, US (48.299, -96.327)",2026-03-27 10:20,2.0,48.2988257,-96.3271341,True,False,True,S313633045,
leafly,Least Flycatcher,Empidonax minimus,L61128961,"Cuenca Alimentadora del Distrito Nacional de Riego 043 Estado de Nayarit, La Yesca MX-Nay. 21.49157, -104.42727",2026-03-27 10:20,1.0,21.491573,-104.427266,True,False,True,S313671439,
snoplo5,Snowy Plover,Anarhynchus nivosus,L127332,Fort De Soto Park,2026-03-27 10:20,2.0,27.6327266,-82.718157,True,False,False,S313661782,
wesfly,Western Flycatcher,Empidonax difficilis,L38613986,McCann Home (private),2026-03-27 10:18,2.0,40.970199,-123.634158,True,False,True,S313664145,
heegul,Heermann's Gull,Larus heermanni,L1415313,Vacation Isle,2026-03-27 10:18,3.0,32.7750146,-117.2352583,True,False,False,S313664273,
swiwhe1,Swinhoe's White-eye,Zosterops simplex,L61127661,"Margarita Ave., Coronado",2026-03-27 10:17,3.0,32.683239,-117.168569,True,False,True,S313665644,P
rempar,Red-masked Parakeet,Psittacara erythrogenys,L1671859,Presidio--Main Post,2026-03-27 10:17,1.0,37.7999966,-122.4564075,True,False,False,S313665581,N
clanut,Clark's Nutcracker,Nucifraga columbiana,L61127656,"Icefields Pky, Improvement District No. 9 Banff CA-AB 51.96322, -116.71445",2026-03-27 10:17,1.0,51.963221,-116.714447,True,False,True,S313665622,
pingro,Pine Grosbeak,Pinicola enucleator,L51100903,Howse Pass Trailhead Banff National Park,2026-03-27 10:16,3.0,51.968773,-116.72135,True,False,True,S313664935,
x00051,Western x Glaucous-winged Gull (hybrid),Larus occidentalis x glaucescens,L374382,Edmonds Waterfront,2026-03-27 10:16,4.0,47.8119268,-122.3854144,True,False,False,S313672606,
lazbun,Lazuli Bunting,Passerina amoena,L689527,Sabino Dam and downstream riparian,2026-03-27 10:15,1.0,32.3131068,-110.8113941,True,False,False,S313666069,
virwar,Virginia's Warbler,Leiothlypis virginiae,L689527,Sabino Dam and downstream riparian,2026-03-27 10:15,1.0,32.3131068,-110.8113941,True,False,False,S313666069,
bktgna,Black-tailed Gnatcatcher,Polioptila melanura,L689527,Sabino Dam and downstream riparian,2026-03-27 10:15,1.0,32.3131068,-110.8113941,True,False,False,S313666069,
prafal,Prairie Falcon,Falco mexicanus,L29675424,New Fork Bridge Road,2026-03-27 10:14,2.0,42.570673,-109.931124,True,False,True,S313668088,
bkcvir1,Black-capped Vireo,Vireo atricapilla,L61117764,"RM-336, Leakey US-TX",2026-03-27 10:14,1.0,29.919091,-99.796215,True,False,True,S313620603,
spotow,Spotted Towhee,Pipilo maculatus,L2854826,Blink Bonnie Bird Observatory,2026-03-27 10:13,1.0,49.3597935,-123.2836819,True,False,True,S313665705,
mewgul2,Short-billed Gull,Larus brachyrhynchus,L2854826,Blink Bonnie Bird Observatory,2026-03-27 10:13,5.0,49.3597935,-123.2836819,True,False,True,S313665705,
wesowl1,Western Screech-Owl,Megascops kennicottii,L128898,Big Bend NP--Dugout Wells,2026-03-27 10:13,1.0,29.2712002,-103.1352997,True,False,False,S313624944,
yerwar,Yellow-rumped Warbler,Setophaga coronata,L2854826,Blink Bonnie Bird Observatory,2026-03-27 10:13,3.0,49.3597935,-123.2836819,True,False,True,S313665705,
blkoys,Black Oystercatcher,Haematopus bachmani,L2854826,Blink Bonnie Bird Observatory,2026-03-27 10:13,2.0,49.3597935,-123.2836819,True,False,True,S313665705,
pelcor,Pelagic Cormorant,Urile pelagicus,L2854826,Blink Bonnie Bird Observatory,2026-03-27 10:13,4.0,49.3597935,-123.2836819,True,False,True,S313665705,
pacwre1,Pacific Wren,Troglodytes pacificus,L2950160,Jewel Meadows Wildlife Area--Headquarters,2026-03-27 10:13,1.0,45.9401183,-123.5287961,True,False,False,S313671369,
scaqua,Scaled Quail,Callipepla squamata,L128898,Big Bend NP--Dugout Wells,2026-03-27 10:13,1.0,29.2712002,-103.1352997,True,False,False,S313624944,
glwgul,Glaucous-winged Gull,Larus glaucescens,L2854826,Blink Bonnie Bird Observatory,2026-03-27 10:13,3.0,49.3597935,-123.2836819,True,False,True,S313665705,
sagspa1,Sagebrush Sparrow,Artemisiospiza nevadensis,L40699692,"Island Park Rd, Vernal US-UT (40.5034,-109.3399)",2026-03-27 10:12,2.0,40.503364,-109.339855,True,False,True,S313648545,
pinjay,Pinyon Jay,Gymnorhinus cyanocephalus,L40699692,"Island Park Rd, Vernal US-UT (40.5034,-109.3399)",2026-03-27 10:12,20.0,40.503364,-109.339855,True,False,True,S313648545,
chbchi,Chestnut-backed Chickadee,Poecile rufescens,L58409730,winlaw,2026-03-27 10:11,1.0,49.6118648,-117.5507843,True,False,True,S313664786,
wilpha,Wilson's Phalarope,Phalaropus tricolor,L422541,Leonabelle Turnbull Birding Ctr. (CTC 057),2026-03-27 10:11,1.0,27.8275297,-97.0789558,True,False,False,S313669487,
ruckin,Ruby-crowned Kinglet,Corthylio calendula,L58409730,winlaw,2026-03-27 10:11,1.0,49.6118648,-117.5507843,True,False,True,S313664786,
plsvir,Plumbeous Vireo,Vireo plumbeus,L765027,Las Cienegas NCA--Empire Gulch,2026-03-27 10:10,1.0,31.7878465,-110.6365728,True,False,False,S313672387,
varthr,Varied Thrush,Ixoreus naevius,L25377355,Foote St House,2026-03-27 10:10,1.0,47.041481,-122.915746,True,False,True,S313660814,
towwar,Townsend's Warbler,Setophaga townsendi,L25377355,Foote St House,2026-03-27 10:10,1.0,47.041481,-122.915746,True,False,True,S313660814,
cliswa,Cliff Swallow,Petrochelidon pyrrhonota,L8870546,Escuela Nacional de Estudios Superiores Unidad Morelia,2026-03-27 10:09,10.0,19.6501455,-101.2229204,True,False,False,S313644290,
vichum,Violet-crowned Hummingbird,Ramosomyia violiceps,L8870546,Escuela Nacional de Estudios Superiores Unidad Morelia,2026-03-27 10:09,1.0,19.6501455,-101.2229204,True,False,False,S313644290,
spowre1,Spotted Wren,Campylorhynchus gularis,L8870546,Escuela Nacional de Estudios Superiores Unidad Morelia,2026-03-27 10:09,4.0,19.6501455,-101.2229204,True,False,False,S313644290,
piggui,Pigeon Guillemot,Cepphus columba,L344579,Swartz Bay Ferry Terminal,2026-03-27 10:09,2.0,48.68751,-123.41087,True,False,False,S313662343,
oaktit,Oak Titmouse,Baeolophus inornatus,L300659,Stanford University--campus,2026-03-27 10:09,1.0,37.4321365,-122.1689129,True,False,False,S313673419,
hrshaw,Harris's Hawk,Parabuteo unicinctus,L336009,National Butterfly Center--General & area North of Levee,2026-03-27 10:09,1.0,26.1796025,-98.3664483,True,False,False,S313666507,
mouplo,Mountain Plover,Anarhynchus montanus,L61121692,"Myers Rd, Colorado Springs US-CO 38.59276, -104.47204",2026-03-27 10:09,2.0,38.592757,-104.472037,True,False,True,S313639106,
yerwar,Yellow-rumped Warbler,Setophaga coronata,L8870546,Escuela Nacional de Estudios Superiores Unidad Morelia,2026-03-27 10:09,6.0,19.6501455,-101.2229204,True,False,False,S313644290,
x00776,Graylag x Swan Goose (hybrid),Anser anser x cygnoides,L22752937,"3478–3498 Glasson St, Durham US-NC 36.00208, -78.95603",2026-03-27 10:08,1.0,36.00208,-78.95603,True,False,True,S313600066,X
clagre,Clark's Grebe,Aechmophorus clarkii,L518546,Malheur NWR--Narrows,2026-03-27 10:08,,43.282003,-118.96557,True,False,False,S313664496,
ferhaw,Ferruginous Hawk,Buteo regalis,L23993506,"State Highway 351, Big Piney US-WY 42.60404, -109.86374",2026-03-27 10:07,1.0,42.604036,-109.863736,True,False,True,S313672975,
calthr,California Thrasher,Toxostoma redivivum,L610073,Whittier Narrows--Nature Center,2026-03-27 10:06,1.0,34.034666,-118.0435038,True,False,False,S313669212,
norshr4,Northern Shrike,Lanius borealis,L14254245,262nd St,2026-03-27 10:05,1.0,43.7341306,-93.0140966,True,False,True,S313616490,
mexjay4,Mexican Jay,Aphelocoma wollweberi,L61126321,"6110 E Indigo Sky Rd, Hereford US-AZ 31.37324, -110.22247",2026-03-27 10:05,1.0,31.373237,-110.222465,True,False,True,S313659685,
scoori,Scott's Oriole,Icterus parisorum,L61126321,"6110 E Indigo Sky Rd, Hereford US-AZ 31.37324, -110.22247",2026-03-27 10:05,2.0,31.373237,-110.222465,True,False,True,S313659685,
attwoo1,American Three-toed Woodpecker,Picoides dorsalis,L61124241,"3809–3819 US-6, Keystone US-CO (39.6441,-105.8738)",2026-03-27 10:04,1.0,39.644091,-105.873795,True,False,True,S313650809,
woothr,Wood Thrush,Hylocichla mustelina,L2290463,PN Palenque,2026-03-27 10:03,1.0,17.4862562,-92.0423841,True,False,False,S313666762,
harduc,Harlequin Duck,Histrionicus histrionicus,L1309593,Keystone Ferry Landing,2026-03-27 10:03,9.0,48.1566961,-122.6702499,True,False,False,S313664967,
stther2,Stripe-throated Hermit,Phaethornis striigularis,L2290463,PN Palenque,2026-03-27 10:03,1.0,17.4862562,-92.0423841,True,False,False,S313666762,
relpar10,Red-lored Amazon,Amazona autumnalis,L61121446,"Hotel Casa 57, Calle 57, 541, Mérida MX-Yuc. 20.97089, -89.62694",2026-03-27 10:03,7.0,20.97089,-89.626937,True,False,True,S313638118,
ivbwoo1,Ivory-billed Woodcreeper,Xiphorhynchus flavigaster,L2290463,PN Palenque,2026-03-27 10:03,1.0,17.4862562,-92.0423841,True,False,False,S313666762,
gnbman,Green-breasted Mango,Anthracothorax prevostii,L2290463,PN Palenque,2026-03-27 10:03,1.0,17.4862562,-92.0423841,True,False,False,S313666762,
lobher,Long-billed Hermit,Phaethornis longirostris,L2290463,PN Palenque,2026-03-27 10:03,2.0,17.4862562,-92.0423841,True,False,False,S313666762,
orbspa1,Orange-billed Sparrow,Arremon aurantiirostris,L2290463,PN Palenque,2026-03-27 10:03,1.0,17.4862562,-92.0423841,True,False,False,S313666762,
royfly1,Tropical Royal Flycatcher,Onychorhynchus coronatus,L2290463,PN Palenque,2026-03-27 10:03,1.0,17.4862562,-92.0423841,True,False,False,S313666762,
blkvul,Black Vulture,Coragyps atratus,L61121446,"Hotel Casa 57, Calle 57, 541, Mérida MX-Yuc. 20.97089, -89.62694",2026-03-27 10:03,10.0,20.97089,-89.626937,True,False,True,S313638118,
wbwwre1,White-breasted Wood-Wren,Henicorhina leucosticta,L2290463,PN Palenque,2026-03-27 10:03,2.0,17.4862562,-92.0423841,True,False,False,S313666762,
viosab1,Violet Sabrewing,Campylopterus hemileucurus,L2290463,PN Palenque,2026-03-27 10:03,1.0,17.4862562,-92.0423841,True,False,False,S313666762,
greyel,Greater Yellowlegs,Tringa melanoleuca,L41598405,"Surfside RV Resort, Parksville CA-BC 49.32862, -124.30139",2026-03-27 10:02,1.0,49.328616,-124.301392,True,False,True,S313670589,
annhum,Anna's Hummingbird,Calypte anna,L41598405,"Surfside RV Resort, Parksville CA-BC 49.32862, -124.30139",2026-03-27 10:02,4.0,49.328616,-124.301392,True,False,True,S313670589,
bracor,Brandt's Cormorant,Urile penicillatus,L41598405,"Surfside RV Resort, Parksville CA-BC 49.32862, -124.30139",2026-03-27 10:02,6.0,49.328616,-124.301392,True,False,True,S313670589,
pacwre1,Pacific Wren,Troglodytes pacificus,L12157601,Ucluelet--Spring Cove mudlfat,2026-03-27 10:02,2.0,48.9279738,-125.5357455,True,False,False,S313660002,
verdin,Verdin,Auriparus flaviceps,L61125556,"Calle Licenciado Benito Juárez 4, Loreto MX-B.C.S. 26.01192, -111.34269",2026-03-27 10:01,1.0,26.011921,-111.342695,True,False,True,S313656503,
bubsan,Buff-breasted Sandpiper,Calidris subruficollis,L7268778,Darst / Ricefield roads area,2026-03-27 10:00,2.0,29.4249608,-95.9442913,True,False,False,S313648549,
eurgol,European Goldfinch,Carduelis carduelis,L2295528,Harper College,2026-03-27 10:00,3.0,42.0773991,-88.0662024,True,True,False,S313645349,N
baymac,Blue-and-yellow Macaw,Ara ararauna,L61114191,Rancho Mateo Colombian Steakhouse,2026-03-27 10:00,2.0,25.74568,-80.3900957,True,False,True,S313602777,P
gryjay,Canada Jay,Perisoreus canadensis,L303529,Panorama Mountain Village,2026-03-27 10:00,1.0,50.45725,-116.2384833,True,False,False,S313673296,
bushti,Bushtit,Psaltriparus minimus,L285192,Deer Lake Park,2026-03-27 09:59,4.0,49.2376833,-122.9678577,True,False,False,S313668778,
crithr,Crissal Thrasher,Toxostoma crissale,L58711201,BETH Study Area — Northeast (Chihuahuan Desert IBA),2026-03-27 09:58,1.0,32.459821,-108.958588,True,False,True,S313664868,
brespa,Brewer's Sparrow,Spizella breweri,L58711201,BETH Study Area — Northeast (Chihuahuan Desert IBA),2026-03-27 09:58,15.0,32.459821,-108.958588,True,False,True,S313664868,
benthr,Bendire's Thrasher,Toxostoma bendirei,L58711201,BETH Study Area — Northeast (Chihuahuan Desert IBA),2026-03-27 09:58,1.0,32.459821,-108.958588,True,False,True,S313664868,
btther1,Bare-throated Tiger-Heron,Tigrisoma mexicanum,L40947305,"Vía Sin Nombre, Chiapas, MX (16.259, -90.852)",2026-03-27 09:57,1.0,16.259413,-90.851769,True,False,True,S313644677,
trogna2,White-browed Gnatcatcher,Polioptila bilineata,L40947305,"Vía Sin Nombre, Chiapas, MX (16.259, -90.852)",2026-03-27 09:57,1.0,16.259413,-90.851769,True,False,True,S313644677,
woosto,Wood Stork,Mycteria americana,L40947305,"Vía Sin Nombre, Chiapas, MX (16.259, -90.852)",2026-03-27 09:57,1.0,16.259413,-90.851769,True,False,True,S313644677,
y00599,Scarlet-rumped Tanager,Ramphocelus passerinii,L40947305,"Vía Sin Nombre, Chiapas, MX (16.259, -90.852)",2026-03-27 09:57,2.0,16.259413,-90.851769,True,False,True,S313644677,
nrwswa,Northern Rough-winged Swallow,Stelgidopteryx serripennis,L40947305,"Vía Sin Nombre, Chiapas, MX (16.259, -90.852)",2026-03-27 09:57,2.0,16.259413,-90.851769,True,False,True,S313644677,
categr1,Western Cattle-Egret,Ardea ibis,L40947305,"Vía Sin Nombre, Chiapas, MX (16.259, -90.852)",2026-03-27 09:57,5.0,16.259413,-90.851769,True,False,True,S313644677,
chwwid,Chuck-will's-widow,Antrostomus carolinensis,L800575,St. George Island SP--Campground,2026-03-27 09:56,1.0,29.7216849,-84.7440183,True,False,False,S313641998,
greroa,Greater Roadrunner,Geococcyx californianus,L61125181,"Carretera libre a Tijuana-Ensenada, Medio Camino MX-B.C. (32.1706,-116.9044)",2026-03-27 09:55,1.0,32.170616,-116.90437,True,False,True,S313654960,
xanmur2,Scripps's Murrelet,Synthliboramphus scrippsi,L61127358,"Auto selected 34.11027, -119.47201",2026-03-27 09:55,2.0,34.110266,-119.472008,True,False,True,S313664308,
graspa,Grasshopper Sparrow,Ammodramus savannarum,L61121599,"Pedernales Falls State Park, Round Mountain US-TX 30.31431, -98.24244",2026-03-27 09:55,1.0,30.314309,-98.24244,True,False,True,S313638718,
brocow,Bronzed Cowbird,Molothrus aeneus,L14865616,Rio Rico Grass Farms area,2026-03-27 09:54,1.0,26.0891716,-97.9272184,True,False,False,S313633221,
larbun,Lark Bunting,Calamospiza melanocorys,L43480282,"Prairie Dog Town North Of Patti Canyon. 5 Road, Elkhart, Kansas, US (37.134, -101.972)",2026-03-27 09:53,6.0,37.1336935,-101.9718565,True,False,True,S313625762,
bulori,Bullock's Oriole,Icterus bullockii,L213999,Laguna Niguel Regional Park,2026-03-27 09:52,1.0,33.5494066,-117.709837,True,False,False,S313658743,
phaino,Phainopepla,Phainopepla nitens,L1435041,Kitchen Creek Rd.--Pacific Crest Trail pullout,2026-03-27 09:52,1.0,32.7477333,-116.4514766,True,False,False,S313657119,
nswowl,Northern Saw-whet Owl,Aegolius acadicus,L55768914,Paul Bunyan Tree Service (walk-in access only),2026-03-27 09:52,1.0,46.6811981,-96.7977867,True,False,False,S313647843,
rucwar,Rufous-capped Warbler,Basileuterus rufifrons,L370624,PN La Estanzuela,2026-03-27 09:51,2.0,25.5454617,-100.2713585,True,False,False,S313638517,
herthr,Hermit Thrush,Catharus guttatus,L370624,PN La Estanzuela,2026-03-27 09:51,2.0,25.5454617,-100.2713585,True,False,False,S313638517,
btnwar,Black-throated Green Warbler,Setophaga virens,L370624,PN La Estanzuela,2026-03-27 09:51,2.0,25.5454617,-100.2713585,True,False,False,S313638517,
grnjay,Green Jay,Cyanocorax yncas,L370624,PN La Estanzuela,2026-03-27 09:51,2.0,25.5454617,-100.2713585,True,False,False,S313638517,
buwwar,Blue-winged Warbler,Vermivora cyanoptera,L637448,Red Bug Slough Preserve,2026-03-27 09:51,1.0,27.2789392,-82.502906,True,False,False,S313633613,
whwtan1,White-winged Tanager,Piranga leucoptera,L370624,PN La Estanzuela,2026-03-27 09:51,2.0,25.5454617,-100.2713585,True,False,False,S313638517,
eletro1,Coppery-tailed Trogon,Trogon ambiguus,L370624,PN La Estanzuela,2026-03-27 09:51,1.0,25.5454617,-100.2713585,True,False,False,S313638517,
woewar1,Worm-eating Warbler,Helmitheros vermivorum,L637448,Red Bug Slough Preserve,2026-03-27 09:51,1.0,27.2789392,-82.502906,True,False,False,S313633613,
fepowl,Ferruginous Pygmy-Owl,Glaucidium brasilianum,L370624,PN La Estanzuela,2026-03-27 09:51,1.0,25.5454617,-100.2713585,True,False,False,S313638517,
gcrwar,Golden-crowned Warbler,Basileuterus culicivorus,L370624,PN La Estanzuela,2026-03-27 09:51,2.0,25.5454617,-100.2713585,True,False,False,S313638517,
blkgui,Black Guillemot,Cepphus grylle,L29902560,"12 Parsons Ln, Tenants Harbor US-ME 43.92005, -69.25420",2026-03-27 09:49,2.0,43.920054,-69.254204,True,False,True,S313589721,
rebsap,Red-breasted Sapsucker,Sphyrapicus ruber,L55958110,Le Parkway Royale,2026-03-27 09:48,1.0,49.764747,-123.152037,True,False,True,S313655105,
wewvir2,Western Warbling Vireo,Vireo swainsoni,L31260664,124 Montgomery Road,2026-03-27 09:45,2.0,38.3955906,-122.8699083,True,False,True,S313657213,
brbhum,Broad-billed Hummingbird,Cynanthus latirostris,L57253981,Universidad Autónoma del Estado de Hidalgo--Instituto de Ciencias Básicas e Ingeniería,2026-03-27 09:44,1.0,20.094975,-98.7143283,True,False,False,S313637338,
monpar,Monk Parakeet,Myiopsitta monachus,L57253981,Universidad Autónoma del Estado de Hidalgo--Instituto de Ciencias Básicas e Ingeniería,2026-03-27 09:44,2.0,20.094975,-98.7143283,True,False,False,S313637338,N
towwar,Townsend's Warbler,Setophaga townsendi,L57253981,Universidad Autónoma del Estado de Hidalgo--Instituto de Ciencias Básicas e Ingeniería,2026-03-27 09:44,1.0,20.094975,-98.7143283,True,False,False,S313637338,
coshum,Costa's Hummingbird,Calypte costae,L4591764,Angeles NF--Bear Divide,2026-03-27 09:43,1.0,34.3602832,-118.3958924,True,False,False,S313655929,
gilwoo,Gila Woodpecker,Melanerpes uropygialis,L59541496,Caracol Turístico,2026-03-27 09:42,2.0,27.940627,-111.058284,True,False,True,S313655143,
doccor,Double-crested Cormorant,Nannopterum auritum,L59541496,Caracol Turístico,2026-03-27 09:42,,27.940627,-111.058284,True,False,True,S313655143,
snoegr,Snowy Egret,Egretta thula,L59541496,Caracol Turístico,2026-03-27 09:42,1.0,27.940627,-111.058284,True,False,True,S313655143,
gocspa,Golden-crowned Sparrow,Zonotrichia atricapilla,L27601516,Courtenay--Kus-kus-sum,2026-03-27 09:41,2.0,49.6845993,-124.9855661,True,False,False,S313671477,
bewwre,Bewick's Wren,Thryomanes bewickii,L27601516,Courtenay--Kus-kus-sum,2026-03-27 09:41,1.0,49.6845993,-124.9855661,True,False,False,S313671477,
bkbplo,Black-bellied Plover,Pluvialis squatarola,L268086,Clover Point,2026-03-27 09:40,1.0,48.4035536,-123.3491535,True,False,False,S313651372,
pygnut,Pygmy Nuthatch,Sitta pygmaea,L13926171,Lochview Trail,2026-03-27 09:40,6.0,49.9327154,-119.4651175,True,False,True,S313658531,
canwre,Canyon Wren,Catherpes mexicanus,L14633569,Mi ventana,2026-03-27 09:39,1.0,20.3753749,-99.9200681,True,False,True,S313652403,
cacwre,Cactus Wren,Campylorhynchus brunneicapillus,L14633569,Mi ventana,2026-03-27 09:39,1.0,20.3753749,-99.9200681,True,False,True,S313652403,
indbun,Indigo Bunting,Passerina cyanea,L14633569,Mi ventana,2026-03-27 09:39,1.0,20.3753749,-99.9200681,True,False,True,S313652403,
sprgro,Spruce Grouse,Canachites canadensis,L21067466,"4184 Ester Dome Rd, Fairbanks US-AK 64.87550, -148.06860",2026-03-27 09:38,1.0,64.875501,-148.068602,True,False,True,S313668353,
pacloo,Pacific Loon,Gavia pacifica,L1460636,Port Townsend-Keystone Ferry (Jefferson Co.),2026-03-27 09:38,8.0,48.1260146,-122.7193579,True,False,False,S313655354,
roahaw,Roadside Hawk,Rupornis magnirostris,L61115297,"Carretera Tulum - Cancún, Chacalal, Quintana Roo, MX (20.222, -87.43)",2026-03-27 09:38,2.0,20.2222001,-87.4300088,True,False,True,S313607716,
nopowl,Northern Pygmy-Owl,Glaucidium gnoma,L42047510,"Spencer Butte Trail #2, Eugene, Oregon, US (43.982, -123.093)",2026-03-27 09:36,1.0,43.9817273,-123.092904,True,False,True,S313663517,
nutman,Scaly-breasted Munia,Lonchura punctulata,L6430011,Lower Rose Creek,2026-03-27 09:36,1.0,32.8001675,-117.2215376,True,False,False,S313652384,N
borchi2,Boreal Chickadee,Poecile hudsonicus,L61128260,"Far North Bicentennial Park, Anchorage US-AK (61.1791,-149.7476)",2026-03-27 09:35,1.0,61.179136,-149.747582,True,False,True,S313668348,
grnkin,Green Kingfisher,Chloroceryle americana,L249423,Castroville Regional Pk (HOTE 113),2026-03-27 09:34,1.0,29.3424773,-98.8826299,True,False,False,S313645450,
recpar,Red-crowned Amazon,Amazona viridigenalis,L2460793,City of Hope,2026-03-27 09:34,2.0,34.1316644,-117.9724171,True,False,False,S313653413,N
merlin,Merlin,Falco columbarius,L61115274,"Carretera Tulum - Cancún, Chacalal, Quintana Roo, MX (20.26, -87.405)",2026-03-27 09:34,1.0,20.260029,-87.4047337,True,False,True,S313607591,
rufhum,Rufous Hummingbird,Selasphorus rufus,L10268893,"Beaver Road, Victoria CA-BC",2026-03-27 09:33,1.0,48.50179,-123.4132461,True,False,True,S313650684,
peflov,Rosy-faced Lovebird,Agapornis roseicollis,L31116425,"676 Leisure World, Mesa, Arizona, US (33.401, -111.69)",2026-03-27 09:33,2.0,33.4008861,-111.6903918,True,False,True,S313648515,N
wesmea,Western Meadowlark,Sturnella neglecta,L11607228,"3381 Government Road, Desbarats, Ontario, CA (46.352, -83.985)",2026-03-27 09:33,2.0,46.352244,-83.9846587,True,True,True,S313594978,
linspa,Lincoln's Sparrow,Melospiza lincolnii,L10268893,"Beaver Road, Victoria CA-BC",2026-03-27 09:33,1.0,48.50179,-123.4132461,True,False,True,S313650684,
comgal1,Common Gallinule,Gallinula galeata,L4557401,Canal Nacional--Prado Churubusco,2026-03-27 09:32,2.0,19.351,-99.123,True,False,False,S313637726,
robgro,Rose-breasted Grosbeak,Pheucticus ludovicianus,L4557401,Canal Nacional--Prado Churubusco,2026-03-27 09:32,1.0,19.351,-99.123,True,False,False,S313637726,
blkter,Black Tern,Chlidonias niger,L391761,San Luis Pass (Folletts I.)(UTC 103),2026-03-27 09:32,1.0,29.078807,-95.1294458,True,False,False,S313612316,
grnher,Green Heron,Butorides virescens,L4557401,Canal Nacional--Prado Churubusco,2026-03-27 09:32,2.0,19.351,-99.123,True,False,False,S313637726,
renpha,Red-necked Phalarope,Phalaropus lobatus,L605526,Santa Barbara Channel--east channel (VEN Co.),2026-03-27 09:31,15.0,34.1544317,-119.3767548,True,False,False,S313664233,
dunlin,Dunlin,Calidris alpina,L797122,Cape Sable Island--The Hawk,2026-03-27 09:31,61.0,43.4135136,-65.6219913,True,False,False,S313574376,
smilon,Smith's Longspur,Calcarius pictus,L890181,"Lye Creek Prairie Burn, aka The Burn",2026-03-27 09:31,6.0,40.1334128,-86.8616867,True,False,False,S313636775,
sander,Sanderling,Calidris alba,L797122,Cape Sable Island--The Hawk,2026-03-27 09:31,23.0,43.4135136,-65.6219913,True,False,False,S313574376,
x00758,Graylag x Canada Goose (hybrid),Anser anser x Branta canadensis,L1743685,Belmar Park,2026-03-27 09:31,1.0,39.7044793,-105.0857735,True,False,False,S313646315,X
lbbgul,Lesser Black-backed Gull,Larus fuscus,L4382091,Calgary--Rotary/Mattamy Wetlands (68 Street SE),2026-03-27 09:31,2.0,51.0325088,-113.9285472,True,True,False,S313658713,
btywar,Black-throated Gray Warbler,Setophaga nigrescens,L9192027,Blackhawk Lane,2026-03-27 09:29,2.0,39.0404734,-120.7969133,True,False,True,S313662432,
bklkit,Black-legged Kittiwake,Rissa tridactyla,L559390,Middleton Island (restricted access),2026-03-27 09:27,1500.0,59.4278983,-146.33008,True,False,False,S313668416,
canwre,Canyon Wren,Catherpes mexicanus,L6555888,Robson--Lion's Head Waterfront,2026-03-27 09:27,1.0,49.3324498,-117.6826394,True,False,False,S313654319,
sumtan,Summer Tanager,Piranga rubra,L17387398,Bosque de Chapultepec--Jardín Botánico,2026-03-27 09:26,1.0,19.4233878,-99.1830415,True,False,False,S313643915,
bcnher,Black-crowned Night Heron,Nycticorax nycticorax,L17387398,Bosque de Chapultepec--Jardín Botánico,2026-03-27 09:26,2.0,19.4233878,-99.1830415,True,False,False,S313643915,
berhum,Berylline Hummingbird,Saucerottia beryllina,L17387398,Bosque de Chapultepec--Jardín Botánico,2026-03-27 09:26,2.0,19.4233878,-99.1830415,True,False,False,S313643915,
sonspa,Song Sparrow,Melospiza melodia,L17387398,Bosque de Chapultepec--Jardín Botánico,2026-03-27 09:26,1.0,19.4233878,-99.1830415,True,False,False,S313643915,
naswar,Nashville Warbler,Leiothlypis ruficapilla,L17387398,Bosque de Chapultepec--Jardín Botánico,2026-03-27 09:26,2.0,19.4233878,-99.1830415,True,False,False,S313643915,
ruckin,Ruby-crowned Kinglet,Corthylio calendula,L17387398,Bosque de Chapultepec--Jardín Botánico,2026-03-27 09:26,2.0,19.4233878,-99.1830415,True,False,False,S313643915,
yebmag,Yellow-billed Magpie,Pica nuttalli,L934886,Schweitzer Grove,2026-03-27 09:26,1.0,38.6448972,-121.2957144,True,False,False,S313658023,
whtdov,White-tipped Dove,Leptotila verreauxi,L22811267,Rancho Primavera,2026-03-27 09:25,2.0,20.3412871,-105.3499818,True,False,False,S313629539,
golvir1,Golden Vireo,Vireo hypochryseus,L22811267,Rancho Primavera,2026-03-27 09:25,1.0,20.3412871,-105.3499818,True,False,False,S313629539,
gocwoo1,Golden-cheeked Woodpecker,Melanerpes chrysogenys,L22811267,Rancho Primavera,2026-03-27 09:25,1.0,20.3412871,-105.3499818,True,False,False,S313629539,
obnthr1,Orange-billed Nightingale-Thrush,Catharus aurantiirostris,L22811267,Rancho Primavera,2026-03-27 09:25,1.0,20.3412871,-105.3499818,True,False,False,S313629539,
sinwre1,Sinaloa Wren,Thryophilus sinaloa,L22811267,Rancho Primavera,2026-03-27 09:25,1.0,20.3412871,-105.3499818,True,False,False,S313629539,
bbwduc,Black-bellied Whistling-Duck,Dendrocygna autumnalis,L22811267,Rancho Primavera,2026-03-27 09:25,3.0,20.3412871,-105.3499818,True,False,False,S313629539,
hapwre1,Happy Wren,Pheugopedius felix,L22811267,Rancho Primavera,2026-03-27 09:25,1.0,20.3412871,-105.3499818,True,False,False,S313629539,
thbkin,Thick-billed Kingbird,Tyrannus crassirostris,L22811267,Rancho Primavera,2026-03-27 09:25,1.0,20.3412871,-105.3499818,True,False,False,S313629539,
rucmot1,Russet-crowned Motmot,Momotus mexicanus,L22811267,Rancho Primavera,2026-03-27 09:25,2.0,20.3412871,-105.3499818,True,False,False,S313629539,
orcpar,Orange-chinned Parakeet,Brotogeris jugularis,L3457210,Hotel Best Western Palmareca,2026-03-27 09:25,2.0,16.7565889,-93.1528468,True,False,False,S313623536,
buggna,Blue-gray Gnatcatcher,Polioptila caerulea,L22811267,Rancho Primavera,2026-03-27 09:25,5.0,20.3412871,-105.3499818,True,False,False,S313629539,
yewcac1,Yellow-winged Cacique,Cassiculus melanicterus,L22811267,Rancho Primavera,2026-03-27 09:25,6.0,20.3412871,-105.3499818,True,False,False,S313629539,
motowl,Mottled Owl,Strix virgata,L22811267,Rancho Primavera,2026-03-27 09:25,1.0,20.3412871,-105.3499818,True,False,False,S313629539,
amered,American Redstart,Setophaga ruticilla,L22811267,Rancho Primavera,2026-03-27 09:25,1.0,20.3412871,-105.3499818,True,False,False,S313629539,
wesfly,Western Flycatcher,Empidonax difficilis,L22811267,Rancho Primavera,2026-03-27 09:25,1.0,20.3412871,-105.3499818,True,False,False,S313629539,
whfpar1,White-fronted Amazon,Amazona albifrons,L3457210,Hotel Best Western Palmareca,2026-03-27 09:25,6.0,16.7565889,-93.1528468,True,False,False,S313623536,
blumoc,Blue Mockingbird,Melanotis caerulescens,L22811267,Rancho Primavera,2026-03-27 09:25,2.0,20.3412871,-105.3499818,True,False,False,S313629539,
grasal2,Cinnamon-bellied Saltator,Saltator grandis,L22811267,Rancho Primavera,2026-03-27 09:25,1.0,20.3412871,-105.3499818,True,False,False,S313629539,
lesyel,Lesser Yellowlegs,Tringa flavipes,L27629067,Bosque de San Juan de Aragón--Lago Menor,2026-03-27 09:24,1.0,19.4597444,-99.0732679,True,False,False,S313626778,
norsho,Northern Shoveler,Spatula clypeata,L27629067,Bosque de San Juan de Aragón--Lago Menor,2026-03-27 09:24,20.0,19.4597444,-99.0732679,True,False,False,S313626778,
y00475,American Coot,Fulica americana,L27629067,Bosque de San Juan de Aragón--Lago Menor,2026-03-27 09:24,7.0,19.4597444,-99.0732679,True,False,False,S313626778,
ameavo,American Avocet,Recurvirostra americana,L27629067,Bosque de San Juan de Aragón--Lago Menor,2026-03-27 09:24,22.0,19.4597444,-99.0732679,True,False,False,S313626778,
hrshaw,Harris's Hawk,Parabuteo unicinctus,L27629067,Bosque de San Juan de Aragón--Lago Menor,2026-03-27 09:24,1.0,19.4597444,-99.0732679,True,False,False,S313626778,
rudduc,Ruddy Duck,Oxyura jamaicensis,L27629067,Bosque de San Juan de Aragón--Lago Menor,2026-03-27 09:24,17.0,19.4597444,-99.0732679,True,False,False,S313626778,
buwtea,Blue-winged Teal,Spatula discors,L27629067,Bosque de San Juan de Aragón--Lago Menor,2026-03-27 09:24,4.0,19.4597444,-99.0732679,True,False,False,S313626778,
baisan,Baird's Sandpiper,Calidris bairdii,L27629067,Bosque de San Juan de Aragón--Lago Menor,2026-03-27 09:24,10.0,19.4597444,-99.0732679,True,False,False,S313626778,
pibgre,Pied-billed Grebe,Podilymbus podiceps,L27629067,Bosque de San Juan de Aragón--Lago Menor,2026-03-27 09:24,2.0,19.4597444,-99.0732679,True,False,False,S313626778,
bknsti,Black-necked Stilt,Himantopus mexicanus,L27629067,Bosque de San Juan de Aragón--Lago Menor,2026-03-27 09:24,8.0,19.4597444,-99.0732679,True,False,False,S313626778,
cintea,Cinnamon Teal,Spatula cyanoptera,L27629067,Bosque de San Juan de Aragón--Lago Menor,2026-03-27 09:24,9.0,19.4597444,-99.0732679,True,False,False,S313626778,
mexduc,Mexican Duck,Anas diazi,L27629067,Bosque de San Juan de Aragón--Lago Menor,2026-03-27 09:24,5.0,19.4597444,-99.0732679,True,False,False,S313626778,
killde,Killdeer,Charadrius vociferus,L27629067,Bosque de San Juan de Aragón--Lago Menor,2026-03-27 09:24,1.0,19.4597444,-99.0732679,True,False,False,S313626778,
brbhum2,Turquoise-crowned Hummingbird,Cynanthus doubledayi,L11088071,Playa Mazunte,2026-03-27 09:22,1.0,15.6650235,-96.5527078,True,False,False,S313668254,
eurwig,Eurasian Wigeon,Mareca penelope,L2993848,Carrie Blake Park,2026-03-27 09:22,5.0,48.0800197,-123.0817978,True,False,False,S313665099,
cocboo1,Cocos Booby,Sula brewsteri,L11088071,Playa Mazunte,2026-03-27 09:22,1.0,15.6650235,-96.5527078,True,False,False,S313668254,
whepar2,White-eyed Parakeet,Psittacara leucophthalmus,L61110326,"1–33 65th St, Miami Beach US-FL 25.84844, -80.12047",2026-03-27 09:21,1.0,25.848437,-80.12047,True,False,True,S313579886,P
phaino,Phainopepla,Phainopepla nitens,L2300862,Jardín Botánico El Charco del Ingenio,2026-03-27 09:20,1.0,20.9178314,-100.7273984,True,False,False,S313668021,
grykin,Gray Kingbird,Tyrannus dominicensis,L122388,Big Pine Key--Blue Hole,2026-03-27 09:20,1.0,24.705893,-81.380295,True,False,False,S313600741,
snakit,Snail Kite,Rostrhamus sociabilis,L580878,Lake Marian Boat Ramp,2026-03-27 09:19,2.0,27.872863,-81.0518074,True,False,False,S313611511,
fragul,Franklin's Gull,Leucophaeus pipixcan,L12680124,"Carburn Park, Calgary CA-AB 50.97296, -114.02532",2026-03-27 09:16,1.0,50.972958,-114.025324,True,False,True,S313661155,
wilsap,Williamson's Sapsucker,Sphyrapicus thyroideus,L61122460,"National Forest Development Road 45, Bend, Oregon, US (43.939, -121.593",2026-03-27 09:16,2.0,43.9389593,-121.5929216,True,False,True,S313642688,
herthr,Hermit Thrush,Catharus guttatus,L252514,Uplands Park,2026-03-27 09:15,1.0,48.4416354,-123.2988112,True,False,False,S313671012,
yehbla,Yellow-headed Blackbird,Xanthocephalus xanthocephalus,L14549468,"Sonora, MX (31.991, -114.843)",2026-03-27 09:15,9.0,31.9914022,-114.8428786,True,False,True,S313645122,
comyel,Common Yellowthroat,Geothlypis trichas,L14549468,"Sonora, MX (31.991, -114.843)",2026-03-27 09:15,3.0,31.9914022,-114.8428786,True,False,True,S313645122,
bucpar,Blue-crowned Parakeet,Thectocercus acuticaudatus,L4705858,Bradenton Beach,2026-03-27 09:15,2.0,27.4685637,-82.7000395,True,False,False,S313590918,P
whfibi,White-faced Ibis,Plegadis chihi,L14549468,"Sonora, MX (31.991, -114.843)",2026-03-27 09:15,9.0,31.9914022,-114.8428786,True,False,True,S313645122,
tribla,Tricolored Blackbird,Agelaius tricolor,L61124170,"11625 Morgan Territory Rd, Livermore US-CA 37.78597, -121.77034",2026-03-27 09:15,6.0,37.785968,-121.770344,True,False,True,S313650470,
x00051,Western x Glaucous-winged Gull (hybrid),Larus occidentalis x glaucescens,L679272,UBC--Cecil Green & Museum of Anthropology grounds,2026-03-27 09:15,3.0,49.27014,-123.2606202,True,False,False,S313657542,
juntit1,Juniper Titmouse,Baeolophus ridgwayi,L61119790,"Blair Springs road (40.5526,-109.2567)",2026-03-27 09:15,2.0,40.552629,-109.256738,True,False,True,S313630124,
rhiauk,Rhinoceros Auklet,Cerorhinca monocerata,L509262,Point Wilson,2026-03-27 09:15,1.0,48.1442626,-122.7539778,True,False,False,S313665745,
marwre,Marsh Wren,Cistothorus palustris,L14549468,"Sonora, MX (31.991, -114.843)",2026-03-27 09:15,7.0,31.9914022,-114.8428786,True,False,True,S313645122,
grpchi,Greater Prairie-Chicken,Tympanuchus cupido,L58499290,Road U Lek (Stay in Car! View from road),2026-03-27 09:15,21.0,40.6264117,-99.0750064,True,False,False,S313600922,
rorpar,Rose-ringed Parakeet,Psittacula krameri,L30334511,"Fruitvale Norris Park, Bakersfield US-CA 35.41899, -119.07345",2026-03-27 09:14,3.0,35.418987,-119.073445,True,False,True,S313649304,P
casspa,Cassin's Sparrow,Peucaea cassinii,L18188767,"Henry Ranch, Charlotte, Texas",2026-03-27 09:14,2.0,28.8445987,-98.7301252,True,False,True,S313632856,
nstspa,Nelson's Sparrow,Ammospiza nelsoni,L484987,Bald Point SP,2026-03-27 09:13,1.0,29.9377826,-84.3381304,True,False,False,S313638902,
vichum,Violet-crowned Hummingbird,Ramosomyia violiceps,L247122,Paton Center for Hummingbirds (Patons' Yard),2026-03-27 09:12,1.0,31.5390131,-110.7606337,True,False,False,S313664098,
britit,Bridled Titmouse,Baeolophus wollweberi,L247122,Paton Center for Hummingbirds (Patons' Yard),2026-03-27 09:12,2.0,31.5390131,-110.7606337,True,False,False,S313664098,
dusgro,Dusky Grouse,Dendragapus obscurus,L61119208,"Pike and San Isabel National Forests, Buena Vista US-CO 38.85904, -106.06520",2026-03-27 09:12,1.0,38.859039,-106.065196,True,False,True,S313627293,
easwpw1,Eastern Whip-poor-will,Antrostomus vociferus,L374130,Blucher Park (CTC 071),2026-03-27 09:11,1.0,27.791317,-97.399174,True,False,False,S313627442,
btywar,Black-throated Gray Warbler,Setophaga nigrescens,L61029672,"Estacionamiento Facultad De Ciencias Ciudad de México, Ciudad de México, MX (19.324, -99.18)",2026-03-27 09:10,1.0,19.3241837,-99.1804752,True,False,True,S313620602,
rubrob,Rufous-backed Robin,Turdus rufopalliatus,L61029672,"Estacionamiento Facultad De Ciencias Ciudad de México, Ciudad de México, MX (19.324, -99.18)",2026-03-27 09:10,1.0,19.3241837,-99.1804752,True,False,True,S313620602,
bkhgro,Black-headed Grosbeak,Pheucticus melanocephalus,L61029672,"Estacionamiento Facultad De Ciencias Ciudad de México, Ciudad de México, MX (19.324, -99.18)",2026-03-27 09:10,1.0,19.3241837,-99.1804752,True,False,True,S313620602,
swagoo1,Swan Goose,Anser cygnoides,L128990,Hermann Park,2026-03-27 09:10,2.0,29.7168676,-95.3921521,True,False,False,S313626282,X
marwre,Marsh Wren,Cistothorus palustris,L525251,Sea Island--Woods Island Marsh,2026-03-27 09:10,2.0,49.209753,-123.1614191,True,False,False,S313648389,
hamfly,Hammond's Flycatcher,Empidonax hammondii,L292553,Madera Canyon--Whitehouse Picnic area,2026-03-27 09:10,1.0,31.733668,-110.882269,True,False,False,S313658538,
whcpig2,White-crowned Pigeon,Patagioenas leucocephala,L61115574,"Dagny Johnson Key Largo Hammock Botanical State Park, Key Largo US-FL 25.17579, -80.36919",2026-03-27 09:09,1.0,25.175789,-80.369187,True,False,True,S313609050,
sooshe,Sooty Shearwater,Ardenna grisea,L109309,Pt. Pinos--seawatch only,2026-03-27 09:09,,36.6373821,-121.9357538,True,False,False,S313649882,
bkhgro,Black-headed Grosbeak,Pheucticus melanocephalus,L33505774,"7844 Whelan Dr, San Diego US-CA 32.80663, -117.02478",2026-03-27 09:09,1.0,32.806627,-117.024785,True,False,True,S313639348,
ancmur,Ancient Murrelet,Synthliboramphus antiquus,L109309,Pt. Pinos--seawatch only,2026-03-27 09:09,2.0,36.6373821,-121.9357538,True,False,False,S313649882,
clcspa,Clay-colored Sparrow,Spizella pallida,L51787620,Fort Hood--Pollinator Garden,2026-03-27 09:07,1.0,31.1501,-97.7669,True,False,False,S313635762,
casvir,Cassin's Vireo,Vireo cassinii,L1292955,Tilden Regional Park--Vollmer Peak,2026-03-27 09:07,1.0,37.8830508,-122.222836,True,False,False,S313663169,
lilmea2,Chihuahuan Meadowlark,Sturnella lilianae,L248042,Las Cienegas NCA (Pima Co.),2026-03-27 09:06,2.0,31.7726703,-110.6616783,True,False,False,S313659078,
mexduc,Mexican Duck,Anas diazi,L209342,Henderson Bird Viewing Preserve,2026-03-27 09:06,1.0,36.0749791,-115.0021416,True,False,False,S313670169,
westan,Western Tanager,Piranga ludoviciana,L6926783,Museo de las Aves de México,2026-03-27 09:05,2.0,25.4164729,-101.0024864,True,False,True,S313617254,
calqua,California Quail,Callipepla californica,L4178721,Kelowna West Estates/Nancee Way Village,2026-03-27 09:05,30.0,49.881274,-119.5448333,True,False,True,S313648645,N
glagul,Glaucous Gull,Larus hyperboreus,L1853298,Sheboygan Inner Harbor,2026-03-27 09:05,1.0,43.7458488,-87.7104048,True,False,False,S313646439,
bracor,Brandt's Cormorant,Urile penicillatus,L1778068,Puerto Loreto,2026-03-27 09:04,2.0,26.014062,-111.3393992,True,False,False,S313638387,
eleter1,Elegant Tern,Thalasseus elegans,L1778068,Puerto Loreto,2026-03-27 09:04,,26.014062,-111.3393992,True,False,False,S313638387,
bfoboo,Blue-footed Booby,Sula nebouxii,L1778068,Puerto Loreto,2026-03-27 09:04,5.0,26.014062,-111.3393992,True,False,False,S313638387,
westan,Western Tanager,Piranga ludoviciana,L7476792,Berry Street Park,2026-03-27 09:04,1.0,32.7313661,-117.045435,True,False,False,S313674378,
yefgul,Yellow-footed Gull,Larus livens,L1778068,Puerto Loreto,2026-03-27 09:04,,26.014062,-111.3393992,True,False,False,S313638387,
plukit1,Plumbeous Kite,Ictinia plumbea,L9202304,Reserva Ejidal Reforma Agraria,2026-03-27 09:03,1.0,16.2521531,-90.8340602,True,False,False,S313631313,
yebfly,Yellow-bellied Flycatcher,Empidonax flaviventris,L9202304,Reserva Ejidal Reforma Agraria,2026-03-27 09:03,2.0,16.2521531,-90.8340602,True,False,False,S313631313,
yeofly1,Yellow-olive Flatbill,Tolmomyias sulphurescens,L9202304,Reserva Ejidal Reforma Agraria,2026-03-27 09:03,1.0,16.2521531,-90.8340602,True,False,False,S313631313,
bucmot2,Lesson's Motmot,Momotus lessonii,L9202304,Reserva Ejidal Reforma Agraria,2026-03-27 09:03,1.0,16.2521531,-90.8340602,True,False,False,S313631313,
greela,Greenish Elaenia,Myiopagis viridicata,L9202304,Reserva Ejidal Reforma Agraria,2026-03-27 09:03,1.0,16.2521531,-90.8340602,True,False,False,S313631313,
spbwre1,Spot-breasted Wren,Pheugopedius maculipectus,L9202304,Reserva Ejidal Reforma Agraria,2026-03-27 09:03,2.0,16.2521531,-90.8340602,True,False,False,S313631313,
ducfly,Dusky-capped Flycatcher,Myiarchus tuberculifer,L9202304,Reserva Ejidal Reforma Agraria,2026-03-27 09:03,2.0,16.2521531,-90.8340602,True,False,False,S313631313,
gartro1,Gartered Violaceous Trogon,Trogon caligatus,L9202304,Reserva Ejidal Reforma Agraria,2026-03-27 09:03,1.0,16.2521531,-90.8340602,True,False,False,S313631313,
brwhaw,Broad-winged Hawk,Buteo platypterus,L9202304,Reserva Ejidal Reforma Agraria,2026-03-27 09:03,8.0,16.2521531,-90.8340602,True,False,False,S313631313,
bkcori,Black-cowled Oriole,Icterus prosthemelas,L9202304,Reserva Ejidal Reforma Agraria,2026-03-27 09:03,1.0,16.2521531,-90.8340602,True,False,False,S313631313,
blgdov1,Blue Ground Dove,Claravis pretiosa,L9202304,Reserva Ejidal Reforma Agraria,2026-03-27 09:03,1.0,16.2521531,-90.8340602,True,False,False,S313631313,
recwoo,Red-cockaded Woodpecker,Leuconotopicus borealis,L23192472,"Southeast 37th Ave. Rd, Silver Springs, Florida, US",2026-03-27 09:03,1.0,29.1549035,-81.9501493,True,False,True,S313658302,
rewbla,Red-winged Blackbird,Agelaius phoeniceus,L14549302,"Sonora, MX (31.992, -114.841)",2026-03-27 09:02,7.0,31.9917997,-114.8413588,True,False,True,S313641922,
wesgul,Western Gull,Larus occidentalis,L21499483,Ongley Institute,2026-03-27 09:00,25.0,31.8671046,-116.6728268,True,False,True,S313646526,
caster1,Caspian Tern,Hydroprogne caspia,L21499483,Ongley Institute,2026-03-27 09:00,1.0,31.8671046,-116.6728268,True,False,True,S313646526,
bknsti,Black-necked Stilt,Himantopus mexicanus,L1146986,Frank Lake--NW lookout/blind/outflow,2026-03-27 09:00,3.0,50.5652486,-113.7179804,True,True,False,S313641653,
heegul,Heermann's Gull,Larus heermanni,L21499483,Ongley Institute,2026-03-27 09:00,1.0,31.8671046,-116.6728268,True,False,True,S313646526,
ridrai1,Ridgway's Rail,Rallus obsoletus,L465122,Sonny Bono Salton Sea NWR--Rock Hill Trail,2026-03-27 09:00,2.0,33.1788315,-115.6226921,True,False,False,S313659176,
pacloo,Pacific Loon,Gavia pacifica,L3262520,Davis Bay Wharf,2026-03-27 09:00,2.0,49.4451099,-123.729744,True,False,False,S313663324,
orfpar,Orange-fronted Parakeet,Eupsittula canicularis,L40624743,Observatorio de Aves de San Pancho,2026-03-27 09:00,2.0,20.8920933,-105.406563,True,False,False,S313664468,
osprey,Osprey,Pandion haliaetus,L21499483,Ongley Institute,2026-03-27 09:00,1.0,31.8671046,-116.6728268,True,False,True,S313646526,
paibun,Painted Bunting,Passerina ciris,L40624743,Observatorio de Aves de San Pancho,2026-03-27 09:00,3.0,20.8920933,-105.406563,True,False,False,S313664468,
pelcor,Pelagic Cormorant,Urile pelagicus,L21499483,Ongley Institute,2026-03-27 09:00,5.0,31.8671046,-116.6728268,True,False,True,S313646526,
belkin1,Belted Kingfisher,Megaceryle alcyon,L21499483,Ongley Institute,2026-03-27 09:00,1.0,31.8671046,-116.6728268,True,False,True,S313646526,
sposan,Spotted Sandpiper,Actitis macularius,L21499483,Ongley Institute,2026-03-27 09:00,1.0,31.8671046,-116.6728268,True,False,True,S313646526,
sursco,Surf Scoter,Melanitta perspicillata,L21499483,Ongley Institute,2026-03-27 09:00,2.0,31.8671046,-116.6728268,True,False,True,S313646526,
swathr,Swainson's Thrush,Catharus ustulatus,L40624743,Observatorio de Aves de San Pancho,2026-03-27 09:00,2.0,20.8920933,-105.406563,True,False,False,S313664468,
blktur,Black Turnstone,Arenaria melanocephala,L21499483,Ongley Institute,2026-03-27 09:00,1.0,31.8671046,-116.6728268,True,False,True,S313646526,
blubun,Blue Bunting,Cyanocompsa parellina,L40624743,Observatorio de Aves de San Pancho,2026-03-27 09:00,1.0,20.8920933,-105.406563,True,False,False,S313664468,
caltow,California Towhee,Melozone crissalis,L21499483,Ongley Institute,2026-03-27 09:00,1.0,31.8671046,-116.6728268,True,False,True,S313646526,
btmjay,Black-throated Magpie-Jay,Cyanocorax colliei,L40624743,Observatorio de Aves de San Pancho,2026-03-27 09:00,2.0,20.8920933,-105.406563,True,False,False,S313664468,
lawgol,Lawrence's Goldfinch,Spinus lawrencei,L61128847,"Camp San Luis Obispo, San Luis Obispo US-CA 35.32586, -120.71955",2026-03-27 08:57,3.0,35.325859,-120.719554,True,False,True,S313670958,
whhwoo,White-headed Woodpecker,Leuconotopicus albolarvatus,L1305186,Yosemite NP--Sentinel Beach,2026-03-27 08:56,4.0,37.7355704,-119.6042705,True,False,False,S313660153,
casfin,Cassin's Finch,Haemorhous cassinii,L24302586,"348 Duncan Avenue West, Penticton, British Columbia, CA (49.484, -119.599)",2026-03-27 08:55,2.0,49.4839813,-119.5991616,True,False,True,S313634806,
triher,Tricolored Heron,Egretta tricolor,L3281122,Fairmont Mayakoba,2026-03-27 08:55,1.0,20.6868737,-87.0292497,True,False,False,S313600672,
neocor,Neotropic Cormorant,Nannopterum brasilianum,L3281122,Fairmont Mayakoba,2026-03-27 08:55,3.0,20.6868737,-87.0292497,True,False,False,S313600672,
limpki,Limpkin,Aramus guarauna,L3281122,Fairmont Mayakoba,2026-03-27 08:55,1.0,20.6868737,-87.0292497,True,False,False,S313600672,
anhing,Anhinga,Anhinga anhinga,L3281122,Fairmont Mayakoba,2026-03-27 08:55,5.0,20.6868737,-87.0292497,True,False,False,S313600672,
blhtro1,Black-headed Trogon,Trogon melanocephalus,L3281122,Fairmont Mayakoba,2026-03-27 08:55,1.0,20.6868737,-87.0292497,True,False,False,S313600672,
orcori,Orchard Oriole,Icterus spurius,L55322807,Valentine Recreation Area,2026-03-27 08:55,1.0,31.242696,-92.6855693,True,True,True,S313654162,
burpar,Burrowing Parakeet,Cyanoliseus patagonus,L13423768,Georgia St.,2026-03-27 08:55,2.0,32.7491585,-117.1453699,True,False,True,S313633803,P
runwor1,Russet-naped Wood-Rail,Aramides albiventris,L3281122,Fairmont Mayakoba,2026-03-27 08:55,2.0,20.6868737,-87.0292497,True,False,False,S313600672,
chispa,Chipping Sparrow,Spizella passerina,L3307860,Parque Rincón de los Encinos,2026-03-27 08:54,6.0,25.574247,-100.272639,True,False,True,S313618273,
ariwoo,Arizona Woodpecker,Leuconotopicus arizonae,L296633,Madera Canyon--Mt. Wrightson Picnic Area & Upper Canyon Trails,2026-03-27 08:54,1.0,31.7124,-110.8744,True,False,False,S313652626,
norcar,Northern Cardinal,Cardinalis cardinalis,L3307860,Parque Rincón de los Encinos,2026-03-27 08:54,1.0,25.574247,-100.272639,True,False,True,S313618273,
paired,Painted Redstart,Myioborus pictus,L296633,Madera Canyon--Mt. Wrightson Picnic Area & Upper Canyon Trails,2026-03-27 08:54,2.0,31.7124,-110.8744,True,False,False,S313652626,
olispa,Olive Sparrow,Arremonops rufivirgatus,L3307860,Parque Rincón de los Encinos,2026-03-27 08:54,1.0,25.574247,-100.272639,True,False,True,S313618273,
blctit4,Black-crested Titmouse,Baeolophus atricristatus,L3307860,Parque Rincón de los Encinos,2026-03-27 08:54,2.0,25.574247,-100.272639,True,False,True,S313618273,
wesblu,Western Bluebird,Sialia mexicana,L305566,Osoyoos--Meadowlark Ln/Haynes Lease (The Throne),2026-03-27 08:53,4.0,49.0945304,-119.5261946,True,False,False,S313654540,
brthum,Broad-tailed Hummingbird,Selasphorus platycercus,L1211296,Upper Water Canyon,2026-03-27 08:53,1.0,35.8377417,-106.360103,True,False,False,S313629084,
bkhgul,Black-headed Gull,Chroicocephalus ridibundus,L353734,St. John's--Quidi Vidi Lake,2026-03-27 08:53,9.0,47.580135,-52.6941258,True,True,False,S313553059,
chukar,Chukar,Alectoris chukar,L305566,Osoyoos--Meadowlark Ln/Haynes Lease (The Throne),2026-03-27 08:53,6.0,49.0945304,-119.5261946,True,False,False,S313654540,N
tufduc,Tufted Duck,Aythya fuligula,L353734,St. John's--Quidi Vidi Lake,2026-03-27 08:53,2.0,47.580135,-52.6941258,True,False,False,S313553059,
saypho,Say's Phoebe,Sayornis saya,L305566,Osoyoos--Meadowlark Ln/Haynes Lease (The Throne),2026-03-27 08:53,2.0,49.0945304,-119.5261946,True,False,False,S313654540,
cregua1,Crested Guan,Penelope purpurascens,L17190390,Noshayab,2026-03-27 08:52,1.0,18.7268061,-89.2480488,True,False,False,S313656309,
oliwoo1,Olivaceous Woodcreeper,Sittasomus griseicapillus,L17190390,Noshayab,2026-03-27 08:52,1.0,18.7268061,-89.2480488,True,False,False,S313656309,
kinvul1,King Vulture,Sarcoramphus papa,L17190390,Noshayab,2026-03-27 08:52,10.0,18.7268061,-89.2480488,True,False,False,S313656309,
kebtou1,Keel-billed Toucan,Ramphastos sulfuratus,L17190390,Noshayab,2026-03-27 08:52,2.0,18.7268061,-89.2480488,True,False,False,S313656309,
whwcro,White-winged Crossbill,Loxia leucoptera,L60967779,"515 W 20th Ave, Anchorage US-AK 61.20273, -149.89229",2026-03-27 08:51,1.0,61.202734,-149.892288,True,False,True,S313663099,
mouqua,Mountain Quail,Oreortyx pictus,L61126076,"Miller Canyon | 34.27177, -117.28790",2026-03-27 08:50,1.0,34.27177,-117.287899,True,False,True,S313658645,
ridrai1,Ridgway's Rail,Rallus obsoletus,L14549111,"Sonora, MX (31.991, -114.84)",2026-03-27 08:50,2.0,31.9908161,-114.8400119,True,False,True,S313637305,
shtgro,Sharp-tailed Grouse,Tympanuchus phasianellus,L8934787,"Smith Yard, Tarbutt Township, Algoma, ON, Canada",2026-03-27 08:49,3.0,46.3523606,-83.9846319,True,False,True,S313585623,
pingro,Pine Grosbeak,Pinicola enucleator,L11239099,"117 Meadowlark Trail, Jefferson City US-MT 46.38660, -112.06899",2026-03-27 08:48,1.0,46.386598,-112.068986,True,False,True,S313625948,
ruwspa,Rufous-winged Sparrow,Peucaea carpalis,L17491396,Anza Trail east of Green Valley Country Club Estates,2026-03-27 08:47,2.0,31.8824926,-110.9775103,True,False,True,S313658271,
ferhaw,Ferruginous Hawk,Buteo regalis,L23270425,Milk River Ridge Reservoir--SE Corner (Highway 506),2026-03-27 08:47,1.0,49.345368,-112.500495,True,False,False,S313666144,
rosgoo,Ross's Goose,Anser rossii,L23270425,Milk River Ridge Reservoir--SE Corner (Highway 506),2026-03-27 08:47,,49.345368,-112.500495,True,False,False,S313666144,
rhiauk,Rhinoceros Auklet,Cerorhinca monocerata,L348477,Oak Bay--Cattle Point,2026-03-27 08:45,4.0,48.43874,-123.29416,True,False,False,S313669133,
commur,Common Murre,Uria aalge,L348477,Oak Bay--Cattle Point,2026-03-27 08:45,32.0,48.43874,-123.29416,True,False,False,S313669133,
snoowl1,Snowy Owl,Bubo scandiacus,L7250860,Highway #301,2026-03-27 08:44,2.0,50.5278879,-105.3969097,True,False,True,S313669937,
rinkin1,Ringed Kingfisher,Megaceryle torquata,L61115312,Santa Ana NWR Chachalaca Trail,2026-03-27 08:44,1.0,26.081188,-98.136284,True,False,True,S313607831,
y00478,Iceland Gull,Larus glaucoides,L159714,Manitowoc Impoundment,2026-03-27 08:42,2.0,44.1001088,-87.6486295,True,False,False,S313602066,
mitpar,Mitred Parakeet,Psittacara mitratus,L43262274,"Palms Neighborhood, Los Angeles, California, US",2026-03-27 08:42,6.0,34.0226114,-118.4057516,True,False,True,S313629597,N
manwar1,Mangrove Yellow Warbler,Setophaga petechia,L770565,South Padre Is.--Birding and Nature Center,2026-03-27 08:41,1.0,26.1374628,-97.1739367,True,False,False,S313618487,
belspa2,Bell's Sparrow,Artemisiospiza belli,L510053,Desert NWR--Corn Creek (Entrance Rd.),2026-03-27 08:41,1.0,36.4326073,-115.3834725,True,False,False,S313636310,
lewwoo,Lewis's Woodpecker,Melanerpes lewis,L38619056,"111 Alder Springs Road, yle, Washington, US (45.707, -121.237)",2026-03-27 08:40,8.0,45.7066572,-121.2371971,True,False,True,S313640839,
acowoo,Acorn Woodpecker,Melanerpes formicivorus,L61116472,"29959, Marqués de Comillas MX-Chis. 16.25362, -90.84221",2026-03-27 08:37,2.0,16.253618,-90.842211,True,False,True,S313613661,
yefgra1,Yellow-faced Grassquit,Tiaris olivaceus,L61116472,"29959, Marqués de Comillas MX-Chis. 16.25362, -90.84221",2026-03-27 08:37,1.0,16.253618,-90.842211,True,False,True,S313613661,
blbgra1,Blue-black Grassquit,Volatinia jacarina,L61116472,"29959, Marqués de Comillas MX-Chis. 16.25362, -90.84221",2026-03-27 08:37,3.0,16.253618,-90.842211,True,False,True,S313613661,
shbpig,Short-billed Pigeon,Patagioenas nigrirostris,L61116472,"29959, Marqués de Comillas MX-Chis. 16.25362, -90.84221",2026-03-27 08:37,2.0,16.253618,-90.842211,True,False,True,S313613661,
trimun,Tricolored Munia,Lonchura malacca,L581830,Belle Glade Marina & Torry Island,2026-03-27 08:36,5.0,26.7063982,-80.7168961,True,True,False,S313592298,N
ruff,Ruff,Calidris pugnax,L578456,T.M. Goodwin WMA--Broadmoor Unit,2026-03-27 08:36,1.0,27.8891565,-80.746336,True,True,False,S313628078,
greyel,Greater Yellowlegs,Tringa melanoleuca,L14548892,"Sonora, MX (31.99, -114.838)",2026-03-27 08:36,2.0,31.9903885,-114.8380578,True,False,True,S313632445,
ribgul,Ring-billed Gull,Larus delawarensis,L14548892,"Sonora, MX (31.99, -114.838)",2026-03-27 08:36,5.0,31.9903885,-114.8380578,True,False,True,S313632445,
rewbul,Red-whiskered Bulbul,Pycnonotus jocosus,L1088074,Blaisdell  Preserve,2026-03-27 08:34,1.0,34.137934,-117.7020264,True,False,False,S313641777,N
grsfly1,Gray Silky-flycatcher,Ptiliogonys cinereus,L53225259,Plaza Río de Janeiro,2026-03-27 08:33,1.0,19.4210695,-99.1604745,True,False,False,S313606551,
amerob,American Robin,Turdus migratorius,L53225259,Plaza Río de Janeiro,2026-03-27 08:33,1.0,19.4210695,-99.1604745,True,False,False,S313606551,
mallar4,Mallard x Mexican Duck (hybrid),Anas platyrhynchos x diazi,L128977,"Green Valley WRF (park outside fence, walk in only)",2026-03-27 08:33,1.0,31.899334,-110.9695026,True,False,False,S313658983,
whcsee1,Morelet's Seedeater,Sporophila morelleti,L375369,Laredo- Las Palmas Trail & Zacate Creek,2026-03-27 08:32,1.0,27.4994356,-99.4944084,True,False,False,S313633278,
banswa,Bank Swallow,Riparia riparia,L375369,Laredo- Las Palmas Trail & Zacate Creek,2026-03-27 08:32,6.0,27.4994356,-99.4944084,True,False,False,S313633278,
grnpar,Green Parakeet,Psittacara holochlorus,L375369,Laredo- Las Palmas Trail & Zacate Creek,2026-03-27 08:32,3.0,27.4994356,-99.4944084,True,False,False,S313633278,N
marmur,Marbled Murrelet,Brachyramphus marmoratus,L1463292,Fort Flagler SP -- Marrowstone Point,2026-03-27 08:30,2.0,48.1015682,-122.6882685,True,False,False,S313643996,
yehpar,Yellow-headed Amazon,Amazona oratrix,L249887,Quinta Mazatlan WBC (LTC 063),2026-03-27 08:30,1.0,26.176876,-98.2309932,True,False,False,S313625647,X
heptan,Hepatic Tanager,Piranga flava,L129062,Ramsey Canyon Preserve (formerly Mile Hi Ranch),2026-03-27 08:29,1.0,31.4473746,-110.307608,True,False,False,S313666935,
dusfly,Dusky Flycatcher,Empidonax oberholseri,L129062,Ramsey Canyon Preserve (formerly Mile Hi Ranch),2026-03-27 08:29,1.0,31.4473746,-110.307608,True,False,False,S313666935,
grawar,Grace's Warbler,Setophaga graciae,L129062,Ramsey Canyon Preserve (formerly Mile Hi Ranch),2026-03-27 08:29,1.0,31.4473746,-110.307608,True,False,False,S313666935,
gryfly,Gray Flycatcher,Empidonax wrightii,L129062,Ramsey Canyon Preserve (formerly Mile Hi Ranch),2026-03-27 08:29,1.0,31.4473746,-110.307608,True,False,False,S313666935,
calgna,California Gnatcatcher,Polioptila californica,L235486,Tecolote Canyon Natural Park,2026-03-27 08:28,3.0,32.7750469,-117.1959062,True,False,False,S313643579,
wilpta,Willow Ptarmigan,Lagopus lagopus,L1244466,Murphy Dome,2026-03-27 08:26,47.0,64.9545422,-148.3657694,True,False,False,S313663420,
rocpta1,Rock Ptarmigan,Lagopus muta,L1244466,Murphy Dome,2026-03-27 08:26,4.0,64.9545422,-148.3657694,True,False,False,S313663420,
compoo,Common Poorwill,Phalaenoptilus nuttallii,L61118520,"Campground Perimeter Trail, Ajo US-AZ 31.94036, -112.80949",2026-03-27 08:25,5.0,31.940362,-112.809493,True,False,True,S313624326,
attwoo1,American Three-toed Woodpecker,Picoides dorsalis,L299451,Brown-Lowery Provincial Park,2026-03-27 08:23,4.0,50.8204703,-114.4325753,True,False,False,S313663498,
bcnher,Black-crowned Night Heron,Nycticorax nycticorax,L421884,Colonel Samuel Smith Park,2026-03-27 08:21,1.0,43.5910609,-79.5112485,True,False,False,S313559098,
yecpar,Yellow-chevroned Parakeet,Brotogeris chiriri,L55872224,Backyard,2026-03-27 08:20,2.0,25.7327033,-80.3852254,True,False,True,S313564031,P
nobtyr,Northern Beardless-Tyrannulet,Camptostoma imberbe,L580213,Bosque de Chapultepec--Primera Sección,2026-03-27 08:20,1.0,19.4203071,-99.1859007,True,False,False,S313625479,
blugrb1,Blue Grosbeak,Passerina caerulea,L127407,Audubon Corkscrew Swamp Sanctuary,2026-03-27 08:20,3.0,26.375442,-81.6040206,True,False,False,S313650377,
ycnher,Yellow-crowned Night Heron,Nyctanassa violacea,L580213,Bosque de Chapultepec--Primera Sección,2026-03-27 08:20,1.0,19.4203071,-99.1859007,True,False,False,S313625479,
labwoo,Ladder-backed Woodpecker,Dryobates scalaris,L580213,Bosque de Chapultepec--Primera Sección,2026-03-27 08:20,1.0,19.4203071,-99.1859007,True,False,False,S313625479,
hamfly,Hammond's Flycatcher,Empidonax hammondii,L580213,Bosque de Chapultepec--Primera Sección,2026-03-27 08:20,1.0,19.4203071,-99.1859007,True,False,False,S313625479,
maghum1,Rivoli's Hummingbird,Eugenes fulgens,L580213,Bosque de Chapultepec--Primera Sección,2026-03-27 08:20,1.0,19.4203071,-99.1859007,True,False,False,S313625479,
whehum,White-eared Hummingbird,Basilinna leucotis,L580213,Bosque de Chapultepec--Primera Sección,2026-03-27 08:20,1.0,19.4203071,-99.1859007,True,False,False,S313625479,
casvir,Cassin's Vireo,Vireo cassinii,L580213,Bosque de Chapultepec--Primera Sección,2026-03-27 08:20,1.0,19.4203071,-99.1859007,True,False,False,S313625479,
sheowl,Short-eared Owl,Asio flammeus,L248057,Pte. Mouillee SGA (permit required Sep 1-Dec 31),2026-03-27 08:18,1.0,42.0364452,-83.2114657,True,False,False,S313587388,
saggro,Greater Sage-Grouse,Centrocercus urophasianus,L61126674,"US-191, Vernal US-UT 40.67670, -109.48491",2026-03-27 08:17,9.0,40.676699,-109.484915,True,False,True,S313661245,
marmur,Marbled Murrelet,Brachyramphus marmoratus,L13369535,"4499 Stalashen Dr, Sechelt (Part) CA-BC 49.43771, -123.71854",2026-03-27 08:16,2.0,49.437712,-123.718544,True,False,True,S313636245,
revbul,Red-vented Bulbul,Pycnonotus cafer,L30898914,"7427 Force St, Houston US-TX 29.78644, -95.29405",2026-03-27 08:15,3.0,29.786436,-95.294055,True,False,True,S313604018,N
brnboo,Brown Booby,Sula leucogaster,L303269,Port Aransas Jetty (CTC 058),2026-03-27 08:14,1.0,27.8348271,-97.046015,True,False,False,S313625399,
yebcuc,Yellow-billed Cuckoo,Coccyzus americanus,L490572,Four Mile Cove Ecological Preserve,2026-03-27 08:13,1.0,26.6085272,-81.9179664,True,False,False,S313612780,
swawar,Swainson's Warbler,Limnothlypis swainsonii,L28060335,"337 CR-79, Billingsley US-AL (PRIVATE PROPERTY-NO ENTRY)",2026-03-27 08:10,1.0,32.713933,-86.651686,True,False,True,S313598763,
spbori,Spot-breasted Oriole,Icterus pectoralis,L8073530,"10821 Southwest 48th Terrace, Miami, Florida, US (25.723, -80.371)",2026-03-27 08:09,2.0,25.7224304,-80.3705401,True,False,True,S313566076,N
plsvir,Plumbeous Vireo,Vireo plumbeus,L1834045,El Jorullo--Paso Ancho,2026-03-27 08:08,1.0,20.578658,-105.1968451,True,False,False,S313634134,
stbori,Streak-backed Oriole,Icterus pustulatus,L1834045,El Jorullo--Paso Ancho,2026-03-27 08:08,2.0,20.578658,-105.1968451,True,False,False,S313634134,
yebcha,Yellow-breasted Chat,Icteria virens,L1834045,El Jorullo--Paso Ancho,2026-03-27 08:08,1.0,20.578658,-105.1968451,True,False,False,S313634134,
squcuc2,Mexican Squirrel-Cuckoo,Piaya mexicana,L1834045,El Jorullo--Paso Ancho,2026-03-27 08:08,1.0,20.578658,-105.1968451,True,False,False,S313634134,
laufal1,Laughing Falcon,Herpetotheres cachinnans,L1834045,El Jorullo--Paso Ancho,2026-03-27 08:08,2.0,20.578658,-105.1968451,True,False,False,S313634134,
belvir,Bell's Vireo,Vireo bellii,L16901246,Canal Nacional--Avenida Río Churubusco,2026-03-27 08:08,1.0,19.3562323,-99.13352,True,False,False,S313625397,
macwar,MacGillivray's Warbler,Geothlypis tolmiei,L16901246,Canal Nacional--Avenida Río Churubusco,2026-03-27 08:08,1.0,19.3562323,-99.13352,True,False,False,S313625397,
varbun,Varied Bunting,Passerina versicolor,L1834045,El Jorullo--Paso Ancho,2026-03-27 08:08,1.0,20.578658,-105.1968451,True,False,False,S313634134,
sabjay,San Blas Jay,Cyanocorax sanblasianus,L1834045,El Jorullo--Paso Ancho,2026-03-27 08:08,14.0,20.578658,-105.1968451,True,False,False,S313634134,
gilfli,Gilded Flicker,Colaptes chrysoides,L21781915,"W15b — E San Miguel Ave, Phoenix US-AZ",2026-03-27 08:07,1.0,33.518916,-111.993544,True,False,True,S313671501,
bubhum,Buff-bellied Hummingbird,Amazilia yucatanensis,L370624,PN La Estanzuela,2026-03-27 08:05,1.0,25.5454617,-100.2713585,True,False,False,S313638623,
brbsol1,Brown-backed Solitaire,Myadestes occidentalis,L370624,PN La Estanzuela,2026-03-27 08:05,8.0,25.5454617,-100.2713585,True,False,False,S313638623,
oraori1,Orange Oriole,Icterus auratus,L226002,Zona Arqueológica Chichén Itzá,2026-03-27 08:05,2.0,20.6818391,-88.5692024,True,False,False,S313666670,
batfal1,Bat Falcon,Falco rufigularis,L226002,Zona Arqueológica Chichén Itzá,2026-03-27 08:05,2.0,20.6818391,-88.5692024,True,False,False,S313666670,
goowoo1,Golden-olive Woodpecker,Colaptes rubiginosus,L370624,PN La Estanzuela,2026-03-27 08:05,2.0,25.5454617,-100.2713585,True,False,False,S313638623,
heptan,Hepatic Tanager,Piranga flava,L370624,PN La Estanzuela,2026-03-27 08:05,1.0,25.5454617,-100.2713585,True,False,False,S313638623,
cedwax,Cedar Waxwing,Bombycilla cedrorum,L370624,PN La Estanzuela,2026-03-27 08:05,3.0,25.5454617,-100.2713585,True,False,False,S313638623,
brocow,Bronzed Cowbird,Molothrus aeneus,L226002,Zona Arqueológica Chichén Itzá,2026-03-27 08:05,3.0,20.6818391,-88.5692024,True,False,False,S313666670,
yetvir,Yellow-throated Vireo,Vireo flavifrons,L226002,Zona Arqueológica Chichén Itzá,2026-03-27 08:05,1.0,20.6818391,-88.5692024,True,False,False,S313666670,
grcbec1,Gray-collared Becard,Pachyramphus major,L370624,PN La Estanzuela,2026-03-27 08:05,2.0,25.5454617,-100.2713585,True,False,False,S313638623,
tropar,Tropical Parula,Setophaga pitiayumi,L370624,PN La Estanzuela,2026-03-27 08:05,8.0,25.5454617,-100.2713585,True,False,False,S313638623,
tubmot1,Turquoise-browed Motmot,Eumomota superciliosa,L226002,Zona Arqueológica Chichén Itzá,2026-03-27 08:05,1.0,20.6818391,-88.5692024,True,False,False,S313666670,
buhvir,Blue-headed Vireo,Vireo solitarius,L370624,PN La Estanzuela,2026-03-27 08:05,1.0,25.5454617,-100.2713585,True,False,False,S313638623,
crcgro,Crimson-collared Grosbeak,Periporphyrus celaeno,L370624,PN La Estanzuela,2026-03-27 08:05,1.0,25.5454617,-100.2713585,True,False,False,S313638623,
houwre,Northern House Wren,Troglodytes aedon,L370624,PN La Estanzuela,2026-03-27 08:05,1.0,25.5454617,-100.2713585,True,False,False,S313638623,
rotbec,Rose-throated Becard,Pachyramphus aglaiae,L370624,PN La Estanzuela,2026-03-27 08:05,4.0,25.5454617,-100.2713585,True,False,False,S313638623,
carwre,Carolina Wren,Thryothorus ludovicianus,L370624,PN La Estanzuela,2026-03-27 08:05,4.0,25.5454617,-100.2713585,True,False,False,S313638623,
bawwar,Black-and-white Warbler,Mniotilta varia,L370624,PN La Estanzuela,2026-03-27 08:05,2.0,25.5454617,-100.2713585,True,False,False,S313638623,
whtrob1,White-throated Thrush,Turdus assimilis,L4878977,San Jose de la Montaña,2026-03-27 08:03,1.0,19.0129494,-99.2303127,True,False,True,S313619015,
whbnut,White-breasted Nuthatch,Sitta carolinensis,L4878977,San Jose de la Montaña,2026-03-27 08:03,1.0,19.0129494,-99.2303127,True,False,True,S313619015,
yeejun,Yellow-eyed Junco,Junco phaeonotus,L4878977,San Jose de la Montaña,2026-03-27 08:03,1.0,19.0129494,-99.2303127,True,False,True,S313619015,
bulori,Bullock's Oriole,Icterus bullockii,L4878977,San Jose de la Montaña,2026-03-27 08:03,1.0,19.0129494,-99.2303127,True,False,True,S313619015,
buthum,Blue-throated Mountain-gem,Lampornis clemenciae,L4878977,San Jose de la Montaña,2026-03-27 08:03,2.0,19.0129494,-99.2303127,True,False,True,S313619015,
whocra,Whooping Crane,Grus americana,L422541,Leonabelle Turnbull Birding Ctr. (CTC 057),2026-03-27 08:03,1.0,27.8275297,-97.0789558,True,False,False,S313651273,
mexjay3,Transvolcanic Jay,Aphelocoma ultramarina,L4878977,San Jose de la Montaña,2026-03-27 08:03,3.0,19.0129494,-99.2303127,True,False,True,S313619015,
brncre,Brown Creeper,Certhia americana,L4878977,San Jose de la Montaña,2026-03-27 08:03,2.0,19.0129494,-99.2303127,True,False,True,S313619015,
grawar,Grace's Warbler,Setophaga graciae,L4878977,San Jose de la Montaña,2026-03-27 08:03,1.0,19.0129494,-99.2303127,True,False,True,S313619015,
eleeup1,Elegant Euphonia,Chlorophonia elegantissima,L4878977,San Jose de la Montaña,2026-03-27 08:03,2.0,19.0129494,-99.2303127,True,False,True,S313619015,
hoogro1,Hooded Grosbeak,Hesperiphona abeillei,L4878977,San Jose de la Montaña,2026-03-27 08:03,1.0,19.0129494,-99.2303127,True,False,True,S313619015,
oliwar,Olive Warbler,Peucedramus taeniatus,L4878977,San Jose de la Montaña,2026-03-27 08:03,1.0,19.0129494,-99.2303127,True,False,True,S313619015,
sora,Sora,Porzana carolina,L14548322,"Sonora, MX (31.98, -114.832)",2026-03-27 08:01,3.0,31.9802477,-114.8316658,True,False,True,S313618630,
sthspa1,Stripe-headed Sparrow,Peucaea ruficauda,L61122017,Maito Hotel,2026-03-27 08:00,3.0,20.250903,-105.580592,True,False,True,S313640694,
towsol,Townsend's Solitaire,Myadestes townsendi,L3129140,Nelson--Lake Side Park,2026-03-27 08:00,1.0,49.5048964,-117.2827435,True,False,False,S313626713,
pilfly1,Pileated Flycatcher,Xenotriccus mexicanus,L304463,Teotitlán del Valle--Vuelta Aguda Arriba del Pueblo,2026-03-27 08:00,1.0,17.0635121,-96.5173469,True,False,False,S313628052,
whbwre1,White-bellied Wren,Uropsila leucogastra,L61122017,Maito Hotel,2026-03-27 08:00,1.0,20.250903,-105.580592,True,False,True,S313640694,
wtmjay1,White-throated Magpie-Jay,Cyanocorax formosus,L61122017,Maito Hotel,2026-03-27 08:00,5.0,20.250903,-105.580592,True,False,True,S313640694,
blugrb1,Blue Grosbeak,Passerina caerulea,L61122017,Maito Hotel,2026-03-27 08:00,2.0,20.250903,-105.580592,True,False,True,S313640694,
cittro1,Citreoline Trogon,Trogon citreolus,L61122017,Maito Hotel,2026-03-27 08:00,1.0,20.250903,-105.580592,True,False,True,S313640694,
wemcha1,West Mexican Chachalaca,Ortalis poliocephala,L61122017,Maito Hotel,2026-03-27 08:00,12.0,20.250903,-105.580592,True,False,True,S313640694,
lyhvul1,Lesser Yellow-headed Vulture,Cathartes burrovianus,L31494179,"Primaria Vicente Kau Chan. Mahahual, Quintana Roo, MX (18.733, -87.712)",2026-03-27 07:59,1.0,18.7332176,-87.7121971,True,False,True,S313614498,
bugtan,Blue-gray Tanager,Thraupis episcopus,L31494179,"Primaria Vicente Kau Chan. Mahahual, Quintana Roo, MX (18.733, -87.712)",2026-03-27 07:59,6.0,18.7332176,-87.7121971,True,False,True,S313614498,
rubpep1,Rufous-browed Peppershrike,Cyclarhis gujanensis,L31494179,"Primaria Vicente Kau Chan. Mahahual, Quintana Roo, MX (18.733, -87.712)",2026-03-27 07:59,1.0,18.7332176,-87.7121971,True,False,True,S313614498,
amewoo,American Woodcock,Scolopax minor,L365835,London--Westminster Ponds Park,2026-03-27 07:58,1.0,42.9490096,-81.2198639,True,False,False,S313604697,
gnwtea,Green-winged Teal,Anas crecca,L3755943,Presa El Salto,2026-03-27 07:55,4.0,21.0481053,-102.6913548,True,False,False,S313629123,
eargre,Eared Grebe,Podiceps nigricollis,L3755943,Presa El Salto,2026-03-27 07:55,1.0,21.0481053,-102.6913548,True,False,False,S313629123,
amwpel,American White Pelican,Pelecanus erythrorhynchos,L3755943,Presa El Salto,2026-03-27 07:55,125.0,21.0481053,-102.6913548,True,False,False,S313629123,
orcori,Orchard Oriole,Icterus spurius,L4234038,Parque Científico y Tecnológico de Yucatán,2026-03-27 07:55,5.0,21.1295707,-89.7818694,True,False,False,S313670534,
grbhaw1,Great Black Hawk,Buteogallus urubitinga,L4234038,Parque Científico y Tecnológico de Yucatán,2026-03-27 07:55,1.0,21.1295707,-89.7818694,True,False,False,S313670534,
amepip,American Pipit,Anthus rubescens,L3755943,Presa El Salto,2026-03-27 07:55,2.0,21.0481053,-102.6913548,True,False,False,S313629123,
gadwal,Gadwall,Mareca strepera,L3755943,Presa El Salto,2026-03-27 07:55,6.0,21.0481053,-102.6913548,True,False,False,S313629123,
bnhcow,Brown-headed Cowbird,Molothrus ater,L3755943,Presa El Salto,2026-03-27 07:55,12.0,21.0481053,-102.6913548,True,False,False,S313629123,
lilmea2,Chihuahuan Meadowlark,Sturnella lilianae,L3755943,Presa El Salto,2026-03-27 07:55,1.0,21.0481053,-102.6913548,True,False,False,S313629123,
caneme1,Canivet's Emerald,Cynanthus canivetii,L4234038,Parque Científico y Tecnológico de Yucatán,2026-03-27 07:55,1.0,21.1295707,-89.7818694,True,False,False,S313670534,
savspa,Savannah Sparrow,Passerculus sandwichensis,L3755943,Presa El Salto,2026-03-27 07:55,1.0,21.0481053,-102.6913548,True,False,False,S313629123,
saypho,Say's Phoebe,Sayornis saya,L3755943,Presa El Salto,2026-03-27 07:55,1.0,21.0481053,-102.6913548,True,False,False,S313629123,
larspa,Lark Sparrow,Chondestes grammacus,L3755943,Presa El Salto,2026-03-27 07:55,8.0,21.0481053,-102.6913548,True,False,False,S313629123,
houwre4,Southern House Wren,Troglodytes musculus,L26734774,"Sisal, Yucatán, MX UMDI",2026-03-27 07:52,2.0,21.1633733,-90.0481517,True,False,True,S313604838,
santer1,Sandwich Tern,Thalasseus sandvicensis,L26734774,"Sisal, Yucatán, MX UMDI",2026-03-27 07:52,32.0,21.1633733,-90.0481517,True,False,True,S313604838,
manswa1,Mangrove Swallow,Tachycineta albilinea,L26734774,"Sisal, Yucatán, MX UMDI",2026-03-27 07:52,61.0,21.1633733,-90.0481517,True,False,True,S313604838,
cotfly1,Common Tody-Flycatcher,Todirostrum cinereum,L26734774,"Sisal, Yucatán, MX UMDI",2026-03-27 07:52,1.0,21.1633733,-90.0481517,True,False,True,S313604838,
zebdov,Zebra Dove,Geopelia striata,L577366,Kailua-Kona Town Area (Aliʻi Drive and vicinity),2026-03-27 07:52,2.0,19.6350941,-155.9902231,True,False,False,S313672568,N
kenwar,Kentucky Warbler,Geothlypis formosa,L1940152,"North Wakefield, LA",2026-03-27 07:52,1.0,30.8989,-91.3418,True,False,True,S313574749,
warwhe1,Warbling White-eye,Zosterops japonicus,L60974764,Wyndam Kona Resort,2026-03-27 07:50,,19.624715,-155.985243,True,False,True,S313672367,N
spodov,Spotted Dove,Spilopelia chinensis,L60974764,Wyndam Kona Resort,2026-03-27 07:50,,19.624715,-155.985243,True,False,True,S313672367,N
crcwar,Crescent-chested Warbler,Oreothlypis superciliosa,L4322637,Fatima,2026-03-27 07:50,1.0,25.6492465,-100.3685081,True,False,True,S313613514,
gryhaw2,Gray Hawk,Buteo plagiatus,L4322637,Fatima,2026-03-27 07:50,1.0,25.6492465,-100.3685081,True,False,True,S313613514,
yebcar,Yellow-billed Cardinal,Paroaria capitata,L60974764,Wyndam Kona Resort,2026-03-27 07:50,3.0,19.624715,-155.985243,True,False,True,S313672367,N
elfowl,Elf Owl,Micrathene whitneyi,L274619,Ventana Canyon,2026-03-27 07:50,1.0,32.3342163,-110.8553747,True,False,False,S313648963,
whcspa,White-crowned Sparrow,Zonotrichia leucophrys,L58616754,Monte,2026-03-27 07:48,2.0,22.909051,-109.955039,True,False,True,S313614836,
pagplo,Pacific Golden-Plover,Pluvialis fulva,L3874562,Waikōloa Hilton,2026-03-27 07:46,1.0,19.9259572,-155.8866062,True,False,False,S313670881,
saffin,Saffron Finch,Sicalis flaveola,L3874562,Waikōloa Hilton,2026-03-27 07:46,2.0,19.9259572,-155.8866062,True,False,False,S313670881,N
hawgoo,Hawaiian Goose,Branta sandvicensis,L3874562,Waikōloa Hilton,2026-03-27 07:46,8.0,19.9259572,-155.8866062,True,False,False,S313670881,
gnttow,Green-tailed Towhee,Pipilo chlorurus,L59701342,Esterito road watering hole,2026-03-27 07:45,2.0,27.972312,-111.069053,True,False,True,S313661592,
clcspa,Clay-colored Sparrow,Spizella pallida,L59701342,Esterito road watering hole,2026-03-27 07:45,4.0,27.972312,-111.069053,True,False,True,S313661592,
refwar,Red-faced Warbler,Cardellina rubrifrons,L30776221,Chalmita--Sendero Puente de Paz,2026-03-27 07:45,1.0,18.9280689,-99.4019998,True,False,True,S313632400,
wewvir2,Western Warbling Vireo,Vireo swainsoni,L30776221,Chalmita--Sendero Puente de Paz,2026-03-27 07:45,5.0,18.9280689,-99.4019998,True,False,True,S313632400,
cibflo1,Cinnamon-bellied Flowerpiercer,Diglossa baritula,L30776221,Chalmita--Sendero Puente de Paz,2026-03-27 07:45,1.0,18.9280689,-99.4019998,True,False,True,S313632400,
brespa,Brewer's Sparrow,Spizella breweri,L59701342,Esterito road watering hole,2026-03-27 07:45,1.0,27.972312,-111.069053,True,False,True,S313661592,
astfly,Ash-throated Flycatcher,Myiarchus cinerascens,L59701342,Esterito road watering hole,2026-03-27 07:45,1.0,27.972312,-111.069053,True,False,True,S313661592,
tuffly,Tufted Flycatcher,Mitrephanes phaeocercus,L30776221,Chalmita--Sendero Puente de Paz,2026-03-27 07:45,4.0,18.9280689,-99.4019998,True,False,True,S313632400,
slavir1,Slaty Vireo,Vireo brevipennis,L30776221,Chalmita--Sendero Puente de Paz,2026-03-27 07:45,1.0,18.9280689,-99.4019998,True,False,True,S313632400,
grepew,Greater Pewee,Contopus pertinax,L30776221,Chalmita--Sendero Puente de Paz,2026-03-27 07:45,2.0,18.9280689,-99.4019998,True,False,True,S313632400,
blbori1,Black-backed Oriole,Icterus abeillei,L2473544,Tlatelolco,2026-03-27 07:43,1.0,19.4552252,-99.147234,True,False,True,S313668692,
tenwar,Tennessee Warbler,Leiothlypis peregrina,L61120896,"Calle 70 527, Mérida MX-Yuc. 20.96571, -89.63077",2026-03-27 07:40,1.0,20.96571,-89.630766,True,False,True,S313635210,
blkpho,Black Phoebe,Sayornis nigricans,L27795473,El Cerrito de Tixmadejé,2026-03-27 07:39,5.0,19.9526405,-99.9275589,True,False,True,S313661584,
logshr,Loggerhead Shrike,Lanius ludovicianus,L27795473,El Cerrito de Tixmadejé,2026-03-27 07:39,1.0,19.9526405,-99.9275589,True,False,True,S313661584,
strspa1,Striped Sparrow,Oriturus superciliosus,L27795473,El Cerrito de Tixmadejé,2026-03-27 07:39,21.0,19.9526405,-99.9275589,True,False,True,S313661584,
whtkit,White-tailed Kite,Elanus leucurus,L27795473,El Cerrito de Tixmadejé,2026-03-27 07:39,3.0,19.9526405,-99.9275589,True,False,True,S313661584,
amekes,American Kestrel,Falco sparverius,L27795473,El Cerrito de Tixmadejé,2026-03-27 07:39,8.0,19.9526405,-99.9275589,True,False,True,S313661584,
scoori,Scott's Oriole,Icterus parisorum,L27795473,El Cerrito de Tixmadejé,2026-03-27 07:39,1.0,19.9526405,-99.9275589,True,False,True,S313661584,
rucspa,Rufous-crowned Sparrow,Aimophila ruficeps,L224076,ANP Bosque de Tlalpan,2026-03-27 07:35,1.0,19.2923094,-99.2007709,True,False,False,S313622804,
gnttow,Green-tailed Towhee,Pipilo chlorurus,L269418,Rio de Flag--Willow Bend/Urban Trail,2026-03-27 07:33,1.0,35.1837267,-111.6315597,True,False,False,S313652875,
calqua,California Quail,Callipepla californica,L2712905,Rancho Pescadero,2026-03-27 07:32,4.0,23.3594585,-110.1932573,True,False,False,S313606108,
yucvir,Yucatan Vireo,Vireo magister,L7144023,Xcaret Mexico Hotel,2026-03-27 07:32,2.0,20.5859552,-87.1106011,True,False,False,S313599350,
whiibi,White Ibis,Eudocimus albus,L7144023,Xcaret Mexico Hotel,2026-03-27 07:32,5.0,20.5859552,-87.1106011,True,False,False,S313599350,
yucwoo,Yucatan Woodpecker,Melanerpes pygmaeus,L221424,Isla Cozumel,2026-03-27 07:32,1.0,20.3983115,-86.961937,True,False,True,S313593149,
yebela1,Yellow-bellied Elaenia,Elaenia flavogaster,L221424,Isla Cozumel,2026-03-27 07:32,1.0,20.3983115,-86.961937,True,False,True,S313593149,
leabit,Least Bittern,Botaurus exilis,L14547987,"Sonora, MX (31.977, -114.829)",2026-03-27 07:32,1.0,31.9770962,-114.8289527,True,False,True,S313609868,
manwar1,Mangrove Yellow Warbler,Setophaga petechia,L221424,Isla Cozumel,2026-03-27 07:32,2.0,20.3983115,-86.961937,True,False,True,S313593149,
cowscj1,California Scrub-Jay,Aphelocoma californica,L2712905,Rancho Pescadero,2026-03-27 07:32,1.0,23.3594585,-110.1932573,True,False,False,S313606108,
whcpig2,White-crowned Pigeon,Patagioenas leucocephala,L221424,Isla Cozumel,2026-03-27 07:32,10.0,20.3983115,-86.961937,True,False,True,S313593149,
cardov1,Caribbean Dove,Leptotila jamaicensis,L16258971,Condominio Marazul (West - Ocean facing),2026-03-27 07:31,1.0,20.5364427,-86.9377649,True,False,True,S313615412,
soogro1,Sooty Grouse,Dendragapus fuliginosus,L61129027,"Willamette National Forest, Oakridge US-OR 43.68037, -122.39508",2026-03-27 07:31,2.0,43.680369,-122.395078,True,False,True,S313671709,
banana,Bananaquit,Coereba flaveola,L16258971,Condominio Marazul (West - Ocean facing),2026-03-27 07:31,1.0,20.5364427,-86.9377649,True,False,True,S313615412,
gybmar,Gray-breasted Martin,Progne chalybea,L29682066,Samba,2026-03-27 07:30,100.0,20.733496,-105.316269,True,False,True,S313583495,
gryfra,Gray Francolin,Ortygornis pondicerianus,L3874562,Waikōloa Hilton,2026-03-27 07:30,1.0,19.9259572,-155.8866062,True,False,False,S313665809,N
nobtyr,Northern Beardless-Tyrannulet,Camptostoma imberbe,L993428,Ron Morriss Park,2026-03-27 07:30,1.0,31.6090037,-111.0424018,True,False,False,S313665838,
paibun,Painted Bunting,Passerina ciris,L23610646,"310 Hampton Avenue, Kingstree, South Carolina, US (33.667, -79.829)",2026-03-27 07:28,1.0,33.6673775,-79.8294357,True,False,True,S313543974,
aplfal,Aplomado Falcon,Falco femoralis,L3322724,Cameron Co.--TX100--Aplomado Viewing Area,2026-03-27 07:24,1.0,26.0913939,-97.3272438,True,False,False,S313563438,
russpa1,Rusty Sparrow,Aimophila rufescens,L59792918,"5309 Carretera Veracruz - Xalapa, El Lencero, Veracruz, MX (19.494, -96.817)",2026-03-27 07:23,2.0,19.4938405,-96.8166033,True,False,True,S313626465,
ovenbi1,Ovenbird,Seiurus aurocapilla,L59792918,"5309 Carretera Veracruz - Xalapa, El Lencero, Veracruz, MX (19.494, -96.817)",2026-03-27 07:23,1.0,19.4938405,-96.8166033,True,False,True,S313626465,
audori,Audubon's Oriole,Icterus graduacauda,L59792918,"5309 Carretera Veracruz - Xalapa, El Lencero, Veracruz, MX (19.494, -96.817)",2026-03-27 07:23,2.0,19.4938405,-96.8166033,True,False,True,S313626465,
runwre2,Veracruz Wren,Campylorhynchus rufinucha,L59792918,"5309 Carretera Veracruz - Xalapa, El Lencero, Veracruz, MX (19.494, -96.817)",2026-03-27 07:23,5.0,19.4938405,-96.8166033,True,False,True,S313626465,
balori,Baltimore Oriole,Icterus galbula,L59792918,"5309 Carretera Veracruz - Xalapa, El Lencero, Veracruz, MX (19.494, -96.817)",2026-03-27 07:23,1.0,19.4938405,-96.8166033,True,False,True,S313626465,
whcsee1,Morelet's Seedeater,Sporophila morelleti,L59792918,"5309 Carretera Veracruz - Xalapa, El Lencero, Veracruz, MX (19.494, -96.817)",2026-03-27 07:23,2.0,19.4938405,-96.8166033,True,False,True,S313626465,
easblu,Eastern Bluebird,Sialia sialis,L15560997,"Tejocotes, Morelia, Michoacán",2026-03-27 07:22,1.0,19.6486471,-101.157265,True,False,True,S313594424,
batpig1,Band-tailed Pigeon,Patagioenas fasciata,L164543,North Vancouver--Maplewood Flats Conservation Area,2026-03-27 07:22,2.0,49.305843,-123.00034,True,False,False,S313623620,
bkvori,Black-vented Oriole,Icterus wagleri,L15560997,"Tejocotes, Morelia, Michoacán",2026-03-27 07:22,1.0,19.6486471,-101.157265,True,False,True,S313594424,
virrai,Virginia Rail,Rallus limicola,L297236,Burnaby Lake Regional Park (general),2026-03-27 07:21,1.0,49.2429874,-122.9440498,True,False,False,S313639956,
hutvir,Hutton's Vireo,Vireo huttoni,L297236,Burnaby Lake Regional Park (general),2026-03-27 07:21,1.0,49.2429874,-122.9440498,True,False,False,S313639956,
lessca,Lesser Scaup,Aythya affinis,L14547817,"Sonora, MX (31.976, -114.827)",2026-03-27 07:19,5.0,31.9764371,-114.8270493,True,False,True,S313605206,
redhea,Redhead,Aythya americana,L14547817,"Sonora, MX (31.976, -114.827)",2026-03-27 07:19,6.0,31.9764371,-114.8270493,True,False,True,S313605206,
norgos,American Goshawk,Astur atricapillus,L2370263,Kittredge Brook Forest Preserve (MCHT)--Pine Ridge Trail,2026-03-27 07:18,1.0,44.3758491,-68.3046627,True,False,False,S313547429,
sheowl,Short-eared Owl,Asio flammeus,L3392145,Revelstoke--Airport West ponds,2026-03-27 07:17,1.0,50.9616776,-118.1880569,True,False,False,S313634036,
sctfly,Scissor-tailed Flycatcher,Tyrannus forficatus,L59694596,Pista de motocross,2026-03-27 07:15,3.0,20.6434169,-87.0724332,True,False,True,S313620116,
norwat,Northern Waterthrush,Parkesia noveboracensis,L2279854,Hotel Ecolodge Ara Macao Las Guacamayas,2026-03-27 07:15,1.0,16.2569085,-90.8614397,True,False,False,S313598274,
gretin1,Great Tinamou,Tinamus major,L2279854,Hotel Ecolodge Ara Macao Las Guacamayas,2026-03-27 07:15,1.0,16.2569085,-90.8614397,True,False,False,S313598274,
pyrrhu,Pyrrhuloxia,Cardinalis sinuatus,L30416539,Lagunas de Oxidación Cuatro Cienegas,2026-03-27 07:15,1.0,26.9818011,-102.0469862,True,False,False,S313609709,
blacat1,Black Catbird,Melanoptila glabrirostris,L59694596,Pista de motocross,2026-03-27 07:15,2.0,20.6434169,-87.0724332,True,False,True,S313620116,
relpar10,Red-lored Amazon,Amazona autumnalis,L61079207,Green Wildlife Sanctuary,2026-03-27 07:15,1.0,26.099995,-97.70419,True,False,True,S313602196,P
rtlhum,Rufous-tailed Hummingbird,Amazilia tzacatl,L2279854,Hotel Ecolodge Ara Macao Las Guacamayas,2026-03-27 07:15,1.0,16.2569085,-90.8614397,True,False,False,S313598274,
tropew4,Northern Tropical Pewee,Contopus bogotensis,L59694596,Pista de motocross,2026-03-27 07:15,1.0,20.6434169,-87.0724332,True,False,True,S313620116,
vesspa,Vesper Sparrow,Pooecetes gramineus,L30416539,Lagunas de Oxidación Cuatro Cienegas,2026-03-27 07:15,2.0,26.9818011,-102.0469862,True,False,False,S313609709,
scbhum1,Scaly-breasted Hummingbird,Phaeochroa cuvierii,L2279854,Hotel Ecolodge Ara Macao Las Guacamayas,2026-03-27 07:15,2.0,16.2569085,-90.8614397,True,False,False,S313598274,
buffle,Bufflehead,Bucephala albeola,L30416539,Lagunas de Oxidación Cuatro Cienegas,2026-03-27 07:15,2.0,26.9818011,-102.0469862,True,False,False,S313609709,
hoowar,Hooded Warbler,Setophaga citrina,L2279854,Hotel Ecolodge Ara Macao Las Guacamayas,2026-03-27 07:15,2.0,16.2569085,-90.8614397,True,False,False,S313598274,
easpho,Eastern Phoebe,Sayornis phoebe,L30416539,Lagunas de Oxidación Cuatro Cienegas,2026-03-27 07:15,4.0,26.9818011,-102.0469862,True,False,False,S313609709,
prowar,Prothonotary Warbler,Protonotaria citrea,L25762213,Uxuxubi al Natural,2026-03-27 07:14,1.0,20.4571325,-87.3947832,True,False,False,S313659299,
ocetur1,Ocellated Turkey,Meleagris ocellata,L25762213,Uxuxubi al Natural,2026-03-27 07:14,5.0,20.4571325,-87.3947832,True,False,False,S313659299,
rottan1,Rose-throated Tanager,Piranga roseogularis,L25762213,Uxuxubi al Natural,2026-03-27 07:14,1.0,20.4571325,-87.3947832,True,False,False,S313659299,
rcatan1,Red-crowned Ant-Tanager,Habia rubica,L25762213,Uxuxubi al Natural,2026-03-27 07:14,1.0,20.4571325,-87.3947832,True,False,False,S313659299,
thitin1,Thicket Tinamou,Crypturellus cinnamomeus,L25762213,Uxuxubi al Natural,2026-03-27 07:14,1.0,20.4571325,-87.3947832,True,False,False,S313659299,
rtatan1,Red-throated Ant-Tanager,Driophlox fuscicauda,L25762213,Uxuxubi al Natural,2026-03-27 07:14,5.0,20.4571325,-87.3947832,True,False,False,S313659299,
brratt1,Bright-rumped Attila,Attila spadiceus,L25762213,Uxuxubi al Natural,2026-03-27 07:14,1.0,20.4571325,-87.3947832,True,False,False,S313659299,
whbeme1,White-bellied Emerald,Chlorestes candida,L25762213,Uxuxubi al Natural,2026-03-27 07:14,1.0,20.4571325,-87.3947832,True,False,False,S313659299,
louwat,Louisiana Waterthrush,Parkesia motacilla,L25762213,Uxuxubi al Natural,2026-03-27 07:14,1.0,20.4571325,-87.3947832,True,False,False,S313659299,
grbspa1,Green-backed Sparrow,Arremonops chloronotus,L25762213,Uxuxubi al Natural,2026-03-27 07:14,2.0,20.4571325,-87.3947832,True,False,False,S313659299,
norben1,Northern Bentbill,Oncostoma cinereigulare,L25762213,Uxuxubi al Natural,2026-03-27 07:14,2.0,20.4571325,-87.3947832,True,False,False,S313659299,
reccar,Red-crested Cardinal,Paroaria coronata,L61031694,Sheraton coconut Beach resort,2026-03-27 07:12,1.0,22.057074,-159.322311,True,False,True,S313662752,N
maghum1,Rivoli's Hummingbird,Eugenes fulgens,L268114,Madera Canyon--Santa Rita Lodge,2026-03-27 07:11,1.0,31.7251514,-110.8801067,True,False,False,S313599379,
vauswi,Vaux's Swift,Chaetura vauxi,L198791,Hahamongna Watershed Park (formerly Oak Grove Park),2026-03-27 07:07,4.0,34.1933989,-118.1758332,True,False,False,S313648962,
btbwar,Black-throated Blue Warbler,Setophaga caerulescens,L1002365,Captain Forster Hammock Preserve,2026-03-27 07:05,1.0,27.751114,-80.4001808,True,False,False,S313585049,
yeejun,Yellow-eyed Junco,Junco phaeonotus,L296633,Madera Canyon--Mt. Wrightson Picnic Area & Upper Canyon Trails,2026-03-27 07:05,2.0,31.7124,-110.8744,True,False,False,S313640462,
buthum,Blue-throated Mountain-gem,Lampornis clemenciae,L324045,Portal--Cave Creek Ranch,2026-03-27 07:02,1.0,31.9041957,-109.1561556,True,False,False,S313609463,
grbani,Groove-billed Ani,Crotophaga sulcirostris,L61121049,Arboledas pescadores,2026-03-27 07:00,3.0,18.5417632,-92.6464905,True,False,True,S313638847,
rinkin1,Ringed Kingfisher,Megaceryle torquata,L61121049,Arboledas pescadores,2026-03-27 07:00,1.0,18.5417632,-92.6464905,True,False,True,S313638847,
whtswi,White-throated Swift,Aeronautes saxatalis,L7353362,Cabañas Ecológicas Guadalupe Ocotán,2026-03-27 06:59,4.0,21.7615623,-104.4034624,True,False,False,S313635233,
moutro1,Mountain Trogon,Trogon mexicanus,L7353362,Cabañas Ecológicas Guadalupe Ocotán,2026-03-27 06:59,1.0,21.7615623,-104.4034624,True,False,False,S313635233,
tufjay1,Tufted Jay,Cyanocorax dickeyi,L7353362,Cabañas Ecológicas Guadalupe Ocotán,2026-03-27 06:59,18.0,21.7615623,-104.4034624,True,False,False,S313635233,
compau,Common Pauraque,Nyctidromus albicollis,L128890,Bentsen-Rio Grande Val. SP WBC (Mission) (LTC 069),2026-03-27 06:59,1.0,26.1796748,-98.3842338,True,False,False,S313619110,
herwar,Hermit Warbler,Setophaga occidentalis,L7353362,Cabañas Ecológicas Guadalupe Ocotán,2026-03-27 06:59,2.0,21.7615623,-104.4034624,True,False,False,S313635233,
gbwwre1,Gray-breasted Wood-Wren,Henicorhina leucophrys,L3135717,PN Lagunas de Montebello--Camino Cinco Lagos,2026-03-27 06:56,,16.1068856,-91.679948,True,False,False,S313624762,
cobtan1,Common Chlorospingus,Chlorospingus flavopectus,L3135717,PN Lagunas de Montebello--Camino Cinco Lagos,2026-03-27 06:56,,16.1068856,-91.679948,True,False,False,S313624762,
rufgle1,Ruddy Foliage-gleaner,Clibanornis rubiginosus,L3135717,PN Lagunas de Montebello--Camino Cinco Lagos,2026-03-27 06:56,,16.1068856,-91.679948,True,False,False,S313624762,
coltro1,Collared Trogon,Trogon collaris,L3135717,PN Lagunas de Montebello--Camino Cinco Lagos,2026-03-27 06:56,,16.1068856,-91.679948,True,False,False,S313624762,
sltred,Slate-throated Redstart,Myioborus miniatus,L3135717,PN Lagunas de Montebello--Camino Cinco Lagos,2026-03-27 06:56,,16.1068856,-91.679948,True,False,False,S313624762,
azhjay1,Azure-hooded Jay,Cyanolyca cucullata,L3135717,PN Lagunas de Montebello--Camino Cinco Lagos,2026-03-27 06:56,,16.1068856,-91.679948,True,False,False,S313624762,
coffal1,Collared Forest-Falcon,Micrastur semitorquatus,L22811267,Rancho Primavera,2026-03-27 06:52,1.0,20.3412871,-105.3499818,True,False,False,S313608262,
nutfly1,Nutting's Flycatcher,Myiarchus nuttingi,L22811267,Rancho Primavera,2026-03-27 06:52,1.0,20.3412871,-105.3499818,True,False,False,S313608262,
brnowl,American Barn Owl,Tyto furcata,L22811267,Rancho Primavera,2026-03-27 06:52,1.0,20.3412871,-105.3499818,True,False,False,S313608262,
rottan2,Rosy Thrush-Tanager,Rhodinocichla rosea,L22811267,Rancho Primavera,2026-03-27 06:52,2.0,20.3412871,-105.3499818,True,False,False,S313608262,
razorb,Razorbill,Alca torda,L129046,Parker River NWR,2026-03-27 06:50,1.0,42.7639008,-70.8022995,True,False,False,S313600656,
cavswa,Cave Swallow,Petrochelidon fulva,L3440103,Barceló Maya Palace Deluxe,2026-03-27 06:49,7.0,20.4883713,-87.2462296,True,False,False,S313662517,
willet1,Willet,Tringa semipalmata,L3440103,Barceló Maya Palace Deluxe,2026-03-27 06:49,1.0,20.4883713,-87.2462296,True,False,False,S313662517,
hawcoo,Hawaiian Coot,Fulica alai,L1076142,Kealakehe Wastewater Treatment Plant,2026-03-27 06:45,16.0,19.6621002,-156.0179014,True,False,False,S313672255,
comwax,Common Waxbill,Estrilda astrild,L1076142,Kealakehe Wastewater Treatment Plant,2026-03-27 06:45,21.0,19.6621002,-156.0179014,True,False,False,S313672255,N
wantat1,Wandering Tattler,Tringa incana,L1076142,Kealakehe Wastewater Treatment Plant,2026-03-27 06:45,14.0,19.6621002,-156.0179014,True,False,False,S313672255,
blkfra,Black Francolin,Francolinus francolinus,L1076142,Kealakehe Wastewater Treatment Plant,2026-03-27 06:45,2.0,19.6621002,-156.0179014,True,False,False,S313672255,N
reblei,Red-billed Leiothrix,Leiothrix lutea,L61128590,"28-1435 Old Māmalahoa Hwy, Pepeekeo US-HI 19.86027, -155.10580",2026-03-27 06:44,2.0,19.860273,-155.105802,True,False,True,S313669821,N
libher,Little Blue Heron,Egretta caerulea,L3457210,Hotel Best Western Palmareca,2026-03-27 06:44,1.0,16.7565889,-93.1528468,True,False,False,S313581132,
blhsal1,Black-headed Saltator,Saltator atriceps,L58083066,Apazapan Birding Trail,2026-03-27 06:43,3.0,19.3283455,-96.72275,True,False,False,S313596403,
yewtan1,Yellow-winged Tanager,Thraupis abbas,L58083066,Apazapan Birding Trail,2026-03-27 06:43,3.0,19.3283455,-96.72275,True,False,False,S313596403,
norpar,Northern Parula,Setophaga americana,L58083066,Apazapan Birding Trail,2026-03-27 06:43,1.0,19.3283455,-96.72275,True,False,False,S313596403,
compau,Common Pauraque,Nyctidromus albicollis,L58083066,Apazapan Birding Trail,2026-03-27 06:43,1.0,19.3283455,-96.72275,True,False,False,S313596403,
monoro1,Montezuma Oropendola,Psarocolius montezuma,L58083066,Apazapan Birding Trail,2026-03-27 06:43,1.0,19.3283455,-96.72275,True,False,False,S313596403,
cogdov,Common Ground Dove,Columbina passerina,L58083066,Apazapan Birding Trail,2026-03-27 06:43,2.0,19.3283455,-96.72275,True,False,False,S313596403,
gubter2,Gull-billed Tern,Gelochelidon nilotica,L5913228,Camino de grava entre el Corchito y Estero de Chicxulub,2026-03-27 06:38,5.0,21.2731438,-89.6285449,True,False,False,S313661929,
grefla2,American Flamingo,Phoenicopterus ruber,L5913228,Camino de grava entre el Corchito y Estero de Chicxulub,2026-03-27 06:38,120.0,21.2731438,-89.6285449,True,False,False,S313661929,
leasan,Least Sandpiper,Calidris minutilla,L5913228,Camino de grava entre el Corchito y Estero de Chicxulub,2026-03-27 06:38,60.0,21.2731438,-89.6285449,True,False,False,S313661929,
leater1,Least Tern,Sternula antillarum,L5913228,Camino de grava entre el Corchito y Estero de Chicxulub,2026-03-27 06:38,50.0,21.2731438,-89.6285449,True,False,False,S313661929,
treswa,Tree Swallow,Tachycineta bicolor,L5913228,Camino de grava entre el Corchito y Estero de Chicxulub,2026-03-27 06:38,10.0,21.2731438,-89.6285449,True,False,False,S313661929,
bkbplo,Black-bellied Plover,Pluvialis squatarola,L5913228,Camino de grava entre el Corchito y Estero de Chicxulub,2026-03-27 06:38,1.0,21.2731438,-89.6285449,True,False,False,S313661929,
forter,Forster's Tern,Sterna forsteri,L5913228,Camino de grava entre el Corchito y Estero de Chicxulub,2026-03-27 06:38,1.0,21.2731438,-89.6285449,True,False,False,S313661929,
redegr,Reddish Egret,Egretta rufescens,L5913228,Camino de grava entre el Corchito y Estero de Chicxulub,2026-03-27 06:38,20.0,21.2731438,-89.6285449,True,False,False,S313661929,
semplo,Semipalmated Plover,Charadrius semipalmatus,L5913228,Camino de grava entre el Corchito y Estero de Chicxulub,2026-03-27 06:38,15.0,21.2731438,-89.6285449,True,False,False,S313661929,
blkski,Black Skimmer,Rynchops niger,L5913228,Camino de grava entre el Corchito y Estero de Chicxulub,2026-03-27 06:38,15.0,21.2731438,-89.6285449,True,False,False,S313661929,
purmar,Purple Martin,Progne subis,L5913228,Camino de grava entre el Corchito y Estero de Chicxulub,2026-03-27 06:38,1.0,21.2731438,-89.6285449,True,False,False,S313661929,
gamqua,Gambel's Quail,Callipepla gambelii,L61111228,"Camino al Cardonal, Hermosillo MX-Son. 28.55820, -111.62682",2026-03-27 06:37,1.0,28.558196,-111.626825,True,False,True,S313585272,
mallar3,Mallard,Anas platyrhynchos,L47721039,Vista Real,2026-03-27 06:32,1.0,20.514504,-100.390003,True,False,True,S313611068,X
musduc,Muscovy Duck,Cairina moschata,L47721039,Vista Real,2026-03-27 06:32,5.0,20.514504,-100.390003,True,False,True,S313611068,X
brebla,Brewer's Blackbird,Euphagus cyanocephalus,L61113814,"Avenida Manuel Luis Barragán Norte 177–181, Ciudad General Escobedo MX-N.L. (25.7737,-100.3043)",2026-03-27 06:32,70.0,25.773691,-100.304345,True,False,True,S313599914,
orbbun1,Orange-breasted Bunting,Passerina leclancherii,L615062,Ojo de Agua Tolistoque,2026-03-27 06:30,5.0,16.5861641,-94.8736596,True,False,False,S313612595,
banwre1,Banded Wren,Thryophilus pleurostictus,L615062,Ojo de Agua Tolistoque,2026-03-27 06:30,1.0,16.5861641,-94.8736596,True,False,False,S313612595,
plcsta,Plain-capped Starthroat,Heliomaster constantii,L615062,Ojo de Agua Tolistoque,2026-03-27 06:30,1.0,16.5861641,-94.8736596,True,False,False,S313612595,
rthhum,Ruby-throated Hummingbird,Archilochus colubris,L615062,Ojo de Agua Tolistoque,2026-03-27 06:30,1.0,16.5861641,-94.8736596,True,False,False,S313612595,
whlgna2,White-lored Gnatcatcher,Polioptila albiloris,L615062,Ojo de Agua Tolistoque,2026-03-27 06:30,5.0,16.5861641,-94.8736596,True,False,False,S313612595,
norhar2,Northern Harrier,Circus hudsonius,L615062,Ojo de Agua Tolistoque,2026-03-27 06:30,1.0,16.5861641,-94.8736596,True,False,False,S313612595,
grfhum1,Green-fronted Hummingbird,Ramosomyia viridifrons,L615062,Ojo de Agua Tolistoque,2026-03-27 06:30,1.0,16.5861641,-94.8736596,True,False,False,S313612595,
yefcan,Yellow-fronted Canary,Crithagra mozambica,L61125202,"28-250 Iliopua Road, Honomu, Hawaii, US (19.875, -155.12)",2026-03-27 06:28,,19.8752889,-155.1204349,True,False,True,S313655043,N
kalphe,Kalij Pheasant,Lophura leucomelanos,L61068808,"16-1702 42nd Ave, Keaau US-HI 19.53918, -155.02874",2026-03-27 06:27,2.0,19.539179,-155.028744,True,False,True,S313645540,N
dickci,Dickcissel,Spiza americana,L59464048,Hazel Bazemore,2026-03-27 06:23,1.0,27.8651056,-97.6408195,True,False,False,S313561583,
rufhum,Rufous Hummingbird,Selasphorus rufus,L2684494,Kino Nuevo Noroeste,2026-03-27 06:19,2.0,28.8627627,-112.0261395,True,False,False,S313596467,
bobher1,Boat-billed Heron,Cochlearius cochlearius,L56640751,Casa de Chabelita / Holbox Birding Tours house,2026-03-27 06:12,1.0,21.517236,-87.381551,True,False,True,S313539537,
yelgro,Yellow Grosbeak,Pheucticus chrysopeplus,L6957194,Paco's Reserva de Flora y Fauna,2026-03-27 06:10,2.0,23.300167,-106.4418566,True,False,False,S313618829,
pubjay1,Purplish-backed Jay,Cyanocorax beecheii,L6957194,Paco's Reserva de Flora y Fauna,2026-03-27 06:10,2.0,23.300167,-106.4418566,True,False,False,S313618829,
whcsee2,Cinnamon-rumped Seedeater,Sporophila torqueola,L6957194,Paco's Reserva de Flora y Fauna,2026-03-27 06:10,1.0,23.300167,-106.4418566,True,False,False,S313618829,
sincro1,Sinaloa Crow,Corvus sinaloae,L6957194,Paco's Reserva de Flora y Fauna,2026-03-27 06:10,2.0,23.300167,-106.4418566,True,False,False,S313618829,
rosspo1,Roseate Spoonbill,Platalea ajaja,L290330,Carretera Sierra Papacal-Chuburná,2026-03-27 06:07,2.0,21.2320413,-89.8286766,True,False,False,S313670223,
colara2,Collared Aracari,Pteroglossus torquatus,L2279854,Hotel Ecolodge Ara Macao Las Guacamayas,2026-03-27 06:07,1.0,16.2569085,-90.8614397,True,False,False,S313565648,
sthwoo1,Streak-headed Woodcreeper,Lepidocolaptes souleyetii,L2279854,Hotel Ecolodge Ara Macao Las Guacamayas,2026-03-27 06:07,1.0,16.2569085,-90.8614397,True,False,False,S313565648,
nopowl,Northern Pygmy-Owl,Glaucidium gnoma,L16071217,"1641 Highway 99, Pemberton CA-BC 50.31672, -122.77141",2026-03-27 05:46,1.0,50.316718,-122.771406,True,False,True,S313566634,
batpig1,Band-tailed Pigeon,Patagioenas fasciata,L61121197,Trail to the turkey hide,2026-03-27 05:31,5.0,21.755544,-104.403182,True,False,True,S313636661,
monqua,Montezuma Quail,Cyrtonyx montezumae,L61121197,Trail to the turkey hide,2026-03-27 05:31,2.0,21.755544,-104.403182,True,False,True,S313636661,
aztthr,Aztec Thrush,Ridgwayia pinicola,L61121197,Trail to the turkey hide,2026-03-27 05:31,1.0,21.755544,-104.403182,True,False,True,S313636661,
stejay,Steller's Jay,Cyanocitta stelleri,L61121197,Trail to the turkey hide,2026-03-27 05:31,4.0,21.755544,-104.403182,True,False,True,S313636661,
wiltur,Wild Turkey,Meleagris gallopavo,L61121197,Trail to the turkey hide,2026-03-27 05:31,2.0,21.755544,-104.403182,True,False,True,S313636661,
whswoo1,White-striped Woodcreeper,Lepidocolaptes leucogaster,L61121197,Trail to the turkey hide,2026-03-27 05:31,1.0,21.755544,-104.403182,True,False,True,S313636661,
whsowl1,Whiskered Screech-Owl,Megascops trichopsis,L339731,Cave Creek Canyon--Sunny Flat CG,2026-03-27 05:26,1.0,31.8847242,-109.1755749,True,False,False,S313610293,
borowl,Boreal Owl,Aegolius funereus,L61127770,ma résidence privée,2026-03-27 02:15,1.0,46.8595485,-71.3321688,True,False,True,S313666365,
blarob1,Black Thrush,Turdus infuscatus,L34080397,Camino El Manzanal-Miramar,2026-03-27,1.0,16.1172729,-96.512354,True,False,False,S313654943,
grhowl,Great Horned Owl,Bubo virginianus,L7353362,Cabañas Ecológicas Guadalupe Ocotán,2026-03-26 23:34,1.0,21.7615623,-104.4034624,True,False,False,S313635992,
bucnig,Buff-collared Nightjar,Antrostomus ridgwayi,L12856161,"Barranca Colimilla, Tonalá Jalisco",2026-03-26 22:33,1.0,20.6881373,-103.2212171,True,False,True,S313490445,
burowl,Burrowing Owl,Athene cunicularia,L56723683,"10204 Texas, Chihuahua, Chihuahua, MX (28.639, -106.004)",2026-03-26 22:15,1.0,28.6394324,-106.0039299,True,False,True,S313490153,
gcrfin,Gray-crowned Rosy-Finch,Leucosticte tephrocotis,L9140638,"West Bragg Creek, Rng Rd 54",2026-03-26 22:08,1.0,50.9407935,-114.6530124,True,True,True,S313489842,
vesowl,Middle American Screech-Owl,Megascops guatemalae,L9202304,Reserva Ejidal Reforma Agraria,2026-03-26 21:29,1.0,16.2521531,-90.8340602,True,False,False,S313500492,
borowl,Boreal Owl,Aegolius funereus,L5950953,"Off Hay Way, Fairbanks US-AK (64.8713,-147.8921)",2026-03-26 21:24,1.0,64.871269,-147.892098,True,False,True,S313494755,
lesnig,Lesser Nighthawk,Chordeiles acutipennis,L13710922,Grand Solmar at Rancho San Lucas Resort,2026-03-26 20:56,2.0,22.9052578,-110.0146479,True,False,False,S313611629,
norpot1,Northern Potoo,Nyctibius jamaicensis,L22811267,Rancho Primavera,2026-03-26 20:52,1.0,20.3412871,-105.3499818,True,False,False,S313486603,
rocsan,Rock Sandpiper,Calidris ptilocnemis,L5549852,Dutch Harbor--The S-Curves,2026-03-26 20:15,30.0,53.8843185,-166.5572834,True,False,False,S313490533,
skylar,Eurasian Skylark,Alauda arvensis,L33057334,Victoria Airport--Avenger Way,2026-03-26 20:05,1.0,48.6539014,-123.4252868,True,False,False,S313646770,N
souwpw1,Mexican Whip-poor-will,Antrostomus arizonae,L296633,Madera Canyon--Mt. Wrightson Picnic Area & Upper Canyon Trails,2026-03-26 19:46,2.0,31.7124,-110.8744,True,True,False,S313495424,
licpar,Lilac-crowned Amazon,Amazona finschi,L2662405,McAllen--E.Houston Ave. Red-crowned Parrot roost,2026-03-26 19:41,2.0,26.1952144,-98.2214856,True,False,False,S313473855,P
motowl,Mottled Owl,Strix virgata,L129086,Santa Margarita Ranch (LTC 079) (restricted access - guided groups only),2026-03-26 19:12,1.0,26.4856177,-99.0912337,True,True,False,S313484520,
rotbec,Rose-throated Becard,Pachyramphus aglaiae,L129086,Santa Margarita Ranch (LTC 079) (restricted access - guided groups only),2026-03-26 19:12,1.0,26.4856177,-99.0912337,True,True,False,S313484520,
cintea,Cinnamon Teal,Spatula cyanoptera,L23413408,2 Km Waterbird Wetlands,2026-03-26 19:10,2.0,49.1897369,-118.9678278,True,False,False,S313653471,
flaowl,Flammulated Owl,Psiloscops flammeolus,L6607474,Corral de Piedra,2026-03-26 19:09,1.0,17.1851291,-96.6430978,True,False,False,S313486528,
souwpw1,Mexican Whip-poor-will,Antrostomus arizonae,L6607474,Corral de Piedra,2026-03-26 19:09,11.0,17.1851291,-96.6430978,True,False,False,S313486528,
rebpig1,Red-billed Pigeon,Patagioenas flavirostris,L129086,Santa Margarita Ranch (LTC 079) (restricted access - guided groups only),2026-03-26 19:09,3.0,26.4856177,-99.0912337,True,False,False,S313492338,
amedip,American Dipper,Cinclus mexicanus,L5513901,Elkford Townsite,2026-03-26 19:07,4.0,50.0226305,-114.9238399,True,False,False,S313480249,
besowl,Bearded Screech-Owl,Megascops barbarus,L10944083,Parque Ecoturístico Montetik--Entrada El Aguaje,2026-03-26 19:06,1.0,16.6831572,-92.5963194,True,False,False,S313563550,
whsowl1,Whiskered Screech-Owl,Megascops trichopsis,L10944083,Parque Ecoturístico Montetik--Entrada El Aguaje,2026-03-26 19:06,1.0,16.6831572,-92.5963194,True,False,False,S313563550,
comyel,Common Yellowthroat,Geothlypis trichas,L2423287,Langford Lake,2026-03-26 19:03,1.0,48.4488722,-123.5308903,True,False,False,S313505838,
lesnig,Lesser Nighthawk,Chordeiles acutipennis,L190925,Salt River--Coon Bluff Recreation Area,2026-03-26 18:50,4.0,33.5471399,-111.6454576,True,False,False,S313611910,
yehbla,Yellow-headed Blackbird,Xanthocephalus xanthocephalus,L4635151,Kamloops--Pineview Ponds,2026-03-26 18:48,1.0,50.6492972,-120.3944921,True,False,False,S313492565,
chfmac1,Chestnut-fronted Macaw,Ara severus,L578426,Miller Drive Roost (Brewer Park),2026-03-26 18:45,4.0,25.7178837,-80.2961969,True,False,False,S313453853,P
whfpar1,White-fronted Amazon,Amazona albifrons,L1918641,"Oliveira Park, Brownsville",2026-03-26 18:38,28.0,25.9374284,-97.52159,True,False,False,S313471290,P
luchum,Lucifer Hummingbird,Calothorax lucifer,L199300,Ash Canyon Bird Sanctuary (closed Thursday morning),2026-03-26 18:32,1.0,31.3904516,-110.2392496,True,True,False,S313489430,
bkchum,Black-chinned Hummingbird,Archilochus alexandri,L22636516,Casa Las lavandas,2026-03-26 18:32,1.0,25.635324,-100.389232,True,False,True,S313470060,
yebori1,Yellow-backed Oriole,Icterus chrysater,L4130609,"Grand Bahia Príncipe--Coba, Tulum y Akumal",2026-03-26 18:30,2.0,20.3650666,-87.3348284,True,False,False,S313555919,
orwpar,Orange-winged Amazon,Amazona amazonica,L578426,Miller Drive Roost (Brewer Park),2026-03-26 18:24,2.0,25.7178837,-80.2961969,True,False,False,S313451058,P
oliwar,Olive Warbler,Peucedramus taeniatus,L127970,Mt. Lemmon--upper,2026-03-26 18:20,2.0,32.4404984,-110.7902985,True,False,False,S313480484,
whnpuf2,White-necked Puffbird,Notharchus hyperrhynchus,L61029149,"Noh-Bec, Quintana Roo, MX (19.141, -88.169)",2026-03-26 18:17,1.0,19.1413366,-88.1691906,True,False,True,S313461824,
x00420,Gadwall x Mallard (hybrid),Mareca strepera x Anas platyrhynchos,L276009,Halifax Public Gardens,2026-03-26 17:50,1.0,44.6429128,-63.5822947,True,True,False,S313420782,
norjac,Northern Jacana,Jacana spinosa,L7353229,Laguna Noh-Bec,2026-03-26 17:48,1.0,19.1355012,-88.1812906,True,False,False,S313450331,
fotfly,Fork-tailed Flycatcher,Tyrannus savana,L40947305,"Vía Sin Nombre, Chiapas, MX (16.259, -90.852)",2026-03-26 17:42,2.0,16.259413,-90.851769,True,False,True,S313465034,
x00653,Tufted Duck x Lesser Scaup (hybrid),Aythya fuligula x affinis,L457287,"Chestnut Hill Reservoir, Boston",2026-03-26 17:39,1.0,42.3341844,-71.1563873,True,True,False,S313478155,
fisspa,Five-striped Sparrow,Amphispizopsis quinquestriata,L281844,Montosa Canyon--km 1 (culvert area),2026-03-26 17:35,1.0,31.6714585,-110.941082,True,True,False,S313482262,
meapar,Mealy Amazon,Amazona farinosa,L38240572,"29959, Marqués de Comillas MX-Chis. 16.25556, -90.85077",2026-03-26 17:35,2.0,16.255556,-90.850772,True,False,True,S313500474,
ducfly,Dusky-capped Flycatcher,Myiarchus tuberculifer,L352346,Santa Gertrudis Lane (foot access only),2026-03-26 17:30,2.0,31.5620883,-111.0473766,True,True,False,S313488123,
mcclon,Thick-billed Longspur,Rhynchophanes mccownii,L9645810,Pawnee NG Bird Tour—Stops 9-11 (CR-104),2026-03-26 17:28,6.0,40.7396581,-104.4454206,True,False,False,S313455833,
virwar,Virginia's Warbler,Leiothlypis virginiae,L59193543,Parque Primaria Loma Dorada,2026-03-26 17:19,1.0,20.628121,-103.263878,True,False,True,S313479692,
cliswa,Cliff Swallow,Petrochelidon pyrrhonota,L265167,Kelowna--Thomson Marsh Park,2026-03-26 17:19,1.0,49.834683,-119.4766295,True,True,False,S313472919,
belyel1,Belding's Yellowthroat,Geothlypis beldingi,L5713610,Oasis de Santiago,2026-03-26 17:16,2.0,23.4860457,-109.7182102,True,False,False,S313479440,
x00423,Hawaiian Duck x Mallard (hybrid),Anas wyvilliana x platyrhynchos,L10223512,Paikō Lagoon Wildlife Sanctuary,2026-03-26 17:16,6.0,21.2832328,-157.7246194,True,False,False,S313489421,N
swtkit,Swallow-tailed Kite,Elanoides forficatus,L10086648,"Unnamed Road,  Mancolona Calakmul Campeche, MX (18.811, -89.291)",2026-03-26 17:16,1.0,18.8108296,-89.2911796,True,False,True,S313452698,
gilfli,Gilded Flicker,Colaptes chrysoides,L5713610,Oasis de Santiago,2026-03-26 17:16,2.0,23.4860457,-109.7182102,True,False,False,S313479440,
refboo,Red-footed Booby,Sula sula,L59457547,Elizabeth's Restaurant/The Art Museum,2026-03-26 17:06,1.0,27.8105881,-97.3936933,True,True,False,S313433954,
chirav,Chihuahuan Raven,Corvus cryptoleucus,L3744144,Presa El Chichimeco,2026-03-26 17:00,3.0,21.9978483,-102.3641038,True,False,False,S313488508,
compea,Indian Peafowl,Pavo cristatus,L200516,Beacon Hill Park,2026-03-26 17:00,8.0,48.412513,-123.363713,True,False,False,S313485213,X
orcwax,Orange-cheeked Waxbill,Estrilda melpoda,L60977092,"3850 Wailea Alanui Dr, Kihei US-HI 20.68525, -156.44133",2026-03-26 16:58,1.0,20.685251,-156.441327,True,False,True,S313656771,P
swahaw,Swainson's Hawk,Buteo swainsoni,L59792918,"5309 Carretera Veracruz - Xalapa, El Lencero, Veracruz, MX (19.494, -96.817)",2026-03-26 16:58,5.0,19.4938405,-96.8166033,True,False,True,S313453661,
bkhgul,Black-headed Gull,Chroicocephalus ridibundus,L20721422,Halls Creek,2026-03-26 16:57,1.0,41.6314765,-70.3198089,True,True,False,S313420098,
crcgro,Crimson-collared Grosbeak,Periporphyrus celaeno,L249889,Edinburg Scenic Wetlands WBC (LTC 061),2026-03-26 16:56,1.0,26.2905822,-98.1351909,True,True,False,S313488155,
rudcra1,Ruddy Crake,Laterallus ruber,L28357880,Ecoparque Bacalar,2026-03-26 16:55,2.0,18.68485,-88.3853316,True,False,False,S313444446,
rethaw,Red-tailed Hawk,Buteo jamaicensis,L7353362,Cabañas Ecológicas Guadalupe Ocotán,2026-03-26 16:50,1.0,21.7615623,-104.4034624,True,False,False,S313635366,
x00655,Bufflehead x Common Goldeneye (hybrid),Bucephala albeola x clangula,L2441440,Union,2026-03-26 16:48,1.0,47.3565674,-123.1046577,True,True,False,S313498620,
cxbgol1,Common x Barrow's Goldeneye (hybrid),Bucephala clangula x islandica,L2441440,Union,2026-03-26 16:48,1.0,47.3565674,-123.1046577,True,True,False,S313498620,
bkvshe,Black-vented Shearwater,Puffinus opisthomelas,L61093855,Offshore from Cabo Pulmo,2026-03-26 16:48,5.0,23.32069,-109.401672,True,False,True,S313489633,
cramur,Craveri's Murrelet,Synthliboramphus craveri,L61093855,Offshore from Cabo Pulmo,2026-03-26 16:48,6.0,23.32069,-109.401672,True,False,True,S313489633,
yebloo,Yellow-billed Loon,Gavia adamsii,L2441440,Union,2026-03-26 16:48,1.0,47.3565674,-123.1046577,True,True,False,S313498620,
redpha1,Red Phalarope,Phalaropus fulicarius,L61093855,Offshore from Cabo Pulmo,2026-03-26 16:48,13.0,23.32069,-109.401672,True,False,True,S313489633,
pifshe,Pink-footed Shearwater,Ardenna creatopus,L61093855,Offshore from Cabo Pulmo,2026-03-26 16:48,11.0,23.32069,-109.401672,True,False,True,S313489633,
rucspa1,Rufous-collared Sparrow,Zonotrichia capensis,L21962571,Jardin Don Luis Correa,2026-03-26 16:47,2.0,16.723165,-92.6619942,True,False,True,S313447818,
x00628,Mallard x Northern Pintail (hybrid),Anas platyrhynchos x acuta,L740100,Pine Island Road / Colchester Intervale,2026-03-26 16:47,1.0,44.5213869,-73.2158518,True,True,False,S313416547,
cozeme1,Cozumel Emerald,Cynanthus forficatus,L4993746,Planetario Cha'an Ka'an de Cozumel,2026-03-26 16:46,1.0,20.47668,-86.969191,True,False,False,S313430291,
dushum1,Dusky Hummingbird,Phaeoptila sordida,L17409462,Hotel Victoria,2026-03-26 16:45,1.0,17.0731403,-96.729538,True,False,False,S313454805,
bongul,Bonaparte's Gull,Chroicocephalus philadelphia,L585711,Loreto--Rio Desembocadura,2026-03-26 16:40,1.0,26.0048014,-111.337595,True,False,False,S313458758,
sander,Sanderling,Calidris alba,L585711,Loreto--Rio Desembocadura,2026-03-26 16:40,,26.0048014,-111.337595,True,False,False,S313458758,
whimbr3,Hudsonian Whimbrel,Numenius hudsonicus,L585711,Loreto--Rio Desembocadura,2026-03-26 16:40,2.0,26.0048014,-111.337595,True,False,False,S313458758,
layalb,Laysan Albatross,Phoebastria immutabilis,L651373,Hanapepe Bay - Port Allen ,2026-03-26 16:33,1.0,21.8999685,-159.5929384,True,False,False,S313484595,
whttro,White-tailed Tropicbird,Phaethon lepturus,L651373,Hanapepe Bay - Port Allen ,2026-03-26 16:33,1.0,21.8999685,-159.5929384,True,False,False,S313484595,
hawduc,Hawaiian Duck,Anas wyvilliana,L1124298,Hanalei NWR--'Ohiki Rd,2026-03-26 16:32,10.0,22.2075046,-159.4748387,True,False,False,S313515142,
calgna,California Gnatcatcher,Polioptila californica,L3161607,Aeropuerto Internacional de Los Cabos,2026-03-26 16:32,2.0,23.1596163,-109.7181416,True,False,False,S313615225,
brnnod,Brown Noddy,Anous stolidus,L651373,Hanapepe Bay - Port Allen ,2026-03-26 16:28,4.0,21.8999685,-159.5929384,True,False,False,S313484237,
lecthr,LeConte's Thrasher,Toxostoma lecontei,L61086374,McNally Canal bridge,2026-03-26 16:27,2.0,37.432972,-118.365149,True,False,True,S313455832,
cowscj1,California Scrub-Jay,Aphelocoma californica,L38237648,Richmond Music School,2026-03-26 16:27,1.0,49.1299589,-123.1367923,True,True,True,S313455813,
slbtin1,Slaty-breasted Tinamou,Crypturellus boucardi,L9202304,Reserva Ejidal Reforma Agraria,2026-03-26 16:23,1.0,16.2521531,-90.8340602,True,False,False,S313457082,
secfly1,Sepia-capped Flycatcher,Leptopogon amaurocephalus,L9202304,Reserva Ejidal Reforma Agraria,2026-03-26 16:23,1.0,16.2521531,-90.8340602,True,False,False,S313457082,
relhon1,Red-legged Honeycreeper,Cyanerpes cyaneus,L9202304,Reserva Ejidal Reforma Agraria,2026-03-26 16:23,1.0,16.2521531,-90.8340602,True,False,False,S313457082,
pitwhy,Pin-tailed Whydah,Vidua macroura,L4752233,Old Family Ranch,2026-03-26 16:22,3.0,33.7675895,-117.7938647,True,False,True,S313455768,P
retpip,Red-throated Pipit,Anthus cervinus,L6482983,South Clairemont Community Park,2026-03-26 16:13,1.0,32.806199,-117.1995427,True,True,False,S313486235,
rubwre2,Rufous-browed Wren,Troglodytes rufociliatus,L61093547,"29300, San Cristóbal de las Casas MX-Chis. 16.73932, -92.69016",2026-03-26 16:10,2.0,16.739325,-92.690163,True,False,True,S313488506,
bawmoc1,Blue-and-white Mockingbird,Melanotis hypoleucus,L61093547,"29300, San Cristóbal de las Casas MX-Chis. 16.73932, -92.69016",2026-03-26 16:10,3.0,16.739325,-92.690163,True,False,True,S313488506,
rucrob1,Rufous-collared Robin,Turdus rufitorques,L61093547,"29300, San Cristóbal de las Casas MX-Chis. 16.73932, -92.69016",2026-03-26 16:10,4.0,16.739325,-92.690163,True,False,True,S313488506,
haiwoo,Hairy Woodpecker,Leuconotopicus villosus,L61093547,"29300, San Cristóbal de las Casas MX-Chis. 16.73932, -92.69016",2026-03-26 16:10,1.0,16.739325,-92.690163,True,False,True,S313488506,
pinfly1,Pine Flycatcher,Empidonax affinis,L61093547,"29300, San Cristóbal de las Casas MX-Chis. 16.73932, -92.69016",2026-03-26 16:10,1.0,16.739325,-92.690163,True,False,True,S313488506,
spotow,Spotted Towhee,Pipilo maculatus,L61093547,"29300, San Cristóbal de las Casas MX-Chis. 16.73932, -92.69016",2026-03-26 16:10,3.0,16.739325,-92.690163,True,False,True,S313488506,
wnbfin1,White-naped Brushfinch,Atlapetes albinucha,L61093547,"29300, San Cristóbal de las Casas MX-Chis. 16.73932, -92.69016",2026-03-26 16:10,3.0,16.739325,-92.690163,True,False,True,S313488506,
amthum1,Amethyst-throated Mountain-gem,Lampornis amethystinus,L61093547,"29300, San Cristóbal de las Casas MX-Chis. 16.73932, -92.69016",2026-03-26 16:10,1.0,16.739325,-92.690163,True,False,True,S313488506,
hutvir,Hutton's Vireo,Vireo huttoni,L61093547,"29300, San Cristóbal de las Casas MX-Chis. 16.73932, -92.69016",2026-03-26 16:10,2.0,16.739325,-92.690163,True,False,True,S313488506,
runwre3,Russet-naped Wren,Campylorhynchus humilis,L61085399,"Carretera Puerto Ángel-San Antonio, Santa María Tonameca MX-Oax. 15.66670, -96.54976",2026-03-26 16:09,2.0,15.666698,-96.549764,True,False,True,S313450275,
screup1,Scrub Euphonia,Euphonia affinis,L61085399,"Carretera Puerto Ángel-San Antonio, Santa María Tonameca MX-Oax. 15.66670, -96.54976",2026-03-26 16:09,6.0,15.666698,-96.549764,True,False,True,S313450275,
whrsha,White-rumped Shama,Copsychus malabaricus,L61074515,"070 692-2496-04, Lihue, Hawaii, US (21.961, -159.351)",2026-03-26 16:07,1.0,21.9612645,-159.3509588,True,False,True,S313482510,N
shthaw,Short-tailed Hawk,Buteo brachyurus,L22811267,Rancho Primavera,2026-03-26 16:06,2.0,20.3412871,-105.3499818,True,False,False,S313487757,
rebcha1,Red-breasted Chat,Granatellus venustus,L22811267,Rancho Primavera,2026-03-26 16:06,2.0,20.3412871,-105.3499818,True,False,False,S313487757,
ameoys,American Oystercatcher,Haematopus palliatus,L22811267,Rancho Primavera,2026-03-26 16:06,1.0,20.3412871,-105.3499818,True,False,False,S313487757,
cattyr,Cattle Tyrant,Machetornis rixosa,L27932697,"stakeout Cattle Tyrant, downtown Corpus Christi (2023-25)",2026-03-26 16:03,1.0,27.7951484,-97.3942164,True,True,False,S313447987,P
javspa,Java Sparrow,Padda oryzivora,L61092295,"Old Kona Airport State Beach Park, Kailua Kona US-HI 19.64502, -156.01096",2026-03-26 16:00,40.0,19.64502,-156.010962,True,False,True,S313483355,N
mancuc,Mangrove Cuckoo,Coccyzus minor,L59442267,"J. N. Ding Darling National Wildlife Refuge, Sanibel US-FL 26.45929, -82.12730",2026-03-26 15:57,3.0,26.459288,-82.127304,True,True,True,S313400858,
wetsab1,Wedge-tailed Sabrewing,Pampa curvipennis,L61103445,Calakmul Entrance Road (km 13-20),2026-03-26 15:56,1.0,18.37245,-89.894328,True,False,True,S313535510,
grcfly,Great Crested Flycatcher,Myiarchus crinitus,L61103445,Calakmul Entrance Road (km 13-20),2026-03-26 15:56,5.0,18.37245,-89.894328,True,False,True,S313535510,
zendov,Zenaida Dove,Zenaida aurita,L286421,Escolleras El Cuyo,2026-03-26 15:56,2.0,21.5199444,-87.6859167,True,False,False,S313435532,
lobgna5,Long-billed Gnatwren,Ramphocaenus melanurus,L61103445,Calakmul Entrance Road (km 13-20),2026-03-26 15:56,1.0,18.37245,-89.894328,True,False,True,S313535510,
buwwar,Blue-winged Warbler,Vermivora cyanoptera,L61103445,Calakmul Entrance Road (km 13-20),2026-03-26 15:56,4.0,18.37245,-89.894328,True,False,True,S313535510,
plaxen2,Northern Plain-Xenops,Xenops mexicanus,L61103445,Calakmul Entrance Road (km 13-20),2026-03-26 15:56,1.0,18.37245,-89.894328,True,False,True,S313535510,
wilfly,Willow Flycatcher,Empidonax traillii,L8362225,Entronque Carretera a Paredón,2026-03-26 15:55,1.0,15.977991,-93.775216,True,False,False,S313476099,
sprgro,Spruce Grouse,Canachites canadensis,L28285440,chemin du cimetière Ukrainiens,2026-03-26 15:55,1.0,48.5767278,-78.1961931,True,False,True,S313624294,
giawre1,Giant Wren,Campylorhynchus chiapensis,L8362225,Entronque Carretera a Paredón,2026-03-26 15:55,4.0,15.977991,-93.775216,True,False,False,S313476099,
runwre4,Rufous-backed Wren,Campylorhynchus capistratus,L8362225,Entronque Carretera a Paredón,2026-03-26 15:55,1.0,15.977991,-93.775216,True,False,False,S313476099,
nutfly2,Salvadoran Flycatcher,Myiarchus flavidior,L8362225,Entronque Carretera a Paredón,2026-03-26 15:55,1.0,15.977991,-93.775216,True,False,False,S313476099,
giacow,Giant Cowbird,Molothrus oryzivorus,L8362225,Entronque Carretera a Paredón,2026-03-26 15:55,1.0,15.977991,-93.775216,True,False,False,S313476099,
vigswa,Violet-green Swallow,Tachycineta thalassina,L59719628,"83335, Hermosillo MX-Son. 28.82006, -111.80595",2026-03-26 15:53,12.0,28.820065,-111.805945,True,False,True,S313469114,
redava,Red Avadavat,Amandava amandava,L387957,Pearl Harbor NWR--Honouliuli Unit (restricted access),2026-03-26 15:50,4.0,21.3567,-158.0194,True,False,False,S313488598,N
wooscj2,Woodhouse's Scrub-Jay,Aphelocoma woodhouseii,L5690703,Presa Peñitas,2026-03-26 15:48,2.0,29.2701904,-108.114996,True,False,False,S313484684,
daejun,Dark-eyed Junco,Junco hyemalis,L5690703,Presa Peñitas,2026-03-26 15:48,2.0,29.2701904,-108.114996,True,False,False,S313484684,
wesblu,Western Bluebird,Sialia mexicana,L5690703,Presa Peñitas,2026-03-26 15:48,5.0,29.2701904,-108.114996,True,False,False,S313484684,
mexchi,Mexican Chickadee,Poecile sclateri,L5690703,Presa Peñitas,2026-03-26 15:48,1.0,29.2701904,-108.114996,True,False,False,S313484684,
jabwar,Japanese Bush Warbler,Horornis diphone,L837288,Hawaiʻi Volcanoes NP--Kīlauea Iki and Thurston Lava Tube,2026-03-26 15:47,1.0,19.4136642,-155.2386349,True,False,False,S313478389,N
kineid,King Eider,Somateria spectabilis,L193141,Sandwich Marina,2026-03-26 15:44,1.0,41.7736623,-70.4996526,True,True,False,S313432446,
x00628,Mallard x Northern Pintail (hybrid),Anas platyrhynchos x acuta,L350184,Langley--Brydon Lagoon,2026-03-26 15:42,1.0,49.09851,-122.67781,True,True,False,S313456701,
stbwoo1,Strong-billed Woodcreeper,Xiphocolaptes promeropirhynchus,L61107859,"Calle Laguna de Miramar, Chiapas, MX (16.683, -92.652)",2026-03-26 15:37,3.0,16.6828071,-92.6522823,True,False,True,S313563637,
spcwoo1,Spot-crowned Woodcreeper,Lepidocolaptes affinis,L61107859,"Calle Laguna de Miramar, Chiapas, MX (16.683, -92.652)",2026-03-26 15:37,1.0,16.6828071,-92.6522823,True,False,True,S313563637,
belfly1,Belted Flycatcher,Xenotriccus callizonus,L61107859,"Calle Laguna de Miramar, Chiapas, MX (16.683, -92.652)",2026-03-26 15:37,1.0,16.6828071,-92.6522823,True,False,True,S313563637,
babwre1,Band-backed Wren,Campylorhynchus zonatus,L61107859,"Calle Laguna de Miramar, Chiapas, MX (16.683, -92.652)",2026-03-26 15:37,1.0,16.6828071,-92.6522823,True,False,True,S313563637,
norfli,Northern Flicker,Colaptes auratus,L61092962,Brecha al oeste del Cerro Pelado Chiquito,2026-03-26 15:34,3.0,17.1835814,-96.650032,True,False,True,S313486493,
taibeg1,Taiga Bean-Goose,Anser fabalis,L60897174,"Deering Road Bridge, Port Renfrew, British Columbia, CA",2026-03-26 15:34,2.0,48.5819214,-124.3942115,True,True,True,S313484949,
redwar1,Red Warbler,Cardellina rubra,L61092962,Brecha al oeste del Cerro Pelado Chiquito,2026-03-26 15:34,2.0,17.1835814,-96.650032,True,False,True,S313486493,
redcro,Red Crossbill,Loxia curvirostra,L61092962,Brecha al oeste del Cerro Pelado Chiquito,2026-03-26 15:34,10.0,17.1835814,-96.650032,True,False,True,S313486493,
norfli1,Guatemalan Flicker,Colaptes mexicanoides,L61095448,Lote Gazelle,2026-03-26 15:30,1.0,16.6849926,-92.6747631,True,False,True,S313497748,
casauk,Cassin's Auklet,Ptychoramphus aleuticus,L800185,Cape Flattery,2026-03-26 15:24,2.0,48.385884,-124.7266299,True,False,False,S313453657,
brispa1,Bridled Sparrow,Peucaea mystacalis,L305858,Presa Piedra Azul,2026-03-26 15:16,1.0,17.0437158,-96.5152336,True,False,False,S313488723,
whttow1,White-throated Towhee,Melozone albicollis,L305858,Presa Piedra Azul,2026-03-26 15:16,5.0,17.0437158,-96.5152336,True,False,False,S313488723,
grbwoo1,Gray-breasted Woodpecker,Melanerpes hypopolius,L305858,Presa Piedra Azul,2026-03-26 15:16,2.0,17.0437158,-96.5152336,True,False,False,S313488723,
grnkin,Green Kingfisher,Chloroceryle americana,L305858,Presa Piedra Azul,2026-03-26 15:16,1.0,17.0437158,-96.5152336,True,False,False,S313488723,
zothaw,Zone-tailed Hawk,Buteo albonotatus,L29294889,Las Papayas,2026-03-26 15:14,1.0,20.940096,-89.573864,True,False,True,S313420334,
eursta,European Starling,Sturnus vulgaris,L61081001,Vaso de captación Planta de Tratamiento Chamizal JMAS,2026-03-26 15:10,,31.7524097,-106.462957,True,False,True,S313426492,N
lobcur,Long-billed Curlew,Numenius americanus,L61090692,"4786 Gibbs Road, Barrière, British Columbia, CA (51.189, -120.13)",2026-03-26 15:10,1.0,51.1885389,-120.1301138,True,False,True,S313476223,
chemun,Chestnut Munia,Lonchura atricapilla,L19347455,Princeville Makai Golf Course,2026-03-26 15:08,8.0,22.2202636,-159.4802692,True,False,False,S313515407,N
grefri,Great Frigatebird,Fregata minor,L8027824,Kīlauea Point NWR--Overlook (always open),2026-03-26 15:08,2.0,22.2277391,-159.4012624,True,False,False,S313483383,
easowl1,Eastern Screech-Owl,Megascops asio,L601559,Burlington--Valley Inn,2026-03-26 15:08,1.0,43.2897486,-79.8857653,True,False,False,S313407600,
wetshe,Wedge-tailed Shearwater,Ardenna pacifica,L8027824,Kīlauea Point NWR--Overlook (always open),2026-03-26 15:08,1.0,22.2277391,-159.4012624,True,False,False,S313483383,
rettro,Red-tailed Tropicbird,Phaethon rubricauda,L8027824,Kīlauea Point NWR--Overlook (always open),2026-03-26 15:08,16.0,22.2277391,-159.4012624,True,False,False,S313483383,
lobdow,Long-billed Dowitcher,Limnodromus scolopaceus,L297236,Burnaby Lake Regional Park (general),2026-03-26 15:00,6.0,49.2429874,-122.9440498,True,False,False,S313476236,
loeowl,Long-eared Owl,Asio otus,L1290524,Amherst Island--Marshall 40 Foot Road,2026-03-26 14:50,1.0,44.1725088,-76.6554308,True,False,False,S313418261,
wilpha,Wilson's Phalarope,Phalaropus tricolor,L5690703,Presa Peñitas,2026-03-26 14:39,1.0,29.2701904,-108.114996,True,False,False,S313484649,
lobdow,Long-billed Dowitcher,Limnodromus scolopaceus,L5690703,Presa Peñitas,2026-03-26 14:39,12.0,29.2701904,-108.114996,True,False,False,S313484649,
helgui,Helmeted Guineafowl,Numida meleagris,L13431892,Harrison Lake,2026-03-26 14:25,2.0,32.7674556,-86.8718546,True,False,False,S313398563,X
yebcac1,Yellow-billed Cacique,Amblycercus holosericeus,L61095987,"29935, Ocosingo MX-Chis. 16.76356, -90.99687",2026-03-26 14:22,1.0,16.763564,-90.996872,True,False,True,S313500313,
varsee3,Variable Seedeater,Sporophila corvina,L61095987,"29935, Ocosingo MX-Chis. 16.76356, -90.99687",2026-03-26 14:22,8.0,16.763564,-90.996872,True,False,True,S313500313,
rubspi2,Rufous-breasted Spinetail,Synallaxis erythrothorax,L61095987,"29935, Ocosingo MX-Chis. 16.76356, -90.99687",2026-03-26 14:22,1.0,16.763564,-90.996872,True,False,True,S313500313,
butsal1,Buff-throated Saltator,Saltator maximus,L61095987,"29935, Ocosingo MX-Chis. 16.76356, -90.99687",2026-03-26 14:22,2.0,16.763564,-90.996872,True,False,True,S313500313,
grbcra1,Gray-breasted Crake,Laterallus exilis,L61095987,"29935, Ocosingo MX-Chis. 16.76356, -90.99687",2026-03-26 14:22,2.0,16.763564,-90.996872,True,False,True,S313500313,
refblu1,Red-flanked Bluetail,Tarsiger cyanurus,L61102178,Red Flanked Blue Tail sighting,2026-03-26 14:21,1.0,39.004,-77.256,True,True,True,S313407112,
nrwswa,Northern Rough-winged Swallow,Stelgidopteryx serripennis,L6483180,Vedder Rotary Trail - Lickman Rd,2026-03-26 14:19,1.0,49.0990867,-122.0069289,True,True,False,S313439945,
bkbwoo,Black-backed Woodpecker,Picoides arcticus,L61076958,Daly Mansion to Stevensville,2026-03-26 14:16,1.0,46.380031,-114.103646,True,False,True,S313406210,
carela1,Caribbean Elaenia,Elaenia martinica,L1973735,El Cedral (Pueblo),2026-03-26 14:13,1.0,20.3690898,-86.9935226,True,False,False,S313394572,
gloibi,Glossy Ibis,Plegadis falcinellus,L8287193,Lagunas Canimuk,2026-03-26 14:12,4.0,21.4337128,-87.7089831,True,False,False,S313419414,
monqua,Montezuma Quail,Cyrtonyx montezumae,L129021,Madera Canyon--Madera Picnic Area,2026-03-26 14:10,1.0,31.7271702,-110.8807518,True,False,False,S313441066,
grathr1,Gray Thrasher,Toxostoma cinereum,L266029,Santiago (pueblo),2026-03-26 14:03,1.0,23.4810208,-109.7156396,True,False,False,S313479523,
xanhum,Xantus's Hummingbird,Basilinna xantusii,L266029,Santiago (pueblo),2026-03-26 14:03,1.0,23.4810208,-109.7156396,True,False,False,S313479523,
empgoo,Emperor Goose,Anser canagicus,L1129524,Kodiak Is.--Womens Bay (NW Spit),2026-03-26 14:00,350.0,57.7157018,-152.5515175,True,False,False,S313632144,
wilsap,Williamson's Sapsucker,Sphyrapicus thyroideus,L344089,Anarchist Mountain--Sidley Mtn Road,2026-03-26 13:56,3.0,49.02891,-119.25054,True,False,False,S313469217,
dwavir1,Dwarf Vireo,Vireo nelsoni,L11914677,San Miguel Arkanhel--Encino y Guaje,2026-03-26 13:55,1.0,17.0238228,-96.4707716,True,False,False,S313415938,
whiter4,Blue-billed White-Tern,Gygis candida,L804758,Iolani Palace,2026-03-26 13:53,7.0,21.3067276,-157.8592014,True,False,False,S313475706,
legcuc1,Lesser Ground-Cuckoo,Morococcyx erythropygus,L572923,Rancho Monte Bonito,2026-03-26 13:50,1.0,16.324554,-93.871558,True,False,False,S313478358,
citspa1,Cinnamon-tailed Sparrow,Peucaea sumichrasti,L572923,Rancho Monte Bonito,2026-03-26 13:50,1.0,16.324554,-93.871558,True,False,False,S313478358,
lotman1,Long-tailed Manakin,Chiroxiphia linearis,L572923,Rancho Monte Bonito,2026-03-26 13:50,2.0,16.324554,-93.871558,True,False,False,S313478358,
wesgul,Western Gull,Larus occidentalis,L350246,Esquimalt Lagoon,2026-03-26 13:44,1.0,48.4257613,-123.4631732,True,False,False,S313424061,
ercfra,Erckel's Spurfowl,Pternistis erckelii,L17004814,"HI: Keanakolu Road (19.762, -155.366)",2026-03-26 13:43,1.0,19.7616549,-155.3661694,True,False,True,S313511248,N
apapan,Apapane,Himatione sanguinea,L1428616,Hawai'i Volcanoes NP--Visitor Center and Volcano House,2026-03-26 13:41,6.0,19.4295211,-155.2575515,True,False,False,S313464966,
x00195,Carolina x Black-capped Chickadee (hybrid),Poecile carolinensis x atricapillus,L450417,Duke Farms IBA,2026-03-26 13:30,1.0,40.544705,-74.624022,True,False,False,S313407995,
iiwi,Iiwi,Drepanis coccinea,L370534,"Kaulana Manu Nature Trail (""Kīpuka 21"")",2026-03-26 13:27,15.0,19.6713676,-155.3679389,True,False,False,S313496941,
amecro,American Crow,Corvus brachyrhynchos,L61073821,"Calle Emiliano Zapata 24578, Venustiano Carranza MX-B.C. 32.16909, -116.89762",2026-03-26 13:27,1.0,32.169091,-116.897617,True,False,True,S313408288,
ariwoo,Arizona Woodpecker,Leuconotopicus arizonae,L61080504,"Carretera San José de Mojarras-Guadalupe Ocotán, La Yesca MX-Nay. 21.68272, -104.41690",2026-03-26 13:26,1.0,21.682721,-104.416903,True,False,True,S313424293,
paired,Painted Redstart,Myioborus pictus,L61080504,"Carretera San José de Mojarras-Guadalupe Ocotán, La Yesca MX-Nay. 21.68272, -104.41690",2026-03-26 13:26,2.0,21.682721,-104.416903,True,False,True,S313424293,
brnboo,Brown Booby,Sula leucogaster,L8101807,Presa Agualeguas,2026-03-26 13:25,1.0,26.2928547,-99.5527704,True,True,False,S313457307,
plawre1,Cabanis's Wren,Cantorchilus modestus,L1758436,Reserva de la Biosfera El Triunfo--Jaltenango a Finca Prusia,2026-03-26 13:23,4.0,15.7970928,-92.8030871,True,False,False,S313634534,
stisan,Stilt Sandpiper,Calidris himantopus,L4151906,Puente de Urrutia,2026-03-26 13:04,5.0,19.2605906,-99.0741384,True,False,False,S313411538,
amewig,American Wigeon,Mareca americana,L4151906,Puente de Urrutia,2026-03-26 13:04,2.0,19.2605906,-99.0741384,True,False,False,S313411538,
recman1,Red-capped Manakin,Ceratopipra mentalis,L2290463,PN Palenque,2026-03-26 13:03,1.0,17.4862562,-92.0423841,True,False,False,S313411362,
amakin1,Amazon Kingfisher,Chloroceryle amazona,L2290463,PN Palenque,2026-03-26 13:03,1.0,17.4862562,-92.0423841,True,False,False,S313411362,
woewar1,Worm-eating Warbler,Helmitheros vermivorum,L2290463,PN Palenque,2026-03-26 13:03,1.0,17.4862562,-92.0423841,True,False,False,S313411362,
greegr,Great Egret,Ardea alba,L51617355,Stokes River,2026-03-26 13:00,1.0,45.000803,-81.368463,True,True,True,S313488870,
tawwoo1,Tawny-winged Woodcreeper,Dendrocincla anabatina,L4320663,Rancho San Felipe,2026-03-26 12:48,1.0,18.6339239,-88.2678723,True,False,True,S313405804,
omao,Omao,Myadestes obscurus,L370534,"Kaulana Manu Nature Trail (""Kīpuka 21"")",2026-03-26 12:42,1.0,19.6713676,-155.3679389,True,False,False,S313482099,
fiespa,Field Sparrow,Spizella pusilla,L283720,Hillman Marsh CA (general location),2026-03-26 12:36,1.0,42.0389667,-82.5091267,True,False,False,S313386399,
skylar,Eurasian Skylark,Alauda arvensis,L17170303,"Kilohana Hunter Checking Station, Kaʻohe GMA",2026-03-26 12:33,1.0,19.8078193,-155.6297627,True,False,False,S313450265,N
hawama,Hawaii Amakihi,Chlorodrepanis virens,L17170303,"Kilohana Hunter Checking Station, Kaʻohe GMA",2026-03-26 12:33,1.0,19.8078193,-155.6297627,True,False,False,S313450265,
perfal,Peregrine Falcon,Falco peregrinus,L35567791,"Los Desmontes, Guanajuato, MX",2026-03-26 12:31,1.0,19.9163883,-100.7481026,True,False,True,S313410993,
bklkit,Black-legged Kittiwake,Rissa tridactyla,L299033,NL--Cape Spear,2026-03-26 12:25,130.0,47.5216036,-52.6246846,True,False,False,S313323389,
eargre,Eared Grebe,Podiceps nigricollis,L261851,Iona Island (General),2026-03-26 12:20,1.0,49.2213299,-123.2110997,True,False,False,S313453602,
grbani,Groove-billed Ani,Crotophaga sulcirostris,L5125329,West Ravenna Rd.,2026-03-26 12:18,1.0,29.6686111,-89.9774773,True,True,False,S313416660,
lasfly,La Sagra's Flycatcher,Myiarchus sagrae,L768468,Dagny Johnson Key Largo Hammock Botanical SP,2026-03-26 12:15,1.0,25.280242,-80.2973986,True,True,False,S313469395,
ocethr1,Ocellated Thrasher,Toxostoma ocellatum,L61078969,"Carretera Tlacolula-Cuajimoloyas, Santa Ana del Valle MX-Oax. 17.02190, -96.46966",2026-03-26 12:14,2.0,17.021903,-96.469659,True,False,True,S313416260,
whthaw,White-tailed Hawk,Geranoaetus albicaudatus,L61074659,"Las fresas, San Nicolás, Zimatlán de Álvarez, Oaxaca",2026-03-26 12:10,1.0,16.852056,-96.778477,True,False,True,S313395012,
rocpta1,Rock Ptarmigan,Lagopus muta,L61021282,Esker Road Comm Tower,2026-03-26 12:05,10.0,53.726765,-65.142789,True,True,True,S313465917,
osprey,Osprey,Pandion haliaetus,L41534622,"7258 County Road 50, Amherstburg CA-ON (42.0221,-83.0053)",2026-03-26 11:59,2.0,42.022145,-83.005337,True,True,True,S313359354,
wilpta,Willow Ptarmigan,Lagopus lagopus,L3008824,Norman Wells--townsite,2026-03-26 11:57,11.0,65.2817902,-126.8323946,True,False,False,S313434717,
tropar,Tropical Parula,Setophaga pitiayumi,L360452,Big Bend NP--Panther Junction,2026-03-26 11:55,1.0,29.3281624,-103.2064569,True,True,False,S313354678,
barant1,Barred Antshrike,Thamnophilus doliatus,L1322415,Monumentos Naturales Bonampak--Camino Entrada,2026-03-26 11:53,1.0,16.7612651,-91.1027956,True,False,False,S313500261,
whcman1,White-collared Manakin,Manacus candei,L1322415,Monumentos Naturales Bonampak--Camino Entrada,2026-03-26 11:53,1.0,16.7612651,-91.1027956,True,False,False,S313500261,
grsvir1,Green Shrike-Vireo,Vireolanius pulchellus,L1322415,Monumentos Naturales Bonampak--Camino Entrada,2026-03-26 11:53,1.0,16.7612651,-91.1027956,True,False,False,S313500261,
slttro1,Slaty-tailed Trogon,Trogon massena,L1322415,Monumentos Naturales Bonampak--Camino Entrada,2026-03-26 11:53,1.0,16.7612651,-91.1027956,True,False,False,S313500261,
snakit,Snail Kite,Rostrhamus sociabilis,L61077028,"Cenote Santa Rosa, Homún MX-Yuc. 20.73775, -89.29777",2026-03-26 11:50,1.0,20.73775,-89.297771,True,False,True,S313406554,
rocwre,Rock Wren,Salpinctes obsoletus,L61074053,"176 Puente Real, Saltillo, Coahuila de Zaragoza, MX (25.472, -100.966)",2026-03-26 11:43,1.0,25.4723021,-100.9657307,True,False,True,S313392036,
whcswi,White-collared Swift,Streptoprocne zonaris,L285292,Monumentos Naturales Bonampak--Zona Arqueológica Bonampak,2026-03-26 11:43,10.0,16.7044352,-91.0643756,True,False,False,S313408937,
olbeup1,Olive-backed Euphonia,Euphonia gouldi,L285292,Monumentos Naturales Bonampak--Zona Arqueológica Bonampak,2026-03-26 11:43,1.0,16.7044352,-91.0643756,True,False,False,S313408937,
pirfly1,Piratic Flycatcher,Legatus leucophaius,L285292,Monumentos Naturales Bonampak--Zona Arqueológica Bonampak,2026-03-26 11:43,1.0,16.7044352,-91.0643756,True,False,False,S313408937,
subfly,Sulphur-bellied Flycatcher,Myiodynastes luteiventris,L285292,Monumentos Naturales Bonampak--Zona Arqueológica Bonampak,2026-03-26 11:43,1.0,16.7044352,-91.0643756,True,False,False,S313408937,
bkcspa,Black-chinned Sparrow,Spizella atrogularis,L25273995,El Cerrito de Tixmadejé,2026-03-26 11:42,1.0,19.9543076,-99.9354935,True,False,True,S313671256,
chswar,Chestnut-sided Warbler,Setophaga pensylvanica,L4131903,"Gibbs Park, Huntington Beach",2026-03-26 11:40,1.0,33.7200563,-118.0351782,True,True,False,S313488541,
camwar,Cape May Warbler,Setophaga tigrina,L61067924,"1480 Tauch, Cozumel, Quintana Roo, MX (20.473, -86.97)",2026-03-26 11:34,1.0,20.4731097,-86.970457,True,False,True,S313362818,
steeid,Steller's Eider,Polysticta stelleri,L1122282,Kodiak Is.--Gibson Cove,2026-03-26 11:30,6.0,57.7786102,-152.448286,True,False,False,S313628620,
pipplo,Piping Plover,Charadrius melodus,L61064903,punta blanca,2026-03-26 11:26,1.0,21.3329601,-86.7975006,True,False,True,S313369005,
rutjac1,Rufous-tailed Jacamar,Galbula ruficauda,L61071616,"Carretera Caobas-Arroyo Negro, Calakmul MX-Camp. 18.20656, -89.20183",2026-03-26 11:26,1.0,18.206562,-89.201832,True,False,True,S313380661,
bucmot1,Blue-capped Motmot,Momotus coeruliceps,L370624,PN La Estanzuela,2026-03-26 11:22,1.0,25.5454617,-100.2713585,True,False,False,S313370360,
blheag1,Black Hawk-Eagle,Spizaetus tyrannus,L53467123,"San Quintín, Sayulita Birding Spott",2026-03-26 11:17,2.0,20.831859,-105.408148,True,False,True,S313356713,
pursan,Purple Sandpiper,Calidris maritima,L29556051,"531 Rue du Fleuve, Rimouski, Québec, CA (48,501, -68,48)",2026-03-26 11:13,20.0,48.5011434,-68.4803688,True,False,True,S313328488,
sooter1,Sooty Tern,Onychoprion fuscatus,L127452,Dry Tortugas NP--Garden Key,2026-03-26 11:12,50.0,24.6276,-82.8728,True,False,False,S313485502,
purgal2,Purple Gallinule,Porphyrio martinica,L2611603,Carretera 295/Río Lagartos-Tizimín--Pantano a Km 90,2026-03-26 11:10,1.0,21.474551,-88.1308758,True,False,False,S313364779,
wilplo,Wilson's Plover,Anarhynchus wilsonia,L221424,Isla Cozumel,2026-03-26 11:06,2.0,20.3983115,-86.961937,True,False,True,S313410147,
reevir1,Red-eyed Vireo,Vireo olivaceus,L221424,Isla Cozumel,2026-03-26 11:06,1.0,20.3983115,-86.961937,True,False,True,S313410147,
cozvir1,Cozumel Vireo,Vireo bairdi,L221424,Isla Cozumel,2026-03-26 11:06,1.0,20.3983115,-86.961937,True,False,True,S313410147,
wesspi,Western Spindalis,Spindalis zena,L221424,Isla Cozumel,2026-03-26 11:06,1.0,20.3983115,-86.961937,True,False,True,S313410147,
houwre3,Cozumel Wren,Troglodytes beani,L221424,Isla Cozumel,2026-03-26 11:06,1.0,20.3983115,-86.961937,True,False,True,S313410147,
btbwar,Black-throated Blue Warbler,Setophaga caerulescens,L221424,Isla Cozumel,2026-03-26 11:06,1.0,20.3983115,-86.961937,True,False,True,S313410147,
yebcha,Yellow-breasted Chat,Icteria virens,L418752,Tijuana River Valley--Bird & Butterfly Garden (Myers Ranch),2026-03-26 11:05,1.0,32.5538589,-117.084619,True,True,False,S313412849,
fragul,Franklin's Gull,Leucophaeus pipixcan,L16693431,ATELIER Playa Mujeres,2026-03-26 10:59,1.0,21.253595,-86.809706,True,False,False,S313454760,
x00050,American Herring x Glaucous-winged Gull (hybrid),Larus smithsonianus x glaucescens,L1289459,Landfill Loop Trail,2026-03-26 10:58,2.0,37.9681009,-122.3808324,True,False,False,S313479614,
kineid,King Eider,Somateria spectabilis,L351715,Tommy Thompson Park,2026-03-26 10:56,1.0,43.6282673,-79.329167,True,True,False,S313444516,
issjay,Island Scrub-Jay,Aphelocoma insularis,L1653815,Santa Cruz Island--Pelican Bay Trail (restricted access),2026-03-26 10:54,6.0,34.0232403,-119.6923032,True,False,False,S313490661,
bcrfin,Brown-capped Rosy-Finch,Leucosticte australis,L10541893,Sam's Knob,2026-03-26 10:50,42.0,39.187476,-106.972832,True,False,False,S313361097,
gcrfin,Gray-crowned Rosy-Finch,Leucosticte tephrocotis,L10541893,Sam's Knob,2026-03-26 10:50,1.0,39.187476,-106.972832,True,False,False,S313361097,
x00050,American Herring x Glaucous-winged Gull (hybrid),Larus smithsonianus x glaucescens,L338650,Columbia Beach,2026-03-26 10:46,14.0,49.3541807,-124.3703654,True,False,False,S313409124,
blktur,Black Turnstone,Arenaria melanocephala,L338650,Columbia Beach,2026-03-26 10:46,5.0,49.3541807,-124.3703654,True,False,False,S313409124,
grycat,Gray Catbird,Dumetella carolinensis,L3341511,Village of Lancaster,2026-03-26 10:45,1.0,45.141497,-74.4993639,True,True,True,S313471907,
coshum,Costa's Hummingbird,Calypte costae,L61068644,"Baja California Sur, MX (23.973, -109.965)",2026-03-26 10:36,1.0,23.97274,-109.965465,True,False,True,S313366225,
annhum,Anna's Hummingbird,Calypte anna,L30456753,Facultad De Medicina UABC,2026-03-26 10:34,1.0,32.6433652,-115.4742687,True,False,True,S313376761,
amebit,American Bittern,Botaurus lentiginosus,L56410307,Lagunas de Kanasín,2026-03-26 10:27,1.0,20.9124082,-89.5599277,True,False,False,S313415159,
whlgna3,Yucatan Gnatcatcher,Polioptila albiventris,L29308767,"Ruta Kanhá, Kiní MX-Yuc.",2026-03-26 10:26,2.0,21.148304,-89.293991,True,False,True,S313464387,
musduc,Muscovy Duck,Cairina moschata,L12957138,Arva Flour Mill,2026-03-26 10:23,2.0,43.0532416,-81.2958455,True,False,True,S313418197,X
camwar,Cape May Warbler,Setophaga tigrina,L127446,Key West Tropical Forest & Botanical Gardens,2026-03-26 10:21,1.0,24.5734,-81.7496,True,False,False,S313353996,
rcgspa1,Rusty-crowned Ground-Sparrow,Melozone kieneri,L55831748,Antigua vía del tren Cuernavaca - Tepoztlán,2026-03-26 10:15,1.0,19.0008242,-99.1825405,True,False,True,S313430142,
flctan,Flame-colored Tanager,Piranga bidentata,L55831748,Antigua vía del tren Cuernavaca - Tepoztlán,2026-03-26 10:15,1.0,19.0008242,-99.1825405,True,False,True,S313430142,
britit,Bridled Titmouse,Baeolophus wollweberi,L55831748,Antigua vía del tren Cuernavaca - Tepoztlán,2026-03-26 10:15,2.0,19.0008242,-99.1825405,True,False,True,S313430142,
sposan,Spotted Sandpiper,Actitis macularius,L269486,Witty's Lagoon Regional Park,2026-03-26 10:14,1.0,48.3863827,-123.5171843,True,False,False,S313385308,
shshaw,Sharp-shinned Hawk,Accipiter striatus,L61061728,"Calle Mineral de la Luz 32, Marfil MX-Gto. 21.00864, -101.28001",2026-03-26 10:14,1.0,21.008643,-101.280006,True,False,True,S313333287,
wesgre,Western Grebe,Aechmophorus occidentalis,L269486,Witty's Lagoon Regional Park,2026-03-26 10:14,20.0,48.3863827,-123.5171843,True,False,False,S313385308,
akiapo,Akiapolaau,Hemignathus wilsoni,L366605,"Pu'u O'o Trail, Kipuka Ainahou section (first 2 miles)",2026-03-26 10:10,1.0,19.6714434,-155.3849602,True,True,False,S313471437,
mexher1,Mexican Hermit,Phaethornis mexicanus,L22811267,Rancho Primavera,2026-03-26 10:10,2.0,20.3412871,-105.3499818,True,False,False,S313452734,
oahama,Oahu Amakihi,Chlorodrepanis flava,L253053,ʻAiea Loop Trail and Keaīwa Heiau SP,2026-03-26 10:10,4.0,21.3988172,-157.9000568,True,False,False,S313497985,
elepai,Hawaii Elepaio,Chasiempis sandwichensis,L366605,"Pu'u O'o Trail, Kipuka Ainahou section (first 2 miles)",2026-03-26 10:10,3.0,19.6714434,-155.3849602,True,False,False,S313471437,
redpha1,Red Phalarope,Phalaropus fulicarius,L679066,West Branch Forest Preserve,2026-03-26 10:08,1.0,41.9326501,-88.1819773,True,True,False,S313326157,
whnjac1,White-necked Jacobin,Florisuga mellivora,L2279854,Hotel Ecolodge Ara Macao Las Guacamayas,2026-03-26 10:03,1.0,16.2569085,-90.8614397,True,False,False,S313423106,
surfly1,Sulphur-rumped Flycatcher,Myiobius sulphureipygius,L2279854,Hotel Ecolodge Ara Macao Las Guacamayas,2026-03-26 10:03,1.0,16.2569085,-90.8614397,True,False,False,S313423106,
webwoo1,Wedge-billed Woodcreeper,Glyphorynchus spirurus,L2279854,Hotel Ecolodge Ara Macao Las Guacamayas,2026-03-26 10:03,1.0,16.2569085,-90.8614397,True,False,False,S313423106,
paltyr2,Guatemalan Tyrannulet,Zimmerius vilissimus,L2279854,Hotel Ecolodge Ara Macao Las Guacamayas,2026-03-26 10:03,1.0,16.2569085,-90.8614397,True,False,False,S313423106,
snoplo5,Snowy Plover,Anarhynchus nivosus,L14052684,"Sonora, MX (31.967, -114.771)",2026-03-26 10:02,1.0,31.967349,-114.7706166,True,False,True,S313356049,
blkter,Black Tern,Chlidonias niger,L14052684,"Sonora, MX (31.967, -114.771)",2026-03-26 10:02,4.0,31.967349,-114.7706166,True,False,True,S313356049,
grtcha1,Gray-throated Chat,Granatellus sallaei,L40018025,Birders House,2026-03-26 09:57,1.0,20.863405,-87.0771517,True,False,True,S313413969,
mewgul,Common Gull,Larus canus,L353734,St. John's--Quidi Vidi Lake,2026-03-26 09:52,1.0,47.580135,-52.6941258,True,True,False,S313287925,
akepa1,Hawaii Akepa,Loxops coccineus,L695639,Hakalau Forest NWR--Pua Akala Tract (restricted access),2026-03-26 09:40,4.0,19.7895,-155.3262,True,True,False,S313491713,
hawcre,Hawaii Creeper,Loxops mana,L695639,Hakalau Forest NWR--Pua Akala Tract (restricted access),2026-03-26 09:40,10.0,19.7895,-155.3262,True,True,False,S313491713,
yebsap,Yellow-bellied Sapsucker,Sphyrapicus varius,L2678383,Peer's Wetland,2026-03-26 09:39,1.0,42.6078743,-82.3597491,True,False,False,S313292908,
afrsil1,African Silverbill,Euodice cantans,L469355,Kawai'ele State Waterbird Sanctuary,2026-03-26 09:36,2.0,22.0099791,-159.7679526,True,False,False,S313409220,N
ltwpar1,Long-tailed Wood-Partridge,Dendrortyx macroura,L5269938,Parque Las Maravillas,2026-03-26 09:34,1.0,19.1503281,-99.1705538,True,False,False,S313352097,
rcbfin1,Rufous-capped Brushfinch,Atlapetes pileatus,L5269938,Parque Las Maravillas,2026-03-26 09:34,2.0,19.1503281,-99.1705538,True,False,False,S313352097,
strwoo,Strickland's Woodpecker,Leuconotopicus stricklandi,L5269938,Parque Las Maravillas,2026-03-26 09:34,1.0,19.1503281,-99.1705538,True,False,False,S313352097,
runthr1,Russet Nightingale-Thrush,Catharus occidentalis,L5269938,Parque Las Maravillas,2026-03-26 09:34,1.0,19.1503281,-99.1705538,True,False,False,S313352097,
bubfly,Buff-breasted Flycatcher,Empidonax fulvifrons,L5269938,Parque Las Maravillas,2026-03-26 09:34,1.0,19.1503281,-99.1705538,True,False,False,S313352097,
wessan,Western Sandpiper,Calidris mauri,L61082708,Granja La Gilgerilla,2026-03-26 09:32,30.0,23.176507,-106.341203,True,False,True,S313435643,
brthum,Broad-tailed Hummingbird,Selasphorus platycercus,L60841313,"SONORA, Guanajuato, MX (21.221, -100.703)",2026-03-26 09:32,1.0,21.2208277,-100.7026749,True,False,True,S313358105,
eyrfla1,Eye-ringed Flatbill,Rhynchocyclus brevirostris,L61090709,"Rio, Zimatlán, Oaxaca, MX (16.937, -97.829)",2026-03-26 09:29,1.0,16.9369479,-97.8286537,True,False,True,S313476336,
blcwoo1,Black-cheeked Woodpecker,Melanerpes pucherani,L285292,Monumentos Naturales Bonampak--Zona Arqueológica Bonampak,2026-03-26 09:28,1.0,16.7044352,-91.0643756,True,False,False,S313500243,
capowl1,Central American Pygmy-Owl,Glaucidium griseiceps,L285292,Monumentos Naturales Bonampak--Zona Arqueológica Bonampak,2026-03-26 09:28,1.0,16.7044352,-91.0643756,True,False,False,S313500243,
rusant1,Russet Antshrike,Thamnistes anabatinus,L285292,Monumentos Naturales Bonampak--Zona Arqueológica Bonampak,2026-03-26 09:28,2.0,16.7044352,-91.0643756,True,False,False,S313500243,
pabwoo1,Pale-billed Woodpecker,Campephilus guatemalensis,L285292,Monumentos Naturales Bonampak--Zona Arqueológica Bonampak,2026-03-26 09:28,1.0,16.7044352,-91.0643756,True,False,False,S313500243,
rufpih1,Rufous Piha,Lipaugus unirufus,L285292,Monumentos Naturales Bonampak--Zona Arqueológica Bonampak,2026-03-26 09:28,1.0,16.7044352,-91.0643756,True,False,False,S313500243,
cinbec1,Cinnamon Becard,Pachyramphus cinnamomeus,L285292,Monumentos Naturales Bonampak--Zona Arqueológica Bonampak,2026-03-26 09:28,1.0,16.7044352,-91.0643756,True,False,False,S313500243,
sttspa1,Stub-tailed Spadebill,Platyrinchus cancrominus,L285292,Monumentos Naturales Bonampak--Zona Arqueológica Bonampak,2026-03-26 09:28,1.0,16.7044352,-91.0643756,True,False,False,S313500243,
grhkit1,Gray-headed Kite,Leptodon cayanensis,L285292,Monumentos Naturales Bonampak--Zona Arqueológica Bonampak,2026-03-26 09:28,1.0,16.7044352,-91.0643756,True,False,False,S313500243,
whihaw1,White Hawk,Pseudastur albicollis,L285292,Monumentos Naturales Bonampak--Zona Arqueológica Bonampak,2026-03-26 09:28,2.0,16.7044352,-91.0643756,True,False,False,S313500243,
sxrgoo1,Snow x Ross's Goose (hybrid),Anser caerulescens x rossii,L13781054,Shelby Park--Sevier Lake area,2026-03-26 09:27,1.0,36.1691153,-86.7308819,True,True,False,S313295418,
copowl1,Colima Pygmy-Owl,Glaucidium palmarum,L5539383,Camino Real--La Bajada a Jalcocotán,2026-03-26 09:27,1.0,21.5079786,-105.1458335,True,False,False,S313404636,
grnpar,Green Parakeet,Psittacara holochlorus,L305867,Sima de las Cotorras,2026-03-26 09:25,80.0,16.8078513,-93.4750654,True,False,False,S313478669,
evegro,Evening Grosbeak,Hesperiphona vespertina,L34463745,Arroyo El Peral,2026-03-26 09:24,2.0,29.205172,-108.165066,True,False,True,S313372703,
norgos,American Goshawk,Astur atricapillus,L34463745,Arroyo El Peral,2026-03-26 09:24,1.0,29.205172,-108.165066,True,False,True,S313372703,
x00759,Domestic goose sp. x Canada Goose (hybrid),Anser sp. (Domestic type) x Branta canadensis,L493044,Philomath Sewage Ponds (restricted access),2026-03-26 09:23,1.0,44.5185755,-123.3444586,True,False,False,S313370221,X
amepip,American Pipit,Anthus rubescens,L23784428,Port Franks general location,2026-03-26 09:20,1.0,43.2280365,-81.9069501,True,True,True,S313350922,
forter,Forster's Tern,Sterna forsteri,L23784428,Port Franks general location,2026-03-26 09:20,1.0,43.2280365,-81.9069501,True,True,True,S313350922,
rensap,Red-naped Sapsucker,Sphyrapicus nuchalis,L11644412,Lake Country--Beaver Lake Road--KM 1-5,2026-03-26 09:19,1.0,50.026266,-119.3602655,True,False,False,S313402593,
whtpta1,White-tailed Ptarmigan,Lagopus leucura,L61058997,"4462 US-6, Silver Plume US-CO 39.66224, -105.88182",2026-03-26 09:15,2.0,39.662241,-105.881823,True,False,True,S313319393,
eletro1,Coppery-tailed Trogon,Trogon ambiguus,L2413068,Madera Canyon--Carrie Nation Trail,2026-03-26 09:13,2.0,31.704511,-110.8764482,True,True,False,S313391217,
abetow,Abert's Towhee,Melozone aberti,L15186523,"Sonora, MX (31.964, -114.763)",2026-03-26 09:13,2.0,31.9641811,-114.7628607,True,False,True,S313338358,
yucfly1,Yucatan Flycatcher,Myiarchus yucatanensis,L28184073,"Kin-Ha Road, Quintana Roo, MX (20.871, -87.087)",2026-03-26 09:11,1.0,20.8709367,-87.0872183,True,False,True,S313413908,
gtmgem1,Green-throated Mountain-gem,Lampornis viridipallens,L3135717,PN Lagunas de Montebello--Camino Cinco Lagos,2026-03-26 09:07,1.0,16.1068856,-91.679948,True,False,False,S313416985,
amebit,American Bittern,Botaurus lentiginosus,L61065948,"Willband Creek Park, Abbotsford CA-BC 49.07421, -122.28031",2026-03-26 09:06,1.0,49.074212,-122.280307,True,True,True,S313354060,
crithr,Crissal Thrasher,Toxostoma crissale,L17977525,"Sonora, MX (31.963, -114.761)",2026-03-26 08:59,1.0,31.9633619,-114.7607941,True,False,True,S313334418,
weskin,Western Kingbird,Tyrannus verticalis,L17977525,"Sonora, MX (31.963, -114.761)",2026-03-26 08:59,1.0,31.9633619,-114.7607941,True,False,True,S313334418,
wilsni1,Wilson's Snipe,Gallinago delicata,L17977525,"Sonora, MX (31.963, -114.761)",2026-03-26 08:59,1.0,31.9633619,-114.7607941,True,False,True,S313334418,
blhsis1,Black-headed Siskin,Spinus notatus,L61089111,"El Llano, camino a Vista del río",2026-03-26 08:57,1.0,17.307422,-98.879277,True,False,True,S313469465,
goceme1,Golden-crowned Emerald,Cynanthus auriceps,L17217801,Natikari- Rancho Verde,2026-03-26 08:57,2.0,20.866867,-105.412352,True,False,True,S313475710,
bawhae1,Black-and-white Hawk-Eagle,Spizaetus melanoleucus,L17217801,Natikari- Rancho Verde,2026-03-26 08:57,1.0,20.866867,-105.412352,True,False,True,S313475710,
elfowl,Elf Owl,Micrathene whitneyi,L17217801,Natikari- Rancho Verde,2026-03-26 08:57,1.0,20.866867,-105.412352,True,False,True,S313475710,
dusfly,Dusky Flycatcher,Empidonax oberholseri,L17217801,Natikari- Rancho Verde,2026-03-26 08:57,1.0,20.866867,-105.412352,True,False,True,S313475710,
shicow,Shiny Cowbird,Molothrus bonariensis,L4478244,Sem-Chi Rice Road (Does Not Include Atlantic Sugar Mill),2026-03-26 08:55,1.0,26.6668727,-80.4574621,True,True,False,S313425937,
bktspa,Black-throated Sparrow,Amphispiza bilineata,L60971404,"Coahuila de Zaragoza, MX (28.42, -100.614)",2026-03-26 08:53,3.0,28.420246,-100.614468,True,False,True,S313471125,
bktgna,Black-tailed Gnatcatcher,Polioptila melanura,L60971404,"Coahuila de Zaragoza, MX (28.42, -100.614)",2026-03-26 08:53,1.0,28.420246,-100.614468,True,False,True,S313471125,
lobthr,Long-billed Thrasher,Toxostoma longirostre,L60971404,"Coahuila de Zaragoza, MX (28.42, -100.614)",2026-03-26 08:53,2.0,28.420246,-100.614468,True,False,True,S313471125,
x00425,Common Goldeneye x Hooded Merganser (hybrid),Bucephala clangula x Lophodytes cucullatus,L4809879,Owen Sound (west side shoreline),2026-03-26 08:50,1.0,44.5900527,-80.9438875,True,True,True,S313470199,
calhum,Calliope Hummingbird,Selasphorus calliope,L129062,Ramsey Canyon Preserve (formerly Mile Hi Ranch),2026-03-26 08:50,1.0,31.4473746,-110.307608,True,False,False,S313497118,
bumhum,Bumblebee Hummingbird,Selasphorus heloisa,L8392260,Asfalto/Terraceria,2026-03-26 08:49,1.0,21.4991321,-104.9892398,True,False,True,S313355791,
mexwoo1,Mexican Woodnymph,Eupherusa ridgwayi,L8392260,Asfalto/Terraceria,2026-03-26 08:49,3.0,21.4991321,-104.9892398,True,False,True,S313355791,
fatwar,Fan-tailed Warbler,Euthlypis lachrymosa,L8392260,Asfalto/Terraceria,2026-03-26 08:49,1.0,21.4991321,-104.9892398,True,False,True,S313355791,
gycyel,Gray-crowned Yellowthroat,Geothlypis poliocephala,L61054408,"Carretera Panabá-San Felipe, Panabá MX-Yuc. 21.33027, -88.27366",2026-03-26 08:45,1.0,21.330267,-88.273657,True,False,True,S313321199,
blknod,Black Noddy,Anous minutus,L58715246,Kaimu Black Sand Beach,2026-03-26 08:45,7.0,19.3567206,-154.9682736,True,False,True,S313421191,
easmea,Eastern Meadowlark,Sturnella magna,L42890522,"TAB / Reyes Hernández, Tabasco, MX (18.198, -93.304)",2026-03-26 08:45,1.0,18.1975978,-93.3040741,True,False,True,S313373322,
crahaw,Crane Hawk,Geranospiza caerulescens,L61054408,"Carretera Panabá-San Felipe, Panabá MX-Yuc. 21.33027, -88.27366",2026-03-26 08:45,1.0,21.330267,-88.273657,True,False,True,S313321199,
mexshe1,Mexican Sheartail,Doricha eliza,L6274451,Playón de Chuburná Puerto,2026-03-26 08:42,3.0,21.2491344,-89.8435263,True,False,False,S313387069,
yucwre1,Yucatan Wren,Campylorhynchus yucatanicus,L6274451,Playón de Chuburná Puerto,2026-03-26 08:42,4.0,21.2491344,-89.8435263,True,False,False,S313387069,
amhgul1,American Herring Gull,Larus smithsonianus,L6274451,Playón de Chuburná Puerto,2026-03-26 08:42,1.0,21.2491344,-89.8435263,True,False,False,S313387069,
lazbun,Lazuli Bunting,Passerina amoena,L22626724,Escuela Internacional,2026-03-26 08:39,1.0,20.30553,-103.221122,True,False,False,S313358066,
grnvie1,Mexican Violetear,Colibri thalassinus,L54803360,Bosques de la Herradura,2026-03-26 08:35,1.0,18.9878509,-99.1969716,True,False,True,S313433323,
grepew,Greater Pewee,Contopus pertinax,L129068,Mt. Lemmon--Rose Canyon and Lake,2026-03-26 08:21,1.0,32.3926274,-110.7024693,True,False,False,S313465072,
wesmea,Western Meadowlark,Sturnella neglecta,L14424757,Humedal El Doctor (HD1-11),2026-03-26 08:20,1.0,31.961034,-114.755285,True,False,True,S313318460,
x00421,Eurasian x American Wigeon (hybrid),Mareca penelope x americana,L2172070,Victoria--Dallas Road Waterfront Trail,2026-03-26 08:18,1.0,48.4083608,-123.3669585,True,False,False,S313391068,
leafly,Least Flycatcher,Empidonax minimus,L61046177,"4761 SW Fifth St, Miami US-FL 25.76729, -80.27280",2026-03-26 08:18,1.0,25.767294,-80.272798,True,False,True,S313240696,
mexjay4,Mexican Jay,Aphelocoma wollweberi,L454895,Parque Ecológico Chipinque,2026-03-26 08:18,5.0,25.609253,-100.3555128,True,False,False,S313364266,
bubfly,Buff-breasted Flycatcher,Empidonax fulvifrons,L128937,Carr Canyon--Reef Townsite CG,2026-03-26 08:15,2.0,31.4286245,-110.2909517,True,False,False,S313558450,
henspa,Henslow's Sparrow,Centronyx henslowii,L23403378,"47619, Lynnville US-IN 38.23358, -87.35484",2026-03-26 08:15,1.0,38.233583,-87.354843,True,True,True,S313286097,
coltow1,Collared Towhee,Pipilo ocai,L61093039,Al sur del Cerro Pelado Chiquito,2026-03-26 08:14,2.0,17.1781518,-96.6462588,True,False,True,S313486462,
screup3,West Mexican Euphonia,Euphonia godmani,L22811267,Rancho Primavera,2026-03-26 08:12,2.0,20.3412871,-105.3499818,True,False,False,S313416851,
eawvir1,Eastern Warbling Vireo,Vireo gilvus,L32558110,jardin,2026-03-26 08:09,1.0,19.9433002,-97.9638748,True,False,True,S313298308,
palila,Palila,Loxioides bailleui,L61076493,"2026.03.27 19.83174, -155.59484",2026-03-26 08:08,1.0,19.831738,-155.594836,True,True,True,S313403716,
pinsis,Pine Siskin,Spinus pinus,L23750686,Rancho La soledad,2026-03-26 08:08,2.0,25.367934,-101.025112,True,False,True,S313312908,
ruwspa,Rufous-winged Sparrow,Peucaea carpalis,L59645488,Centro Regional de Formación Profesional Docente de Sonora,2026-03-26 08:01,3.0,29.175739,-110.915729,True,False,True,S313336254,
babwar,Bay-breasted Warbler,Setophaga castanea,L1833731,Cabrillo Heights Park,2026-03-26 08:00,1.0,32.805389,-117.1487589,True,True,False,S313332795,
amwpel,American White Pelican,Pelecanus erythrorhynchos,L7,Holiday Beach CA,2026-03-26 08:00,3.0,42.034026,-83.040726,True,False,False,S313330091,
ancmur,Ancient Murrelet,Synthliboramphus antiquus,L268086,Clover Point,2026-03-26 07:59,2.0,48.4035536,-123.3491535,True,False,False,S313341387,
botspa,Botteri's Sparrow,Peucaea botterii,L22558366,Coronado National Memorial--Windmill Trail,2026-03-26 07:56,3.0,31.3498621,-110.2360868,True,True,False,S313406990,
gsbfin1,Green-striped Brushfinch,Arremon virenticeps,L54803360,Bosques de la Herradura,2026-03-26 07:54,1.0,18.9878509,-99.1969716,True,False,True,S313426890,
ccbfin,Chestnut-capped Brushfinch,Arremon brunneinucha,L10944083,Parque Ecoturístico Montetik--Entrada El Aguaje,2026-03-26 07:53,1.0,16.6831572,-92.5963194,True,False,False,S313397324,
unijay1,Unicolored Jay,Aphelocoma unicolor,L10944083,Parque Ecoturístico Montetik--Entrada El Aguaje,2026-03-26 07:53,2.0,16.6831572,-92.5963194,True,False,False,S313397324,
gobwar1,Golden-browed Warbler,Basileuterus belli,L10944083,Parque Ecoturístico Montetik--Entrada El Aguaje,2026-03-26 07:53,2.0,16.6831572,-92.5963194,True,False,False,S313397324,
yelfly1,Yellowish Flycatcher,Empidonax flavescens,L10944083,Parque Ecoturístico Montetik--Entrada El Aguaje,2026-03-26 07:53,2.0,16.6831572,-92.5963194,True,False,False,S313397324,
sinqua1,Singing Quail,Dactylortyx thoracicus,L10944083,Parque Ecoturístico Montetik--Entrada El Aguaje,2026-03-26 07:53,2.0,16.6831572,-92.5963194,True,False,False,S313397324,
pihwar1,Pink-headed Warbler,Cardellina versicolor,L10944083,Parque Ecoturístico Montetik--Entrada El Aguaje,2026-03-26 07:53,4.0,16.6831572,-92.5963194,True,False,False,S313397324,
gathum1,Garnet-throated Hummingbird,Lamprolaima rhami,L10944083,Parque Ecoturístico Montetik--Entrada El Aguaje,2026-03-26 07:53,3.0,16.6831572,-92.5963194,True,False,False,S313397324,
rcnthr1,Ruddy-capped Nightingale-Thrush,Catharus frantzii,L10944083,Parque Ecoturístico Montetik--Entrada El Aguaje,2026-03-26 07:53,2.0,16.6831572,-92.5963194,True,False,False,S313397324,
gryfly,Gray Flycatcher,Empidonax wrightii,L224076,ANP Bosque de Tlalpan,2026-03-26 07:49,1.0,19.2923094,-99.2007709,True,False,False,S313378520,
brtcur,Bristle-thighed Curlew,Numenius tahitiensis,L1076157,Kahuku Golf Course and Pasture,2026-03-26 07:46,1.0,21.6810297,-157.9448315,True,False,False,S313388525,
shbdow,Short-billed Dowitcher,Limnodromus griseus,L7786886,Las nubes,2026-03-26 07:39,1.0,21.5344383,-87.3645721,True,False,True,S313288190,
clarai11,Clapper Rail,Rallus crepitans,L7786886,Las nubes,2026-03-26 07:39,2.0,21.5344383,-87.3645721,True,False,True,S313288190,
eurrob1,European Robin,Erithacus rubecula,L57012544,"poste d'observation Rougegorge familier, Montréal (2026)",2026-03-26 07:37,1.0,45.5699906,-73.530318,True,True,False,S313237445,
phecuc1,Pheasant Cuckoo,Dromococcyx phasianellus,L9407131,Laguna Santo Domingo,2026-03-26 07:33,,19.7865388,-88.7288756,True,False,False,S313338175,
horlar,Horned Lark,Eremophila alpestris,L61089634,Rancho el Tapirito,2026-03-26 07:32,3.0,32.344126,-116.134997,True,False,True,S313474341,
wrenti,Wrentit,Chamaea fasciata,L61089634,Rancho el Tapirito,2026-03-26 07:32,1.0,32.344126,-116.134997,True,False,True,S313474341,
oaktit,Oak Titmouse,Baeolophus inornatus,L61089634,Rancho el Tapirito,2026-03-26 07:32,2.0,32.344126,-116.134997,True,False,True,S313474341,
gryvir,Gray Vireo,Vireo vicinior,L61089634,Rancho el Tapirito,2026-03-26 07:32,2.0,32.344126,-116.134997,True,True,True,S313474341,
lawgol,Lawrence's Goldfinch,Spinus lawrencei,L61089634,Rancho el Tapirito,2026-03-26 07:32,1.0,32.344126,-116.134997,True,False,True,S313474341,
pinjay,Pinyon Jay,Gymnorhinus cyanocephalus,L61089634,Rancho el Tapirito,2026-03-26 07:32,2.0,32.344126,-116.134997,True,False,True,S313474341,
belspa2,Bell's Sparrow,Artemisiospiza belli,L61089634,Rancho el Tapirito,2026-03-26 07:32,1.0,32.344126,-116.134997,True,False,True,S313474341,
calthr,California Thrasher,Toxostoma redivivum,L61089634,Rancho el Tapirito,2026-03-26 07:32,1.0,32.344126,-116.134997,True,False,True,S313474341,
mouqua,Mountain Quail,Oreortyx pictus,L61089634,Rancho el Tapirito,2026-03-26 07:32,2.0,32.344126,-116.134997,True,False,True,S313474341,
mouchi,Mountain Chickadee,Poecile gambeli,L61089634,Rancho el Tapirito,2026-03-26 07:32,2.0,32.344126,-116.134997,True,False,True,S313474341,
rinduc,Ring-necked Duck,Aythya collaris,L8101807,Presa Agualeguas,2026-03-26 07:27,1.0,26.2928547,-99.5527704,True,False,False,S313337441,
amgplo,American Golden-Plover,Pluvialis dominica,L8101807,Presa Agualeguas,2026-03-26 07:27,2.0,26.2928547,-99.5527704,True,False,False,S313337441,
norpin,Northern Pintail,Anas acuta,L8101807,Presa Agualeguas,2026-03-26 07:27,1.0,26.2928547,-99.5527704,True,False,False,S313337441,
motduc,Mottled Duck,Anas fulvigula,L8101807,Presa Agualeguas,2026-03-26 07:27,2.0,26.2928547,-99.5527704,True,True,False,S313337441,
lecthr,LeConte's Thrasher,Toxostoma lecontei,L40312353,Matorral al sur del Golfo,2026-03-26 07:21,2.0,31.6586595,-114.4490296,True,False,True,S313375289,
calgul,California Gull,Larus californicus,L40312353,Matorral al sur del Golfo,2026-03-26 07:21,3.0,31.6586595,-114.4490296,True,False,True,S313375289,
lobcur,Long-billed Curlew,Numenius americanus,L40312353,Matorral al sur del Golfo,2026-03-26 07:21,1.0,31.6586595,-114.4490296,True,False,True,S313375289,
gryvir,Gray Vireo,Vireo vicinior,L1435041,Kitchen Creek Rd.--Pacific Crest Trail pullout,2026-03-26 07:21,2.0,32.7477333,-116.4514766,True,True,False,S313407325,
margod,Marbled Godwit,Limosa fedoa,L285197,Blackie Spit (Incl. Dunsmuir Farm & Nicomekl estuary),2026-03-26 07:20,2.0,49.059,-122.879,True,False,False,S313349667,
mancuc,Mangrove Cuckoo,Coccyzus minor,L221424,Isla Cozumel,2026-03-26 07:20,1.0,20.3983115,-86.961937,True,False,True,S313322930,
pygnut,Pygmy Nuthatch,Sitta pygmaea,L2999153,Carretera Ciudad de México-Cuernavaca--La Cima II,2026-03-26 07:19,3.0,19.1095025,-99.1998696,True,False,False,S313311760,
simspa1,Sierra Madre Sparrow,Xenospiza baileyi,L2999153,Carretera Ciudad de México-Cuernavaca--La Cima II,2026-03-26 07:19,5.0,19.1095025,-99.1998696,True,False,False,S313311760,
lecspa,LeConte's Sparrow,Ammospiza leconteii,L793778,Port Aransas Nature Preserve at Charlie's Pasture,2026-03-26 07:19,1.0,27.8327765,-97.0873833,True,False,False,S313266597,
x00047,American Herring x Great Black-backed Gull (hybrid),Larus smithsonianus x marinus,L1867387,Linden Hawk Rise Sanctuary,2026-03-26 07:17,1.0,40.602752,-74.2479886,True,True,False,S313392627,
grykin,Gray Kingbird,Tyrannus dominicensis,L61044356,Iberostar Quetzal Hotel Playacar,2026-03-26 07:15,1.0,20.6045297,-87.094076,True,False,True,S313405093,
bltmot1,Blue-throated Motmot,Aspatha gularis,L14694085,Parque Ecoturístico Montetik (área principal entre entradas de Col. Art. 115 y El Aguaje),2026-03-26 07:14,1.0,16.6900329,-92.602825,True,False,False,S313487749,
tenwar,Tennessee Warbler,Leiothlypis peregrina,L724301,Wheeler NWR--Blackwell Swamp (NABT 26),2026-03-26 07:14,1.0,34.5639407,-86.7787099,True,False,False,S313546769,
azchum1,Azure-crowned Hummingbird,Saucerottia cyanocephala,L6751955,Kiekari Bird Observatory (Acceso Restringido),2026-03-26 07:12,1.0,19.3960334,-97.0394491,True,False,True,S313369687,
chiswi,Chimney Swift,Chaetura pelagica,L6751955,Kiekari Bird Observatory (Acceso Restringido),2026-03-26 07:12,3.0,19.3960334,-97.0394491,True,False,True,S313369687,
virrai,Virginia Rail,Rallus limicola,L17976244,"Sonora, MX (31.952, -114.752)",2026-03-26 07:12,1.0,31.9524776,-114.7519027,True,False,True,S313291988,
hooyel1,Hooded Yellowthroat,Geothlypis nelsoni,L6751955,Kiekari Bird Observatory (Acceso Restringido),2026-03-26 07:12,1.0,19.3960334,-97.0394491,True,False,True,S313369687,
bwxtea1,Blue-winged x Cinnamon Teal (hybrid),Spatula discors x cyanoptera,L28266513,Provo River Delta,2026-03-26 07:11,1.0,40.2458762,-111.7205421,True,True,False,S313298309,
ampkin1,American Pygmy Kingfisher,Chloroceryle aenea,L40439828,"Río Lacantún, Ocosingo MX-Chis. 16.28362, -90.87227",2026-03-26 07:08,1.0,16.283617,-90.872274,True,False,True,S313423245,
littin1,Little Tinamou,Crypturellus soui,L40439828,"Río Lacantún, Ocosingo MX-Chis. 16.28362, -90.87227",2026-03-26 07:08,1.0,16.283617,-90.872274,True,False,True,S313423245,
baffal1,Barred Forest-Falcon,Micrastur ruficollis,L40439828,"Río Lacantún, Ocosingo MX-Chis. 16.28362, -90.87227",2026-03-26 07:08,1.0,16.283617,-90.872274,True,False,True,S313423245,
chcwoo1,Chestnut-colored Woodpecker,Celeus castaneus,L57692035,"Carretera Tulum-Nuevo Xcán, Tulum MX-Q. Roo. 20.26998, -87.48127",2026-03-26 07:05,1.0,20.269981,-87.481273,True,False,True,S313338555,
blfgro1,Black-faced Grosbeak,Caryothraustes poliogaster,L3130848,Camino a Ejido Armando Zebadua,2026-03-26 07:00,2.0,16.9293784,-93.4587548,True,False,False,S313476081,
navwre1,Nava's Wren,Hylorchilus navai,L3130848,Camino a Ejido Armando Zebadua,2026-03-26 07:00,2.0,16.9293784,-93.4587548,True,False,False,S313476081,
stthum1,Stripe-tailed Hummingbird,Eupherusa eximia,L3130848,Camino a Ejido Armando Zebadua,2026-03-26 07:00,1.0,16.9293784,-93.4587548,True,False,False,S313476081,
semsan,Semipalmated Sandpiper,Calidris pusilla,L59127358,Caille 42 at called 110,2026-03-26 07:00,5.0,20.6506191,-87.0544385,True,False,True,S313301559,
reshaw,Red-shouldered Hawk,Buteo lineatus,L24130297,Tamaulipas--a través de Santa Margarita Bluffs,2026-03-26 07:00,1.0,26.4787108,-99.0941645,True,False,False,S313298240,
hawhaw,Hawaiian Hawk,Buteo solitarius,L61093851,Punaluu upland,2026-03-26 07:00,1.0,19.1434382,-155.5207085,True,False,True,S313489818,
wooduc,Wood Duck,Aix sponsa,L24130297,Tamaulipas--a través de Santa Margarita Bluffs,2026-03-26 07:00,2.0,26.4787108,-99.0941645,True,False,False,S313298240,
pecsan,Pectoral Sandpiper,Calidris melanotos,L59127358,Caille 42 at called 110,2026-03-26 07:00,1.0,20.6506191,-87.0544385,True,False,True,S313301559,
blctit1,Black-crowned Tityra,Tityra inquisitor,L44289181,"Central Vallarta, Quintana Roo, MX (20.862, -87.047)2",2026-03-26 06:59,1.0,20.861959,-87.04698,True,False,True,S313413834,
compoo,Common Poorwill,Phalaenoptilus nuttallii,L17976091,"Sonora, MX (31.95, -114.751)",2026-03-26 06:59,1.0,31.950487,-114.7512123,True,False,True,S313286839,
higgua1,Highland Guan,Penelopina nigra,L10944083,Parque Ecoturístico Montetik--Entrada El Aguaje,2026-03-26 06:55,1.0,16.6831572,-92.5963194,True,False,False,S313563919,
bkfant2,Mayan Antthrush,Formicarius moniliger,L61071519,Tres Garantias Trail,2026-03-26 06:45,3.0,18.110396,-89.069961,True,False,True,S313380222,
thlsch2,Northern Schiffornis,Schiffornis veraepacis,L61071519,Tres Garantias Trail,2026-03-26 06:45,6.0,18.110396,-89.069961,True,False,True,S313380222,
smbwoo1,Smoky-brown Woodpecker,Leuconotopicus fumigatus,L61071519,Tres Garantias Trail,2026-03-26 06:45,1.0,18.110396,-89.069961,True,False,True,S313380222,
pucfai1,Purple-crowned Fairy,Heliothryx barroti,L61071519,Tres Garantias Trail,2026-03-26 06:45,1.0,18.110396,-89.069961,True,False,True,S313380222,
tacgre2,Ochre-crowned Greenlet,Tunchiornis ochraceiceps,L61071519,Tres Garantias Trail,2026-03-26 06:45,1.0,18.110396,-89.069961,True,False,True,S313380222,
ocbfly1,Ochre-bellied Flycatcher,Mionectes oleagineus,L61071519,Tres Garantias Trail,2026-03-26 06:45,1.0,18.110396,-89.069961,True,False,True,S313380222,
kenwar,Kentucky Warbler,Geothlypis formosa,L61071519,Tres Garantias Trail,2026-03-26 06:45,5.0,18.110396,-89.069961,True,False,True,S313380222,
rutfly2,Ruddy-tailed Flycatcher,Terenotriccus erythrurus,L61071519,Tres Garantias Trail,2026-03-26 06:45,1.0,18.110396,-89.069961,True,False,True,S313380222,
rudwoo1,Ruddy Woodcreeper,Dendrocincla homochroa,L61071519,Tres Garantias Trail,2026-03-26 06:45,1.0,18.110396,-89.069961,True,False,True,S313380222,
whcpar,White-crowned Parrot,Pionus senilis,L61071519,Tres Garantias Trail,2026-03-26 06:45,2.0,18.110396,-89.069961,True,False,True,S313380222,
ruqdov,Ruddy Quail-Dove,Geotrygon montana,L61071519,Tres Garantias Trail,2026-03-26 06:45,1.0,18.110396,-89.069961,True,False,True,S313380222,
mauala,Maui Alauahio,Paroreomyza montana,L21519251,Waihou Spring Trail,2026-03-26 06:44,3.0,20.802636,-156.282192,True,False,False,S313380854,
horgua1,Horned Guan,Oreophasis derbianus,L1249328,Reserva de la Biosfera El Triunfo--Finca Prusia a Campamento,2026-03-26 06:40,3.0,15.6727671,-92.800827,True,False,False,S313634179,
resque1,Resplendent Quetzal,Pharomachrus mocinno,L1249328,Reserva de la Biosfera El Triunfo--Finca Prusia a Campamento,2026-03-26 06:40,6.0,15.6727671,-92.800827,True,False,False,S313634179,
azrtan1,Azure-rumped Tanager,Poecilostreptus cabanisi,L1249328,Reserva de la Biosfera El Triunfo--Finca Prusia a Campamento,2026-03-26 06:40,8.0,15.6727671,-92.800827,True,False,False,S313634179,
tatlea1,Middle American Leaftosser,Sclerurus mexicanus,L1249328,Reserva de la Biosfera El Triunfo--Finca Prusia a Campamento,2026-03-26 06:40,1.0,15.6727671,-92.800827,True,False,False,S313634179,
noremt1,Northern Emerald-Toucanet,Aulacorhynchus prasinus,L1249328,Reserva de la Biosfera El Triunfo--Finca Prusia a Campamento,2026-03-26 06:40,5.0,15.6727671,-92.800827,True,False,False,S313634179,
brcvir1,Brown-capped Vireo,Vireo leucophrys,L1249328,Reserva de la Biosfera El Triunfo--Finca Prusia a Campamento,2026-03-26 06:40,3.0,15.6727671,-92.800827,True,False,False,S313634179,
blcchl1,Blue-crowned Chlorophonia,Chlorophonia occipitalis,L1249328,Reserva de la Biosfera El Triunfo--Finca Prusia a Campamento,2026-03-26 06:40,3.0,15.6727671,-92.800827,True,False,False,S313634179,
wfqdov1,White-faced Quail-Dove,Zentrygon albifacies,L1249328,Reserva de la Biosfera El Triunfo--Finca Prusia a Campamento,2026-03-26 06:40,1.0,15.6727671,-92.800827,True,False,False,S313634179,
stfgle1,Scaly-throated Foliage-gleaner,Anabacerthia variegaticeps,L1249328,Reserva de la Biosfera El Triunfo--Finca Prusia a Campamento,2026-03-26 06:40,3.0,15.6727671,-92.800827,True,False,False,S313634179,
todmot1,Tody Motmot,Hylomanes momotula,L1249328,Reserva de la Biosfera El Triunfo--Finca Prusia a Campamento,2026-03-26 06:40,2.0,15.6727671,-92.800827,True,False,False,S313634179,
x00668,Greater x Lesser Prairie-Chicken (hybrid),Tympanuchus cupido x pallidicinctus,L61058848,AofK Lek (Private Property),2026-03-26 06:40,1.0,38.728314,-100.374944,True,True,True,S313318674,
spowoo1,Spotted Woodcreeper,Xiphorhynchus erythropygius,L1249328,Reserva de la Biosfera El Triunfo--Finca Prusia a Campamento,2026-03-26 06:40,2.0,15.6727671,-92.800827,True,False,False,S313634179,
bltjay1,Black-throated Jay,Cyanolyca pumilo,L1249328,Reserva de la Biosfera El Triunfo--Finca Prusia a Campamento,2026-03-26 06:40,2.0,15.6727671,-92.800827,True,False,False,S313634179,
emchum1,Emerald-chinned Hummingbird,Abeillia abeillei,L1249328,Reserva de la Biosfera El Triunfo--Finca Prusia a Campamento,2026-03-26 06:40,7.0,15.6727671,-92.800827,True,False,False,S313634179,
lavwax,Lavender Waxbill,Glaucestrilda caerulescens,L5226828,"Kahoe Road, Kona Paradise Subdivision",2026-03-26 06:39,2.0,19.3140586,-155.8798558,True,False,True,S313363070,N
bltbob1,Black-throated Bobwhite,Colinus nigrogularis,L61051004,"Libramiento Tizimín, Tizimín MX-Yuc. 21.15101, -88.18313",2026-03-26 06:30,1.0,21.15101,-88.183133,True,False,True,S313273428,
grcwoo1,Gray-crowned Woodpecker,Colaptes auricularis,L507807,Mirador del Aguila (pueblo),2026-03-26 06:21,1.0,21.6422,-104.9738694,True,False,False,S313288757,
gockin,Golden-crowned Kinglet,Regulus satrapa,L61093008,La Cumbre Ixtepeji--carretera hacia Nuevo Zoquiápam,2026-03-26 06:18,3.0,17.1995207,-96.6361559,True,False,True,S313486324,
bouwre1,Boucard's Wren,Campylorhynchus jocosus,L305944,Teotitlán del Valle--La Presita,2026-03-26 06:18,1.0,17.0148469,-96.5104919,True,False,False,S313353455,
strfly1,Streaked Flycatcher,Myiodynastes maculatus,L2279854,Hotel Ecolodge Ara Macao Las Guacamayas,2026-03-26 06:15,1.0,16.2569085,-90.8614397,True,False,False,S313256781,
wesowl1,Western Screech-Owl,Megascops kennicottii,L54592741,"La Virgencita, Sierra La Laguna",2026-03-26 05:45,1.0,23.5495497,-109.9925852,True,False,True,S313380065,
spnthr1,Yellow-throated Nightingale-Thrush,Catharus dryas,L305893,Reserva de la Biosfera El Triunfo--Campamento El Triunfo,2026-03-26 05:45,1.0,15.6567989,-92.8087392,True,False,False,S313632652,
yeejun2,Baird's Junco,Junco bairdi,L54592741,"La Virgencita, Sierra La Laguna",2026-03-26 05:45,9.0,23.5495497,-109.9925852,True,False,True,S313380065,
nopowl,Northern Pygmy-Owl,Glaucidium gnoma,L54592741,"La Virgencita, Sierra La Laguna",2026-03-26 05:45,1.0,23.5495497,-109.9925852,True,False,True,S313380065,
whegrs1,Gray-crowned Ground-Sparrow,Melozone occipitalis,L61074609,"30919, Motozintla MX-Chis. 15.23734, -92.25870",2026-03-26 05:43,5.0,15.237336,-92.258696,True,False,True,S313394798,
cssvir1,Chestnut-sided Shrike-Vireo,Vireolanius melitophrys,L61074609,"30919, Motozintla MX-Chis. 15.23734, -92.25870",2026-03-26 05:43,2.0,15.237336,-92.258696,True,False,True,S313394798,
fulowl1,Fulvous Owl,Strix fulvescens,L61074609,"30919, Motozintla MX-Chis. 15.23734, -92.25870",2026-03-26 05:43,1.0,15.237336,-92.258696,True,False,True,S313394798,
scapig2,Scaled Pigeon,Patagioenas speciosa,L1322415,Monumentos Naturales Bonampak--Camino Entrada,2026-03-26 05:28,1.0,16.7612651,-91.1027956,True,False,False,S313500187,
crctan1,Crimson-collared Tanager,Ramphocelus sanguinolentus,L1322415,Monumentos Naturales Bonampak--Camino Entrada,2026-03-26 05:28,1.0,16.7612651,-91.1027956,True,False,False,S313500187,
bubgro1,Blue-black Grosbeak,Cyanoloxia cyanoides,L1322415,Monumentos Naturales Bonampak--Camino Entrada,2026-03-26 05:28,1.0,16.7612651,-91.1027956,True,False,False,S313500187,
grepot1,Great Potoo,Nyctibius grandis,L1322415,Monumentos Naturales Bonampak--Camino Entrada,2026-03-26 05:28,1.0,16.7612651,-91.1027956,True,False,False,S313500187,
dusant1,Dusky Antbird,Cercomacroides tyrannina,L1322415,Monumentos Naturales Bonampak--Camino Entrada,2026-03-26 05:28,4.0,16.7612651,-91.1027956,True,False,False,S313500187,
grcdov1,Gray-chested Dove,Leptotila cassinii,L1322415,Monumentos Naturales Bonampak--Camino Entrada,2026-03-26 05:28,1.0,16.7612651,-91.1027956,True,False,False,S313500187,
gyhdov1,Gray-headed Dove,Leptotila plumbeiceps,L1322415,Monumentos Naturales Bonampak--Camino Entrada,2026-03-26 05:28,1.0,16.7612651,-91.1027956,True,False,False,S313500187,
yegvir,Yellow-green Vireo,Vireo flavoviridis,L1322415,Monumentos Naturales Bonampak--Camino Entrada,2026-03-26 05:28,1.0,16.7612651,-91.1027956,True,False,False,S313500187,
gohtan1,Golden-hooded Tanager,Stilpnia larvata,L1322415,Monumentos Naturales Bonampak--Camino Entrada,2026-03-26 05:28,1.0,16.7612651,-91.1027956,True,False,False,S313500187,
grehon1,Green Honeycreeper,Chlorophanes spiza,L1322415,Monumentos Naturales Bonampak--Camino Entrada,2026-03-26 05:28,1.0,16.7612651,-91.1027956,True,False,False,S313500187,
dowant1,Dot-winged Antwren,Microrhopias quixensis,L1322415,Monumentos Naturales Bonampak--Camino Entrada,2026-03-26 05:28,2.0,16.7612651,-91.1027956,True,False,False,S313500187,
brhpar1,Brown-hooded Parrot,Pyrilia haematotis,L1322415,Monumentos Naturales Bonampak--Camino Entrada,2026-03-26 05:28,4.0,16.7612651,-91.1027956,True,False,False,S313500187,
shtnig1,Short-tailed Nighthawk,Lurocalis semitorquatus,L1322415,Monumentos Naturales Bonampak--Camino Entrada,2026-03-26 05:28,1.0,16.7612651,-91.1027956,True,False,False,S313500187,
whwpuf1,White-whiskered Puffbird,Malacoptila panamensis,L1322415,Monumentos Naturales Bonampak--Camino Entrada,2026-03-26 05:28,1.0,16.7612651,-91.1027956,True,False,False,S313500187,
palwar,Palm Warbler,Setophaga palmarum,L346076,ȾIX̱EṈ / Saanichton Spit (Private Property of Tsawout Nation),2026-03-25 18:34,1.0,48.5952164,-123.3716993,True,True,False,S313164449,
earpoo1,Eared Poorwill,Nyctiphrynus mcleodii,L61033410,"63797, Xalisco MX-Nay. 21.47652, -104.98401",2026-03-25 18:15,2.0,21.476518,-104.984013,True,False,True,S313170323,
x00611,American Wigeon x Mallard (hybrid),Mareca americana x Anas platyrhynchos,L367671,Point Pleasant Park,2026-03-25 18:15,1.0,44.622427,-63.567659,True,False,False,S313155198,
nobwoo1,Northern Barred-Woodcreeper,Dendrocolaptes sanctithomae,L13412430,Amar Aves,2026-03-25 17:48,1.0,20.0714342,-87.6201108,True,False,True,S313131650,
towwar,Townsend's Warbler,Setophaga townsendi,L19396841,Long Lake Heights,2026-03-25 17:42,1.0,49.2129655,-124.0138482,True,False,True,S313151386,
pifgoo,Pink-footed Goose,Anser brachyrhynchus,L352818,St. John's--MUN--Burton's Pond,2026-03-25 17:40,1.0,47.5738042,-52.7288976,True,True,False,S313086900,
blcswa1,Black-capped Swallow,Atticora pileata,L61028616,"30917, Berriozábal MX-Chis. 15.26034, -92.28307",2026-03-25 17:33,1.0,15.260342,-92.283074,True,False,True,S313148502,
refcor,Red-faced Cormorant,Urile urile,L261146,St. Paul Island,2026-03-25 17:30,35.0,57.17012,-170.296751,True,False,False,S313458138,
chcswi1,Chestnut-collared Swift,Streptoprocne rutila,L305893,Reserva de la Biosfera El Triunfo--Campamento El Triunfo,2026-03-25 17:00,6.0,15.6567989,-92.8087392,True,False,False,S313623954,
scatan,Scarlet Tanager,Piranga olivacea,L732587,Hays Nature Preserve (NABT 30),2026-03-25 16:54,1.0,34.6442066,-86.4662004,True,False,False,S313135267,
shtshe,Short-tailed Shearwater,Ardenna tenuirostris,L109309,Pt. Pinos--seawatch only,2026-03-25 16:53,1.0,36.6373821,-121.9357538,True,False,False,S313158537,
pifshe,Pink-footed Shearwater,Ardenna creatopus,L109309,Pt. Pinos--seawatch only,2026-03-25 16:53,2.0,36.6373821,-121.9357538,True,False,False,S313158537,
bkfalb,Black-footed Albatross,Phoebastria nigripes,L109309,Pt. Pinos--seawatch only,2026-03-25 16:53,1.0,36.6373821,-121.9357538,True,False,False,S313158537,
yebsap,Yellow-bellied Sapsucker,Sphyrapicus varius,L17066021,Rancho La Noria,2026-03-25 16:09,1.0,21.4852088,-104.9932715,True,False,False,S313156291,
bkcvir1,Black-capped Vireo,Vireo atricapilla,L30342100,Parque Ecológico La Campana--Zona Arqueológica La Campana,2026-03-25 16:08,2.0,19.267822,-103.7256789,True,False,False,S313153685,
fuwduc,Fulvous Whistling-Duck,Dendrocygna bicolor,L2657643,Humedal Pinar de la Venta,2026-03-25 16:03,1.0,20.7306566,-103.5300601,True,False,False,S313115405,
uswowl1,Unspotted Saw-whet Owl,Aegolius ridgwayi,L3813554,"Camino a Tzontehuitz (acceso restringido, zona sujeta a usos y costumbres)",2026-03-25 15:44,2.0,16.8029388,-92.5889111,True,False,False,S313171363,
x00414,Greater White-fronted x Cackling Goose (hybrid),Anser albifrons x Branta hutchinsii,L3942996,Shillapoo Lake,2026-03-25 15:27,1.0,45.6956365,-122.7440187,True,True,False,S313161612,
parjae,Parasitic Jaeger,Stercorarius parasiticus,L616660,Huntington Beach SP--North Beach/Jetty/Dunes Trail,2026-03-25 15:26,1.0,33.5253779,-79.0367106,True,False,False,S313124372,
masboo,Masked Booby,Sula dactylatra,L127457,Dry Tortugas NP--East Key,2026-03-25 15:09,,24.6496,-82.804,True,False,False,S313424425,
x00415,Greater White-fronted x Canada Goose (hybrid),Anser albifrons x Branta canadensis,L808216,Canal Chambly,2026-03-25 14:57,1.0,45.3596241,-73.2681656,True,True,False,S313074777,
banswa,Bank Swallow,Riparia riparia,L4047292,Reserva de la Biosfera Ría Celestún--Nichili,2026-03-25 14:39,30.0,20.7971078,-90.4144979,True,False,False,S313180225,
dunlin,Dunlin,Calidris alpina,L1446612,Grand Plaza La Paz,2026-03-25 14:38,1.0,24.1236472,-110.3499469,True,False,False,S313107287,
margod,Marbled Godwit,Limosa fedoa,L1446612,Grand Plaza La Paz,2026-03-25 14:38,5.0,24.1236472,-110.3499469,True,False,False,S313107287,
withum1,Wine-throated Hummingbird,Selasphorus ellioti,L305893,Reserva de la Biosfera El Triunfo--Campamento El Triunfo,2026-03-25 14:30,1.0,15.6567989,-92.8087392,True,False,False,S313623532,
yebloo,Yellow-billed Loon,Gavia adamsii,L351645,East Sooke Regional Park--Beechey Head,2026-03-25 14:24,1.0,48.3140167,-123.6539457,True,True,False,S313155977,
prafal,Prairie Falcon,Falco mexicanus,L61015956,"10589–10913 Highway 22, Pincher Creek No. 9 CA-AB 49.81873, -114.14314",2026-03-25 14:15,1.0,49.818728,-114.143142,True,False,True,S313082194,
macwar,MacGillivray's Warbler,Geothlypis tolmiei,L376621,Organ Pipe Cactus NM--Quitobaquito Springs,2026-03-25 13:31,1.0,31.9436105,-113.0203347,True,False,False,S313171351,
elepai4,Oahu Elepaio,Chasiempis ibidis,L61036754,"96701, Aiea US-HI (21.4139,-157.8991)",2026-03-25 13:30,1.0,21.413943,-157.899104,True,True,True,S313187044,
mckbun,McKay's Bunting,Plectrophenax hyperboreus,L19436379,Nome--Icy View,2026-03-25 13:25,8.0,64.5193554,-165.3754683,True,False,False,S313156550,
miskit,Mississippi Kite,Ictinia mississippiensis,L208734,Edith L. Moore Nature Sanctuary (UTC 094),2026-03-25 13:15,1.0,29.7717945,-95.5695572,True,False,False,S313061875,
melthr,Chinese Hwamei,Garrulax canorus,L3006267,"Liliuokalani Gardens, Coconut Island and Banyan Drive Hilo",2026-03-25 12:50,1.0,19.725559,-155.0687814,True,False,False,S313133138,N
bulpet,Bulwer's Petrel,Bulweria bulwerii,L2574849,Keāhole Point,2026-03-25 11:57,2.0,19.727713,-156.0609278,True,False,False,S313154329,
hobkit,Hook-billed Kite,Chondrohierax uncinatus,L12792418,Hook-billed Kite area,2026-03-25 11:47,2.0,17.0160726,-96.625385,True,False,True,S313073463,
whtswi,White-throated Swift,Aeronautes saxatalis,L6555888,Robson--Lion's Head Waterfront,2026-03-25 11:44,10.0,49.3324498,-117.6826394,True,True,False,S313063366,
comloo,Common Loon,Gavia immer,L61015810,Coastline N of Roca Roja,2026-03-25 11:30,6.0,28.909812,-112.060681,True,False,True,S313081548,
yebtyr1,Yellow-bellied Tyrannulet,Ornithion semiflavum,L61095288,Camino a Ocotalito,2026-03-25 11:18,2.0,16.966941,-91.593529,True,False,True,S313496231,
nigwre1,Nightingale Wren,Microcerculus philomela,L61095288,Camino a Ocotalito,2026-03-25 11:18,1.0,16.966941,-91.593529,True,False,True,S313496231,
litgul,Little Gull,Hydrocoloeus minutus,L22734903,Lewiston Marina and Boat Ramp,2026-03-25 10:55,1.0,43.1741542,-79.0495562,True,False,False,S313038206,
chhoro1,Chestnut-headed Oropendola,Psarocolius wagleri,L61095280,Restaurant Nahá,2026-03-25 10:30,8.0,16.97593,-91.580257,True,False,True,S313496204,
manduc,Mandarin Duck,Aix galericulata,L4935482,Rio Vista Community Park/Riparian Area,2026-03-25 10:24,1.0,33.615206,-112.246615,True,True,False,S313089106,X
swathr,Swainson's Thrush,Catharus ustulatus,L210035,High Island--S.E. Gast Red Bay (UTC 054),2026-03-25 10:19,1.0,29.5624413,-94.3969541,True,True,False,S313007005,
bkrfin,Black Rosy-Finch,Leucosticte atrata,L141172,Cibola NF--Sandia Crest,2026-03-25 09:55,5.0,35.2103004,-106.4487,True,False,False,S313024870,
rehtan1,Red-headed Tanager,Piranga erythrocephala,L10663775,Café Pluma “Oro del Sur”,2026-03-25 09:48,2.0,15.936053,-96.41923,True,False,False,S313051340,
blchum2,Blue-capped Hummingbird,Eupherusa cyanophrys,L10663775,Café Pluma “Oro del Sur”,2026-03-25 09:48,1.0,15.936053,-96.41923,True,False,False,S313051340,
mexchi,Mexican Chickadee,Poecile sclateri,L129056,Pinery Canyon,2026-03-25 09:33,2.0,31.9328003,-109.2713013,True,False,False,S313055851,
x01131,American Herring x Glaucous Gull (hybrid),Larus smithsonianus x hyperboreus,L4185944,Nanaimo--Oar Road,2026-03-25 09:30,1.0,49.2520669,-124.0655378,True,True,True,S313031734,
masboo,Masked Booby,Sula dactylatra,L1131349,Marina Palmira,2026-03-25 09:27,1.0,24.1831958,-110.3030217,True,False,False,S313162655,
scaqua,Scaled Quail,Callipepla squamata,L37130982,Camino al Valle de la Soledad,2026-03-25 09:08,20.0,24.9409903,-100.7228704,True,False,False,S313071649,
x00457,Northern Shoveler x Gadwall (hybrid),Spatula clypeata x Mareca strepera,L822473,Monmouth Sewage Ponds (restricted access),2026-03-25 09:08,1.0,44.8570857,-123.2194376,True,True,False,S313093735,
norful,Northern Fulmar,Fulmarus glacialis,L887381,Fort Stevens SP--South Jetty/Parking Area C,2026-03-25 09:03,2.0,46.2286726,-124.0217721,True,False,False,S313021717,
norbob,Northern Bobwhite,Colinus virginianus,L60948583,"Coahuila de Zaragoza, MX (28.497, -100.592)",2026-03-25 09:01,6.0,28.4971252,-100.5921165,True,False,True,S313143333,
x00421,Eurasian x American Wigeon (hybrid),Mareca penelope x americana,L163354,Green Lake,2026-03-25 08:48,1.0,47.6783945,-122.3382464,True,False,False,S313100257,
x00686,Red-shouldered x Red-tailed Hawk (hybrid),Buteo lineatus x jamaicensis,L1676092,Rachel Carson NWR--Timber Point Trail,2026-03-25 08:42,1.0,43.4012099,-70.3969941,True,True,False,S312973915,
clagre,Clark's Grebe,Aechmophorus clarkii,L60972900,"Casa Alverez, Las Pilitas, Jalisco, MX (21.055, -102.643)",2026-03-25 08:30,1.0,21.0546345,-102.6430831,True,False,True,S313010769,
mourob1,Mountain Thrush,Turdus plebejus,L305893,Reserva de la Biosfera El Triunfo--Campamento El Triunfo,2026-03-25 08:17,2.0,15.6567989,-92.8087392,True,False,False,S313632455,
lesyel,Lesser Yellowlegs,Tringa flavipes,L209480,Long Point--'New' Provincial Park,2026-03-25 08:16,1.0,42.5806413,-80.3857613,True,True,False,S313003886,
rubsee1,Ruddy-breasted Seedeater,Sporophila minuta,L28096766,Lázaro Cárdenas Jal,2026-03-25 07:58,3.0,19.3296871,-104.7112095,True,False,True,S313369458,
gragoo,Graylag Goose,Anser anser,L44465086,PN Fuentes Brotantes,2026-03-25 07:41,,19.2892576,-99.1750468,True,False,True,S313019166,X
bhnthr1,Black-headed Nightingale-Thrush,Catharus mexicanus,L40427219,"Miguel Hidalgo, La Trinitaria MX-Chis. 16.13063, -91.73072",2026-03-25 07:37,1.0,16.130626,-91.730723,True,False,True,S313423519,
harspa,Harris's Sparrow,Zonotrichia querula,L10319486,"Skevington House: 36 King Cres., Hickson",2026-03-25 07:30,1.0,43.237271,-80.801105,True,True,True,S313123886,
lucwar,Lucy's Warbler,Leiothlypis luciae,L235147,"La bufa San Sebastián del Oeste, Jalisco",2026-03-25 07:30,1.0,20.7355556,-104.8222222,True,False,True,S313171850,
mouplo,Mountain Plover,Anarhynchus montanus,L370637,Valle de La Soledad,2026-03-25 07:26,3.0,24.8960325,-100.727967,True,False,False,S313070958,
prafal,Prairie Falcon,Falco mexicanus,L370637,Valle de La Soledad,2026-03-25 07:26,1.0,24.8960325,-100.727967,True,False,False,S313070958,
brnnod,Brown Noddy,Anous stolidus,L60995119,"Paseo del Puerto 1019, Mahahual MX-Q. Roo. 18.72887, -87.70663",2026-03-25 07:20,1.0,18.728871,-87.706633,True,False,True,S312981316,
rucwar,Rufous-capped Warbler,Basileuterus rufifrons,L129105,Sycamore Canyon (Pajarito Mountains),2026-03-25 07:13,2.0,31.4290009,-111.1905975,True,True,False,S313067973,
spbori,Spot-breasted Oriole,Icterus pectoralis,L8362225,Entronque Carretera a Paredón,2026-03-25 07:10,3.0,15.977991,-93.775216,True,False,False,S313080939,
robgro,Rose-breasted Grosbeak,Pheucticus ludovicianus,L38747733,"lower Country Club Dr, Laguna Beach",2026-03-25 07:07,1.0,33.5127957,-117.7521529,True,True,True,S313318598,
whbcha1,White-bellied Chachalaca,Ortalis leucogastra,L60999143,"Central, Cabeza de Toro, Chiapas, MX (15.944, -93.796)",2026-03-25 07:00,1.0,15.9444407,-93.7961078,True,False,True,S313002022,
smbani,Smooth-billed Ani,Crotophaga ani,L1806446,Frog Pond WMA--Area between SW 376th St and SR9336,2026-03-25 06:59,3.0,25.4095548,-80.5659628,True,True,False,S313032172,
oaxspa1,Oaxaca Sparrow,Aimophila notosticta,L26868067,Presa La Mina,2026-03-25 06:59,2.0,17.0780405,-96.5887713,True,False,False,S313034278,
flafly1,Flammulated Flycatcher,Ramphotrigon flammulatum,L18232595,Yoo'Nashi,2026-03-25 06:58,1.0,15.8641882,-96.2318268,True,False,False,S313030913,
x00958,Red-crowned x Lilac-crowned Amazon (hybrid),Amazona viridigenalis x finschi,L233548,Point La Jolla--seawatch,2026-03-25 06:57,1.0,32.8507576,-117.2735641,True,False,False,S313002203,N
elequa,Elegant Quail,Callipepla douglasii,L23755294,Lago San Michel,2026-03-25 06:53,3.0,23.2403069,-106.266475,True,False,False,S313008990,
butfog9,Fawn-throated Foliage-gleaner,Automolus cervinigularis,L4417789,Area de Protección de Flora y Fauna Nahá--Camino a Sibal,2026-03-25 06:49,2.0,16.9651742,-91.5765601,True,False,False,S313496175,
lovcot1,Lovely Cotinga,Cotinga amabilis,L4417789,Area de Protección de Flora y Fauna Nahá--Camino a Sibal,2026-03-25 06:49,1.0,16.9651742,-91.5765601,True,False,False,S313496175,
chswar,Chestnut-sided Warbler,Setophaga pensylvanica,L4417789,Area de Protección de Flora y Fauna Nahá--Camino a Sibal,2026-03-25 06:49,1.0,16.9651742,-91.5765601,True,False,False,S313496175,
dotkit1,Double-toothed Kite,Harpagus bidentatus,L4417789,Area de Protección de Flora y Fauna Nahá--Camino a Sibal,2026-03-25 06:49,2.0,16.9651742,-91.5765601,True,False,False,S313496175,
spwqua1,Spotted Wood-Quail,Odontophorus guttatus,L4417789,Area de Protección de Flora y Fauna Nahá--Camino a Sibal,2026-03-25 06:49,1.0,16.9651742,-91.5765601,True,False,False,S313496175,
dwajay1,Dwarf Jay,Cyanolyca nanus,L6607474,Corral de Piedra,2026-03-25 06:35,4.0,17.1851291,-96.6430978,True,False,False,S313485924,
grbwre1,Gray-barred Wren,Campylorhynchus megalopterus,L6607474,Corral de Piedra,2026-03-25 06:35,6.0,17.1851291,-96.6430978,True,False,False,S313485924,
x01172,Broad-billed x Berylline Hummingbird (hybrid),Cynanthus latirostris x Saucerottia beryllina,L61016024,"Madera Nature Trail, Nogales US-AZ (31.7256,-110.8808)",2026-03-25 06:30,1.0,31.725629,-110.880803,True,True,True,S313083294,
razorb,Razorbill,Alca torda,L325032,Crystal Crescent Beach Provincial Park,2026-03-25 06:28,5.0,44.4587418,-63.6211932,True,False,False,S312998014,
sheowl,Short-eared Owl,Asio flammeus,L61023126,"Matehuala - Monterrey,  MX (25.228, -100.774)",2026-03-25 06:20,1.0,25.2304259,-100.7791042,True,False,True,S312935311,
pavpig2,Pale-vented Pigeon,Patagioenas cayennensis,L14058901,Nahá Ecoturismo ecolodge,2026-03-25 06:07,1.0,16.97997,-91.58476,True,False,True,S313496036,
eawpew,Eastern Wood-Pewee,Contopus virens,L14058901,Nahá Ecoturismo ecolodge,2026-03-25 06:07,1.0,16.97997,-91.58476,True,False,True,S313496036,
yucpoo1,Yucatan Poorwill,Nyctiphrynus yucatanicus,L21602828,Carretera Vigia Chico--Km 1-5,2026-03-25 05:56,4.0,19.6037279,-87.9980011,True,False,False,S313005681,
yucnig1,Yucatan Nightjar,Antrostomus badius,L21602828,Carretera Vigia Chico--Km 1-5,2026-03-25 05:56,4.0,19.6037279,-87.9980011,True,False,False,S313005681,
blkswa,Black Swan,Cygnus atratus,L21539551,Ko’ Olina Golf Club,2026-03-24 21:19,4.0,21.3398945,-158.1191892,True,True,False,S312894155,X
speowl1,Spectacled Owl,Pulsatrix perspicillata,L4417789,Area de Protección de Flora y Fauna Nahá--Camino a Sibal,2026-03-24 21:11,1.0,16.9651742,-91.5765601,True,False,False,S312887146,
bawowl1,Black-and-white Owl,Strix nigrolineata,L4417789,Area de Protección de Flora y Fauna Nahá--Camino a Sibal,2026-03-24 21:11,1.0,16.9651742,-91.5765601,True,False,False,S312887146,
creowl1,Crested Owl,Lophostrix cristata,L4417789,Area de Protección de Flora y Fauna Nahá--Camino a Sibal,2026-03-24 21:11,2.0,16.9651742,-91.5765601,True,False,False,S312887146,
whtpta1,White-tailed Ptarmigan,Lagopus leucura,L60970712,"Region No. 2, Unorganized, Region No. 2, Unorganized CA-NT (64.8011,-127.0628)",2026-03-24 18:14,6.0,64.801145,-127.062838,True,False,True,S312852742,
x00758,Graylag x Canada Goose (hybrid),Anser anser x Branta canadensis,L1527572,Waterloo--Laurel Creek CA (tower area),2026-03-24 18:01,1.0,43.4782513,-80.5822543,True,True,False,S312847021,X
graspa,Grasshopper Sparrow,Ammodramus savannarum,L3502110,Bosque Urbano Ejército Mexicano,2026-03-24 18:00,1.0,25.4189692,-100.9683761,True,False,False,S312861180,
thbmur,Thick-billed Murre,Uria lomvia,L261146,St. Paul Island,2026-03-24 17:30,30.0,57.17012,-170.296751,True,False,False,S313185195,
comcra,Common Crane,Grus grus,L683562,Lewellen (town),2026-03-24 17:00,1.0,41.3307298,-102.1440124,True,True,False,S312934392,
whimbr3,Hudsonian Whimbrel,Numenius hudsonicus,L4107381,"Tofino--mudflats behind Hotel Zed (formerly Jamie's Rainforest Inn, pre-2019)",2026-03-24 16:20,17.0,49.1222557,-125.8866112,True,True,False,S312876871,
comter,Common Tern,Sterna hirundo,L29963570,Hotel Riu Palace Pacifico,2026-03-24 16:08,3.0,20.738715,-105.3194342,True,False,False,S312820470,
rnwrai1,Rufous-necked Wood-Rail,Aramides axillaris,L3198975,el conchal la tobara,2026-03-24 16:02,2.0,21.54415,-105.27204,True,False,True,S313628535,
wesowl1,Western Screech-Owl,Megascops kennicottii,L59095923,Vernon--Coldstream Park,2026-03-24 15:50,1.0,50.2222603,-119.234356,True,True,False,S312834038,
hawpet1,Hawaiian Petrel,Pterodroma sandwichensis,L2127329,Keokea Beach Park,2026-03-24 15:46,2.0,20.2276807,-155.7455885,True,False,False,S312873946,
sstspa,Saltmarsh Sparrow,Ammospiza caudacuta,L124353,Huntington Beach SP,2026-03-24 15:30,1.0,33.5083,-79.0659,True,False,False,S312804523,
rnxsap1,Red-naped x Red-breasted Sapsucker (hybrid),Sphyrapicus nuchalis x ruber,L295754,UC Santa Cruz--Arboretum,2026-03-24 13:40,1.0,36.982792,-122.0608842,True,True,False,S312873080,
rocsan,Rock Sandpiper,Calidris ptilocnemis,L2304641,Oak Bay Islands ER--Chain Islands,2026-03-24 13:20,3.0,48.4209522,-123.2696271,True,True,False,S312868710,
surfbi,Surfbird,Calidris virgata,L2304641,Oak Bay Islands ER--Chain Islands,2026-03-24 13:20,1.0,48.4209522,-123.2696271,True,False,False,S312868710,
swawar,Swainson's Warbler,Limnothlypis swainsonii,L32899747,Camino a Laguna de Muyil,2026-03-24 13:16,1.0,20.0764869,-87.6138937,True,False,False,S312797143,
cxbgol1,Common x Barrow's Goldeneye (hybrid),Bucephala clangula x islandica,L294151,Calgary--Carburn Park,2026-03-24 12:30,1.0,50.9743186,-114.0326786,True,True,False,S312879418,
sagspa1,Sagebrush Sparrow,Artemisiospiza nevadensis,L298193,Coquitlam—ƛ̓éxətəm (tla-hut-um) Regional Park,2026-03-24 12:06,1.0,49.23429,-122.7996362,True,True,False,S312830270,
norful,Northern Fulmar,Fulmarus glacialis,L60943751,"Mar 24, 2026 1:17 p.m.
42.67, -67.211",2026-03-24 11:56,1.0,42.6701549,-67.2110074,True,False,True,S312719808,
gargan,Garganey,Spatula querquedula,L10806569,Woodbury Reservoir,2026-03-24 11:35,1.0,40.2238414,-78.3686329,True,True,False,S312731963,
wantat1,Wandering Tattler,Tringa incana,L6664378,Playa Cerritos,2026-03-24 11:15,2.0,23.3081194,-106.4920664,True,False,False,S312774019,
rebtro,Red-billed Tropicbird,Phaethon aethereus,L60955635,Offshore of Isla Carmen - west side,2026-03-24 11:07,1.0,25.92486,-111.224956,True,False,True,S312775574,
lsspet,Least Storm-Petrel,Hydrobates microsoma,L60955635,Offshore of Isla Carmen - west side,2026-03-24 11:07,24.0,25.92486,-111.224956,True,False,True,S312775574,
sooter1,Sooty Tern,Onychoprion fuscatus,L61107001,Haven,2026-03-24 11:00,7.0,20.9654732,-86.8320679,True,False,True,S313559626,
x00626,Anna's x Rufous Hummingbird (hybrid),Calypte anna x Selasphorus rufus,L17537838,"# Sunset Drive, Salt Spring Island BC",2026-03-24 10:30,1.0,48.888629,-123.574104,True,True,True,S313076716,
x00200,Clay-colored x Field Sparrow (hybrid),Spizella pallida x pusilla,L582123,Southern Glades Trail (C111 Canal outside ENP),2026-03-24 10:30,1.0,25.4034735,-80.5586135,True,True,False,S312863246,
bkvshe,Black-vented Shearwater,Puffinus opisthomelas,L60955113,"Torrey Pines State Natural Reserve, San Diego US-CA (32.9277,-117.2597)",2026-03-24 10:30,28.0,32.927705,-117.259691,True,False,True,S312773088,
herwar,Hermit Warbler,Setophaga occidentalis,L10733156,West Canyon (Serra Mesa),2026-03-24 10:30,1.0,32.8033273,-117.121551,True,True,False,S312778396,
soogro1,Sooty Grouse,Dendragapus fuliginosus,L3266426,5146 Elliot Road,2026-03-24 10:00,1.0,49.6501425,-124.0178762,True,False,True,S313089576,
x00618,Anna's x Costa's Hummingbird (hybrid),Calypte anna x costae,L14792167,Blenman-Elm Yard,2026-03-24 09:47,1.0,32.2403251,-110.9312982,True,True,True,S312743859,
sooshe,Sooty Shearwater,Ardenna grisea,L7190985,Isla Coronado,2026-03-24 09:44,,26.1204866,-111.2747326,True,False,False,S313026082,
beahum1,Beautiful Hummingbird,Calothorax pulcher,L615062,Ojo de Agua Tolistoque,2026-03-24 09:35,2.0,16.5861641,-94.8736596,True,False,False,S312756643,
bkcgna,Black-capped Gnatcatcher,Polioptila nigriceps,L59032607,"El sendero traves de La Abuela Tina . 23.50263, -106.31990",2026-03-24 09:16,2.0,23.502634,-106.319895,True,False,True,S312753750,
x00446,Spotted x Eastern Towhee (hybrid),Pipilo maculatus x erythrophthalmus,L275821,Wichita Mtns Wildlife Refuge--Sunset Picnic Area,2026-03-24 09:00,1.0,34.7319095,-98.7232991,True,True,False,S312775576,
x00449,Altamira x Audubon's Oriole (hybrid),Icterus gularis x graduacauda,L336009,National Butterfly Center--General & area North of Levee,2026-03-24 08:30,1.0,26.1796025,-98.3664483,True,True,False,S312741007,
btmjay,Black-throated Magpie-Jay,Cyanocorax colliei,L418752,Tijuana River Valley--Bird & Butterfly Garden (Myers Ranch),2026-03-24 08:28,3.0,32.5538589,-117.084619,True,False,False,S312727037,X
bawori1,Bar-winged Oriole,Icterus maculialatus,L10944083,Parque Ecoturístico Montetik--Entrada El Aguaje,2026-03-24 08:28,2.0,16.6831572,-92.5963194,True,False,False,S313423910,
sedwre,Grass Wren,Cistothorus platensis,L60955133,"Caseta-Tezoncalli, Ciudad de México, MX (19.164, -99.073)",2026-03-24 08:16,2.0,19.1641106,-99.0729723,True,False,True,S312773191,
casspa,Cassin's Sparrow,Peucaea cassinii,L60948583,"Coahuila de Zaragoza, MX (28.497, -100.592)",2026-03-24 08:01,1.0,28.4971252,-100.5921165,True,False,True,S312743036,
hobkit,Hook-billed Kite,Chondrohierax uncinatus,L129075,Salineño Wildlife Preserve (LTC 080),2026-03-24 07:47,1.0,26.5148584,-99.1162062,True,True,False,S312872257,
cockat,Cockatiel,Nymphicus hollandicus,L5584024,Pine Woods Park,2026-03-24 07:40,1.0,25.647447,-80.356726,True,True,False,S312661300,X
easkin,Eastern Kingbird,Tyrannus tyrannus,L60791164,Coyote Golf Course,2026-03-24 07:29,1.0,20.655936,-87.047293,True,False,True,S313100713,
dstkne,Double-striped Thick-knee,Hesperoburhinus bistriatus,L57479172,"Oaxaca, MX (16.603, -94.847)",2026-03-24 07:13,2.0,16.6027477,-94.8471466,True,False,True,S312756698,
pasowl4,Pacific Screech-Owl,Megascops cooperi,L19144205,Ecoturística Las Ninfas,2026-03-24 07:05,1.0,15.7945351,-96.1133337,True,False,False,S312863700,
agaher1,Agami Heron,Agamia agami,L4292993,"Reserva de la Biosfera La Encrucijada--Area de Manglares Centro Ecoturístico Costa Verde (acceso restringido, contacta a Centro Ecoturístico/EcoHostal Costa Verde)",2026-03-24 06:43,4.0,15.2855098,-92.9579401,True,False,False,S312735715,
sungre1,Sungrebe,Heliornis fulica,L4292993,"Reserva de la Biosfera La Encrucijada--Area de Manglares Centro Ecoturístico Costa Verde (acceso restringido, contacta a Centro Ecoturístico/EcoHostal Costa Verde)",2026-03-24 06:43,3.0,15.2855098,-92.9579401,True,False,False,S312735715,
blchaw1,Black-collared Hawk,Busarellus nigricollis,L4292993,"Reserva de la Biosfera La Encrucijada--Area de Manglares Centro Ecoturístico Costa Verde (acceso restringido, contacta a Centro Ecoturístico/EcoHostal Costa Verde)",2026-03-24 06:43,2.0,15.2855098,-92.9579401,True,False,False,S312735715,
pinbit1,Pinnated Bittern,Botaurus pinnatus,L56592591,"Reyes Hernández, Tabasco, MX (18.203, -93.288)",2026-03-24 06:42,1.0,18.2028203,-93.2875668,True,False,True,S312780884,
whtfly1,White-throated Flycatcher,Empidonax albigularis,L1039953,Laguna de Zoquipan,2026-03-24 06:08,3.0,21.6185742,-105.2479076,True,False,False,S312912033,
sporai,Spotted Rail,Pardirallus maculatus,L1039953,Laguna de Zoquipan,2026-03-24 06:08,2.0,21.6185742,-105.2479076,True,False,False,S312912033,
yebcra1,Yellow-breasted Crake,Laterallus flaviventer,L1039953,Laguna de Zoquipan,2026-03-24 06:08,3.0,21.6185742,-105.2479076,True,False,False,S312912033,
barpar1,Barred Parakeet,Bolborhynchus lineola,L3826812,Zona Sujeta a Conservación Ecológica Tzama Cun Pümy (Ejido Tapalapa),2026-03-24 05:50,4.0,17.1895849,-93.1196129,True,False,False,S312742417,
easowl1,Eastern Screech-Owl,Megascops asio,L10972244,Bosque Zuazua--Ruta Puerta de Hierro,2026-03-23 20:56,1.0,25.8974686,-100.1144338,True,False,False,S312597694,
shicow,Shiny Cowbird,Molothrus bonariensis,L28759462,Parque Central de Holbox,2026-03-23 19:10,4.0,21.5236117,-87.3789185,True,True,False,S312585049,
sora,Sora,Porzana carolina,L339171,Iona Island Causeway,2026-03-23 19:09,1.0,49.2127778,-123.2025,True,True,False,S312584741,
gstswi1,Great Swallow-tailed Swift,Panyptila sanctihieronymi,L2281269,Carretera Libre a Arriaga--Mirador,2026-03-23 17:15,2.0,16.3455105,-93.8678634,True,False,False,S312551076,
chbsan,Chestnut-bellied Sandgrouse,Pterocles exustus,L8471220,Waikoloa Skatepark,2026-03-23 17:01,1.0,19.956208,-155.789264,True,False,False,S312872500,N
hooori,Hooded Oriole,Icterus cucullatus,L1193679,Tofino,2026-03-23 17:00,1.0,49.1527863,-125.9046078,True,True,False,S312567138,
x00385,Rufous x Allen's Hummingbird (hybrid),Selasphorus rufus x sasin,L7971486,"405 Reuben Boise Road, Dallas, Oregon, US (44.938, -123.372)",2026-03-23 16:34,1.0,44.9384581,-123.3720161,True,True,True,S312553477,
strcuc1,Striped Cuckoo,Tapera naevia,L41360517,Río Grijalva Ruta B,2026-03-23 16:25,3.0,16.5518065,-92.81035,True,False,True,S312838312,
colplo1,Collared Plover,Anarhynchus collaris,L4893130,Parque Ecoarqueológico de Bocana Copalita--Mirador,2026-03-23 16:24,5.0,15.7887633,-96.0515343,True,False,False,S312564898,
wewpew,Western Wood-Pewee,Contopus sordidulus,L14287586,Parque Ecologico Las Peñas,2026-03-23 16:00,1.0,19.699905,-103.4470647,True,False,False,S312783664,
x00629,Blue-winged Teal x Northern Shoveler (hybrid),Spatula discors x clypeata,L5722405,Merritt Island NWR--Catfish Creek,2026-03-23 15:36,1.0,28.6273603,-80.7737374,True,True,False,S312508642,
rebmer,Red-breasted Merganser,Mergus serrator,L6173182,Punta de Universidad Autónoma de Baja California,2026-03-23 14:19,1.0,31.861485,-116.6674554,True,False,False,S312522531,
wilsap,Williamson's Sapsucker,Sphyrapicus thyroideus,L54589382,Sendero Cascada Cusarare,2026-03-23 14:10,,27.6233532,-107.570529,True,False,False,S312586186,
blkvul,Black Vulture,Coragyps atratus,L601562,Burlington--Hendrie Valley,2026-03-23 14:05,1.0,43.2932628,-79.8835015,True,True,False,S312484749,
elepai5,Kauai Elepaio,Chasiempis sclateri,L391848,Waimea Canyon Lookout,2026-03-23 13:40,,22.0714028,-159.6619892,True,False,False,S312759559,
sxrgoo1,Snow x Ross's Goose (hybrid),Anser caerulescens x rossii,L14145667,Willow Creek Farm,2026-03-23 13:20,1.0,44.2597018,-81.4076053,True,True,True,S312497776,
blcspa1,Black-chested Sparrow,Peucaea humeralis,L2991280,Bosques de San Andrés de la Cal,2026-03-23 12:33,8.0,18.9616152,-99.1048014,True,False,False,S313175758,
goleag,Golden Eagle,Aquila chrysaetos,L60899223,"Matehuala - Monterrey (25.042, -100.572)",2026-03-23 12:29,1.0,25.0423452,-100.5723783,True,False,True,S312493654,
rehwoo,Red-headed Woodpecker,Melanerpes erythrocephalus,L35928501,Old Cut Boulevard,2026-03-23 12:17,1.0,42.5872714,-80.4021583,True,False,True,S312448765,
wesgre,Western Grebe,Aechmophorus occidentalis,L1482743,Reserva Especial de La Biosfera Cajon del Diablo--Estero Tastiota,2026-03-23 11:12,4.0,28.3614916,-111.4534142,True,False,False,S312546129,
bkbwar,Blackburnian Warbler,Setophaga fusca,L57330874,Sunset Blvd. at Quintara St. intersection and vicinity,2026-03-23 10:37,1.0,37.7478273,-122.4948569,True,True,False,S312490985,
lbbgul,Lesser Black-backed Gull,Larus fuscus,L39423152,Río Lagartos (boating along river),2026-03-23 10:29,2.0,21.601298,-88.090575,True,False,True,S312511833,
x00685,Snow Goose x Brant (hybrid),Anser caerulescens x Branta bernicla,L217786,Fort Phoenix State Reservation,2026-03-23 10:18,1.0,41.6250751,-70.9029646,True,True,False,S312404756,
x00759,Domestic goose sp. x Canada Goose (hybrid),Anser sp. (Domestic type) x Branta canadensis,L23993359,Cheam lake Wetlands Floating Bridge Trail,2026-03-23 10:03,3.0,49.1963786,-121.7529837,True,True,True,S312466948,X
gchwar,Golden-cheeked Warbler,Setophaga chrysoparia,L14093655,Casa Palmillas,2026-03-23 10:01,1.0,25.625007,-100.386097,True,False,True,S312584504,
gragoo,Graylag Goose,Anser anser,L2972118,Ile du Chenail,2026-03-23 09:52,2.0,45.6140074,-74.6010625,True,True,False,S312382314,X
x00013,Bullock's x Baltimore Oriole (hybrid),Icterus bullockii x galbula,L389606,Fort Mason,2026-03-23 09:51,1.0,37.8051812,-122.4285507,True,True,False,S312478742,
kauama,Kauai Amakihi,Chlorodrepanis stejnegeri,L60974900,Koke’e State Park - Awa’awapuhi Trail,2026-03-23 09:49,2.0,22.141197,-159.649452,True,False,True,S312872326,
ixlbun,Lazuli x Indigo Bunting (hybrid),Passerina amoena x cyanea,L336009,National Butterfly Center--General & area North of Levee,2026-03-23 09:43,1.0,26.1796025,-98.3664483,True,True,False,S312461436,
tufduc,Tufted Duck,Aythya fuligula,L20498486,Museum of the Aleutians,2026-03-23 09:35,1.0,53.881817,-166.549341,True,False,True,S312466339,
banqua1,Banded Quail,Philortyx fasciatus,L58336893,San Isidro - Amilcingo,2026-03-23 09:30,17.0,18.937468,-99.0895987,True,False,True,S312881986,
ferhaw,Ferruginous Hawk,Buteo regalis,L370637,Valle de La Soledad,2026-03-23 09:24,1.0,24.8960325,-100.727967,True,False,False,S312493332,
gxwibi1,Glossy x White-faced Ibis (hybrid),Plegadis falcinellus x chihi,L128874,Jocelyn Nungaray NWR  (Anahuac) (UTC 049),2026-03-23 09:14,1.0,29.6148414,-94.5344353,True,False,False,S312501061,
whoswa,Whooper Swan,Cygnus cygnus,L60906305,West Fraser Rd,2026-03-23 09:00,1.0,52.8245955,-122.4684822,True,True,True,S312530129,
dickci,Dickcissel,Spiza americana,L8362225,Entronque Carretera a Paredón,2026-03-23 08:57,4.0,15.977991,-93.775216,True,False,False,S312416635,
wessan,Western Sandpiper,Calidris mauri,L4473407,"Delta -- Roberts Bank, south dyke, jetty base (including 41b Street marsh)",2026-03-23 08:57,6.0,49.048507,-123.114053,True,True,False,S312487262,
x00832,Mute x Trumpeter Swan (hybrid),Cygnus olor x buccinator,L3115608,Pocono Summit Lake,2026-03-23 08:45,2.0,41.1199175,-75.386306,True,False,True,S312575511,N
larbun,Lark Bunting,Calamospiza melanocorys,L3776616,Laguna Aquiles Serdan,2026-03-23 08:14,1.0,24.958494,-100.7233053,True,False,False,S312493250,
aniani,Anianiau,Magumma parva,L20815790,Kōkeʻe State Park--Puʻu O Kila Lookout,2026-03-23 08:13,1.0,22.1477985,-159.6309566,True,False,False,S312504209,
x00870,Canyon x Abert's Towhee (hybrid),Melozone fusca x aberti,L734193,Paige Creek,2026-03-23 07:56,1.0,32.1529069,-110.4528093,True,True,False,S312561054,
sagthr,Sage Thrasher,Oreoscoptes montanus,L23428048,Jacumba Border Pond,2026-03-23 07:53,1.0,32.564575,-116.177107,True,True,False,S312483112,
snogoo,Snow Goose,Anser caerulescens,L23428048,Jacumba Border Pond,2026-03-23 07:53,1.0,32.564575,-116.177107,True,True,False,S312483112,
cocboo1,Cocos Booby,Sula brewsteri,L329116,"Southeast Farallon Island (Farallon Islands NWR, restricted access)",2026-03-23 07:30,1.0,37.69852,-123.002789,True,False,False,S312586926,
surfbi,Surfbird,Calidris virgata,L6664378,Playa Cerritos,2026-03-23 07:22,49.0,23.3081194,-106.4920664,True,False,False,S312397010,
worspa,Worthen's Sparrow,Spizella wortheni,L60899128,Carretera San Rafael - El Uno,2026-03-23 07:16,2.0,25.0158209,-100.6068331,True,False,True,S312493177,
pregrs1,White-faced Ground-Sparrow,Melozone biarcuata,L60890448,Camino a la Piedra De Huixtla,2026-03-23 07:01,1.0,15.218845,-92.4401117,True,False,True,S312453575,
blthum1,Blue-tailed Hummingbird,Saucerottia cyanura,L60890448,Camino a la Piedra De Huixtla,2026-03-23 07:01,2.0,15.218845,-92.4401117,True,False,True,S312453575,
rucwar4,Chestnut-capped Warbler,Basileuterus delattrii,L60890448,Camino a la Piedra De Huixtla,2026-03-23 07:01,4.0,15.218845,-92.4401117,True,False,True,S312453575,
rawwre1,Rufous-and-white Wren,Thryophilus rufalbus,L60890448,Camino a la Piedra De Huixtla,2026-03-23 07:01,1.0,15.218845,-92.4401117,True,False,True,S312453575,
rugdov,Ruddy Ground Dove,Columbina talpacoti,L357429,Scottsdale--Chaparral Park,2026-03-23 06:34,1.0,33.5110032,-111.906631,True,True,False,S312427976,
bkspet,Black Storm-Petrel,Hydrobates melania,L504177,Escollo Gorda,2026-03-23 06:25,10.0,22.993795,-109.5007324,True,False,False,S312486284,
strowl1,Striped Owl,Asio clamator,L60603827,"Carretera Costera, Huixtla, Chiapas, MX (15.164, -92.536)",2026-03-22 21:02,1.0,15.1635433,-92.536215,True,False,True,S312261284,
sptnig1,Spot-tailed Nightjar,Antiurus maculicaudus,L60603827,"Carretera Costera, Huixtla, Chiapas, MX (15.164, -92.536)",2026-03-22 21:02,1.0,15.1635433,-92.536215,True,False,True,S312261284,
blkswi,Black Swift,Cypseloides niger,L60847991,"Tapilula, Chiapas, MX",2026-03-22 18:45,8.0,17.2540731,-93.0162511,True,False,True,S312232585,
x00621,Black x Eastern Phoebe (hybrid),Sayornis nigricans x phoebe,L3748828,Acequia Park,2026-03-22 17:50,1.0,29.347704,-98.4637502,True,True,False,S312222317,
x01134,American Herring x Lesser Black-backed Gull (hybrid),Larus smithsonianus x fuscus,L190873,"North Point Marina/State Line Beach, Winthrop Harbor",2026-03-22 17:02,1.0,42.4877956,-87.8023911,True,True,False,S312257634,
grhtan1,Gray-headed Tanager,Eucometis penicillata,L7820930,Vista Lago Nochacam Sur,2026-03-22 16:18,1.0,20.4349552,-87.7255248,True,False,False,S312479431,
x00627,Snow x Greater White-fronted Goose (hybrid),Anser caerulescens x albifrons,L169447,Riverlands Migratory Bird Sanctuary,2026-03-22 15:40,1.0,38.8719313,-90.1843917,True,True,False,S312175274,
whnswi1,White-naped Swift,Streptoprocne semicollaris,L54557829,Ingenio Oacalco,2026-03-22 15:35,10.0,18.9236705,-99.0274544,True,False,False,S312266603,
yebcuc,Yellow-billed Cuckoo,Coccyzus americanus,L2281269,Carretera Libre a Arriaga--Mirador,2026-03-22 15:27,1.0,16.3455105,-93.8678634,True,False,False,S312249386,
rubrob,Rufous-backed Robin,Turdus rufopalliatus,L29349995,Mountain View Park,2026-03-22 15:25,1.0,35.1487256,-114.622962,True,True,False,S312216219,
atlpuf,Atlantic Puffin,Fratercula arctica,L60853734,"Auto selected 38.59860, -74.33298",2026-03-22 14:52,4.0,38.598602,-74.332979,True,False,True,S312258580,
rebtro,Red-billed Tropicbird,Phaethon aethereus,L41895578,"113 Leport Dr, Gulf Breeze US-FL (30.3301,-87.1637)",2026-03-22 14:03,1.0,30.33006,-87.1637,True,True,True,S312126826,
leasan,Least Sandpiper,Calidris minutilla,L282714,Tsawwassen Ferry Terminal Jetty,2026-03-22 14:00,1.0,49.0157109,-123.117063,True,False,False,S312240762,
doveki,Dovekie,Alle alle,L61120337,CMWWRC pelagic–22 Mar 2026–G,2026-03-22 13:45,1.0,38.6383607,-74.3459699,True,False,True,S313632603,
thbvir,Thick-billed Vireo,Vireo crassirostris,L768468,Dagny Johnson Key Largo Hammock Botanical SP,2026-03-22 13:21,1.0,25.280242,-80.2973986,True,True,False,S312111714,
x00059,Townsend's x Hermit Warbler (hybrid),Setophaga townsendi x occidentalis,L1049677,Spreckels Park & Public Library,2026-03-22 13:00,1.0,32.690877,-117.1767318,True,True,False,S312168925,
parauk,Parakeet Auklet,Aethia psittacula,L405301,Westport pelagic--Offshore waters,2026-03-22 12:28,12.0,46.9052455,-124.5355225,True,True,False,S312197016,
pinwar,Pine Warbler,Setophaga pinus,L13296162,Sackville Greenway,2026-03-22 11:44,1.0,44.7765914,-63.6901911,True,False,False,S312015836,
shtalb,Short-tailed Albatross,Phoebastria albatrus,L405301,Westport pelagic--Offshore waters,2026-03-22 11:42,1.0,46.9052455,-124.5355225,True,True,False,S312196916,
pomjae,Pomarine Jaeger,Stercorarius pomarinus,L405301,Westport pelagic--Offshore waters,2026-03-22 11:42,1.0,46.9052455,-124.5355225,True,True,False,S312196916,
redcro9,Cassia Crossbill,Loxia sinesciuris,L60816608,Snowmobile Parking Lot,2026-03-22 11:36,1.0,42.3226918,-113.6183335,True,False,True,S312088336,
tdxsca1,Tufted Duck x scaup sp. (hybrid),Aythya fuligula x marila/affinis,L457287,"Chestnut Hill Reservoir, Boston",2026-03-22 11:14,1.0,42.3341844,-71.1563873,True,True,False,S313450130,
orabis1,Northern Red Bishop,Euplectes franciscanus,L2093003,Fairview Park Wetlands,2026-03-22 10:01,6.0,33.6664968,-117.940979,True,False,False,S312116775,P
x00415,Greater White-fronted x Canada Goose (hybrid),Anser albifrons x Branta canadensis,L7951497,"Highway 26 Playa, Minatare",2026-03-22 09:45,1.0,41.821666,-103.546628,True,True,True,S312210739,
dusgro,Dusky Grouse,Dendragapus obscurus,L49804284,North end of Rose Valley Lake and trail,2026-03-22 09:45,1.0,49.919,-119.552,True,False,True,S312120888,
allhum,Allen's Hummingbird,Selasphorus sasin,L445622,"Parque Morelos, Tijuana",2026-03-22 09:26,1.0,32.4995554,-116.9389057,True,False,False,S312188329,
nutwoo,Nuttall's Woodpecker,Dryobates nuttallii,L445622,"Parque Morelos, Tijuana",2026-03-22 09:26,1.0,32.4995554,-116.9389057,True,False,False,S312188329,
whtspa,White-throated Sparrow,Zonotrichia albicollis,L445622,"Parque Morelos, Tijuana",2026-03-22 09:26,1.0,32.4995554,-116.9389057,True,True,False,S312188329,
x00615,Little Blue Heron x Snowy Egret (hybrid),Egretta caerulea x thula,L674114,River Road Park (Boerne),2026-03-22 09:23,1.0,29.7894002,-98.7259681,True,True,False,S312143829,
vesspa,Vesper Sparrow,Pooecetes gramineus,L10161993,Port Burwell--Clarke Rd. Right-of-Way,2026-03-22 07:54,1.0,42.6396179,-80.7706264,True,True,False,S312150557,
redjun,Red Junglefowl,Gallus gallus,L39105902,"Vía Sin Nombre, Guanajuato, MX (20.918, -100.793)",2026-03-22 07:53,6.0,20.9184233,-100.7930667,True,False,True,S312092953,X
neocor,Neotropic Cormorant,Nannopterum brasilianum,L131153,Point Pelee NP* general (use more precise loc.),2026-03-22 07:40,1.0,41.9553986,-82.5139999,True,True,False,S312108042,
redkno,Red Knot,Calidris canutus,L3480257,Playa de Golfo de Santa Clara,2026-03-22 07:36,250.0,31.6808025,-114.4950485,True,False,False,S312133104,
olsfly,Olive-sided Flycatcher,Contopus cooperi,L60838300,"Tr, Terrero",2026-03-22 07:31,1.0,19.4511244,-103.9557357,True,False,True,S312185842,
rufsab1,Rufous Sabrewing,Pampa rufa,L5519907,Camino Talquián-Chiquihuites,2026-03-22 07:29,1.0,15.0949138,-92.0955133,True,False,False,S311929186,
lstswi1,Lesser Swallow-tailed Swift,Panyptila cayennensis,L60824332,Rovirosa,2026-03-22 07:23,2.0,18.1180334,-88.7697846,True,True,True,S312136234,
scaant1,Scaled Antpitta,Grallaria guatimalensis,L60205914,"29959, Marqués de Comillas MX-Chis. 16.25718, -90.85129",2026-03-22 07:03,2.0,16.257184,-90.851291,True,False,True,S312094459,
grecur1,Great Curassow,Crax rubra,L60205914,"29959, Marqués de Comillas MX-Chis. 16.25718, -90.85129",2026-03-22 07:03,2.0,16.257184,-90.851291,True,False,True,S312094459,
x01228,Broad-tailed x White-eared Hummingbird (hybrid),Selasphorus platycercus x Basilinna leucotis,L199300,Ash Canyon Bird Sanctuary (closed Thursday morning),2026-03-22 07:00,1.0,31.3904516,-110.2392496,True,True,False,S312248317,
yehpar,Yellow-headed Amazon,Amazona oratrix,L3113939,Parque Hundido del Poniente,2026-03-22 06:48,2.0,20.9765222,-89.6579191,True,False,False,S311986515,X
wetshe,Wedge-tailed Shearwater,Ardenna pacifica,L17187744,Bahía de Santa Cruz,2026-03-22 06:47,12.0,15.7516846,-96.1279941,True,False,False,S312233023,
audshe3,Galapagos Shearwater,Puffinus subalaris,L17187744,Bahía de Santa Cruz,2026-03-22 06:47,5.0,15.7516846,-96.1279941,True,False,False,S312233023,
nazboo1,Nazca Booby,Sula granti,L17187744,Bahía de Santa Cruz,2026-03-22 06:47,2.0,15.7516846,-96.1279941,True,False,False,S312233023,
baispa,Baird's Sparrow,Centronyx bairdii,L267413,San Rafael Grasslands,2026-03-22 06:45,1.0,31.4542427,-110.631692,True,False,False,S311998130,
comnig,Common Nighthawk,Chordeiles minor,L3440103,Barceló Maya Palace Deluxe,2026-03-22 06:37,1.0,20.4883713,-87.2462296,True,False,False,S312021599,
tacnig1,Tawny-collared Nightjar,Antrostomus salvini,L1889331,Carretera PN La Estanzuela,2026-03-22 06:12,1.0,25.5655468,-100.2580226,True,False,False,S312047874,
styowl1,Stygian Owl,Asio stygius,L60838300,"Tr, Terrero",2026-03-22 05:00,2.0,19.4511244,-103.9557357,True,False,True,S312189930,
brnjay,Brown Jay,Cyanocorax morio,L129086,Santa Margarita Ranch (LTC 079) (restricted access - guided groups only),2026-03-21 19:26,1.0,26.4856177,-99.0912337,True,True,False,S311720379,
whwpar,White-winged Parakeet,Brotogeris versicolurus,L3486936,Cortadito Cowbirds,2026-03-21 19:23,2.0,25.7323915,-80.3350863,True,True,False,S311685590,N
tancoc1,Tanimbar Corella,Cacatua goffiniana,L60733781,"73 Hao Street, Kailua-Kona, Hawaii, US (19.707, -155.95)",2026-03-21 18:30,7.0,19.7069763,-155.950122,True,True,True,S311732486,P
retloo,Red-throated Loon,Gavia stellata,L371020,Puerto Ensenada,2026-03-21 18:00,1.0,31.8517525,-116.6256237,True,False,False,S311730106,
luchum,Lucifer Hummingbird,Calothorax lucifer,L8619245,"Ejido de San Gregorio Atlapulco, Ciudad de México, MX (19.267, -99.056)",2026-03-21 16:54,1.0,19.2671058,-99.0562575,True,False,True,S311716918,
herpet2,Herald Petrel,Pterodroma heraldica,L60748917,WHICEAS 3/21 2:40,2026-03-21 14:46,1.0,17.9670274,-155.6671757,True,True,True,S311733144,
x00613,Ring-necked Duck x Lesser Scaup (hybrid),Aythya collaris x affinis,L60907880,"Greenwich Bay Marina, Warwick RI",2026-03-21 14:20,1.0,41.685684,-71.447719,True,True,True,S312534797,
lobsta1,Long-billed Starthroat,Heliomaster longirostris,L4720748,Camino Pluma Hidalgo,2026-03-21 11:18,1.0,15.9496932,-96.4417219,True,False,False,S311711501,
canvas,Canvasback,Aythya valisineria,L8101807,Presa Agualeguas,2026-03-21 11:07,1.0,26.2928547,-99.5527704,True,False,False,S311552920,
bkwvir,Black-whiskered Vireo,Vireo altiloquus,L127446,Key West Tropical Forest & Botanical Gardens,2026-03-21 11:03,1.0,24.5734,-81.7496,True,False,False,S311498938,
gretit1,Great Tit,Parus major,L32526474,Henry Mueller Family Conservancy,2026-03-21 11:00,1.0,43.697685,-87.714244,True,True,False,S311524765,P
bkbwar,Blackburnian Warbler,Setophaga fusca,L60699373,"Carretera Tulum-Nuevo Xcán, Tulum MX-Q. Roo. 20.46032, -87.67804",2026-03-21 10:51,1.0,20.460318,-87.678036,True,False,True,S311509107,
japqua,Japanese Quail,Coturnix japonica,L9054289,Congaree NP--Bates Bridge,2026-03-21 10:48,1.0,33.75344,-80.6446655,True,True,False,S311579587,X
acafly,Acadian Flycatcher,Empidonax virescens,L221280,Area de Protección de Flora y Fauna Nahá,2026-03-21 10:25,2.0,16.97486,-91.58876,True,False,False,S311731586,
tamcro,Tamaulipas Crow,Corvus imparatus,L60706613,"Vereda / La Ribera, La Laja, Veracruz, MX (22,14, -97,797)",2026-03-21 09:38,5.0,22.140487,-97.797398,True,False,True,S311542255,
brant,Brant,Branta bernicla,L371159,La Lagunita El Ciprés,2026-03-21 09:08,1.0,31.816366,-116.606521,True,False,False,S311643628,
pacloo,Pacific Loon,Gavia pacifica,L60729199,"Caleta Venecia 28.13161, -111.29385",2026-03-21 09:06,20.0,28.131607,-111.29385,True,False,True,S311641736,
aplfal,Aplomado Falcon,Falco femoralis,L8479203,"Camino A Mata De Uva, MX (19.039, -95.974)",2026-03-21 08:50,1.0,19.0394364,-95.974178,True,False,True,S311585256,
tribla,Tricolored Blackbird,Agelaius tricolor,L2160654,Rancho Japá,2026-03-21 08:46,4.0,32.4327154,-116.1583614,True,True,False,S311686077,
cangoo,Canada Goose,Branta canadensis,L5474338,Parque Central Hermanos Escobar,2026-03-21 08:16,1.0,31.6882655,-106.4260679,True,False,False,S311464292,
x00776,Graylag x Swan Goose (hybrid),Anser anser x cygnoides,L5474338,Parque Central Hermanos Escobar,2026-03-21 08:08,4.0,31.6882655,-106.4260679,True,False,False,S311521228,X
cacgoo1,Cackling Goose,Branta hutchinsii,L5474338,Parque Central Hermanos Escobar,2026-03-21 08:08,1.0,31.6882655,-106.4260679,True,True,False,S311521228,X
prawar,Prairie Warbler,Setophaga discolor,L1973735,El Cedral (Pueblo),2026-03-21 07:57,1.0,20.3690898,-86.9935226,True,False,False,S311511351,
brnthr,Brown Thrasher,Toxostoma rufum,L2212634,Rondeau PP--Marsh Trail,2026-03-21 07:37,1.0,42.3086048,-81.8544614,True,True,False,S311495103,
x00922,Mexican x Mottled Duck (hybrid),Anas diazi x fulvigula,L129086,Santa Margarita Ranch (LTC 079) (restricted access - guided groups only),2026-03-21 07:25,4.0,26.4856177,-99.0912337,True,False,False,S311641074,
bcwpar1,Buffy-crowned Wood-Partridge,Dendrortyx leucophrys,L3590872,Reserva de la Biosfera Volcán Tacaná--Chiquihuites,2026-03-21 06:39,2.0,15.0952038,-92.1017361,True,False,False,S311550192,
benthr,Bendire's Thrasher,Toxostoma bendirei,L60729199,"Caleta Venecia 28.13161, -111.29385",2026-03-21 06:35,1.0,28.131607,-111.29385,True,False,True,S311642734,
pbgdov1,Plain-breasted Ground Dove,Columbina minuta,L34791449,Robirosa,2026-03-21 06:34,1.0,18.1089962,-88.7257382,True,False,True,S311676207,
bkfalb,Black-footed Albatross,Phoebastria nigripes,L56875890,La Perouse Bank,2026-03-21 06:00,2.0,48.79665,-125.91561,True,False,False,S313373162,
stseag,Steller's Sea-Eagle,Haliaeetus pelagicus,L53048496,Whiteway--Old Track Rd peninsula,2026-03-21,1.0,47.6788985,-53.5022305,True,True,False,S312832273,
mewgul2,Short-billed Gull,Larus brachyrhynchus,L5882244,Playa Corona,2026-03-20 17:24,1.0,31.7924792,-116.6144764,True,False,False,S311189207,
recpoc,Red-crested Pochard,Netta rufina,L60629712,"Auburn University Research and Innovation Campus Pond, Huntsville US-AL 34.72091, -86.68302",2026-03-20 17:19,4.0,34.72091,-86.683019,True,True,True,S311159127,X
nazboo1,Nazca Booby,Sula granti,L60745888,WHICEAS 3/20 5:00,2026-03-20 17:06,1.0,19.7664068,-156.5190096,True,True,True,S311721423,
swagoo3,Swan x Canada Goose (hybrid),Anser cygnoides x Branta canadensis,L140554,Lake Julian Park,2026-03-20 16:43,2.0,35.4794464,-82.538002,True,False,False,S312842596,X
blcsis1,Black-capped Siskin,Spinus atriceps,L3590872,Reserva de la Biosfera Volcán Tacaná--Chiquihuites,2026-03-20 16:30,6.0,15.0952038,-92.1017361,True,False,False,S312586466,
barpet,Band-rumped Storm-Petrel,Hydrobates castro,L60745777,WHICEAS 3/20 4:00,2026-03-20 15:59,1.0,19.5894326,-156.5225045,True,True,True,S311720940,
whoswa,Whooper Swan,Cygnus cygnus,L60854542,"9001–9431 Pulver Rd, Burlington US-WA 48.51201, -122.35637",2026-03-20 15:32,1.0,48.512007,-122.35637,True,True,True,S312261686,
nutfly1,Nutting's Flycatcher,Myiarchus nuttingi,L720787,Florida Canyon--lower,2026-03-20 14:42,1.0,31.7633436,-110.8458804,True,True,False,S311196822,
tbsfin1,Thick-billed Seed-Finch,Sporophila funerea,L10538039,"(17.1066,-91.6422) camino Metzabok",2026-03-20 13:39,2.0,17.1066,-91.642156,True,False,True,S311133217,
rocwre,Rock Wren,Salpinctes obsoletus,L3444215,Williams Coulee Road,2026-03-20 13:24,1.0,50.3592066,-113.9886475,True,True,False,S311116742,
atlpuf,Atlantic Puffin,Fratercula arctica,L60617391,"Mar 20, 2026 5:01 p.m.
42.076, -65.972",2026-03-20 12:09,1.0,42.0758014,-65.971738,True,True,True,S311096716,
soleag1,Solitary Eagle,Buteogallus solitarius,L3482040,Selva El Tuito--Yelapa Tapa,2026-03-20 10:56,1.0,20.4741195,-105.4610467,True,True,False,S311191150,
y00765,Snow/Ross's x Cackling/Canada Goose (hybrid),Anser caerulescens/rossii x Branta hutchinsii/canadensis,L2155703,CommonGround (Westerly) Wetlands,2026-03-20 09:40,1.0,39.7162984,-104.885788,True,True,False,S311057594,
blkpho,Black Phoebe,Sayornis nigricans,L9796349,San Josef Bay,2026-03-20 09:37,1.0,50.6737548,-128.2792,True,True,False,S312106847,
mallar4,Mallard x Mexican Duck (hybrid),Anas platyrhynchos x diazi,L5474338,Parque Central Hermanos Escobar,2026-03-20 09:10,1.0,31.6882655,-106.4260679,True,False,False,S311062723,
orheag1,Ornate Hawk-Eagle,Spizaetus ornatus,L60614742,"Carretera Reforma Agraria-Puerto Juárez, Xul-Ha MX-Q. Roo. 18.54743, -88.46712",2026-03-20 08:05,1.0,18.547429,-88.467119,True,False,True,S311085454,
flaowl,Flammulated Owl,Psiloscops flammeolus,L29574997,Southwest Sufi Community--Voice of the Turtle Retreat Center (reservations required),2026-03-20 06:38,1.0,32.93031,-108.398807,True,True,False,S310930476,
rosgoo,Ross's Goose,Anser rossii,L5474338,Parque Central Hermanos Escobar,2026-03-19 17:37,1.0,31.6882655,-106.4260679,True,False,False,S310844609,
swagoo1,Swan Goose,Anser cygnoides,L5474338,Parque Central Hermanos Escobar,2026-03-19 17:30,4.0,31.6882655,-106.4260679,True,False,False,S310830861,X
dickci,Dickcissel,Spiza americana,L2594800,Chandler-- av Soldat-Chouinard,2026-03-19 17:00,2.0,48.3472554,-64.6905093,True,True,True,S310780291,
parjae,Parasitic Jaeger,Stercorarius parasiticus,L60728382,"Laguna de San Ignacio, Baja California Sur, MX (26.794, -113.217)",2026-03-19 15:37,2.0,26.794099,-113.2171694,True,False,True,S311637726,
refboo,Red-footed Booby,Sula sula,L6976216,Isla San Juan,2026-03-19 15:11,,24.2877346,-110.3391816,True,False,False,S311080525,
comgol,Common Goldeneye,Bucephala clangula,L60566113,"Avenida Viznaga 22, San Carlos Nuevo Guaymas MX-Son. 27.95188, -111.06645",2026-03-19 14:50,1.0,27.951877,-111.066453,True,False,True,S310826474,
kebtou1,Keel-billed Toucan,Ramphastos sulfuratus,L60547465,Sidewalk (Turtle viewing spot),2026-03-19 14:45,1.0,27.7792504,-82.6394603,True,True,True,S310735247,X
bargoo,Barnacle Goose,Branta leucopsis,L2319942,"Nichols Park Lake, Spencer",2026-03-19 12:39,1.0,42.212097,-76.494751,True,True,False,S310788239,
eawvir1,Eastern Warbling Vireo,Vireo gilvus,L259855,Estero Llano Grande SP WBC (LTC 054),2026-03-19 11:40,1.0,26.1268335,-97.9578167,True,True,False,S310723533,
swaspa,Swamp Sparrow,Melospiza georgiana,L59227498,"Chihuahua - Cuauhtémoc, Santa Isabel, Chihuahua, MX (28.336, -106.354)",2026-03-19 10:48,1.0,28.3360125,-106.3544798,True,False,True,S311192544,
lewwoo,Lewis's Woodpecker,Melanerpes lewis,L59227498,"Chihuahua - Cuauhtémoc, Santa Isabel, Chihuahua, MX (28.336, -106.354)",2026-03-19 10:48,2.0,28.3360125,-106.3544798,True,True,True,S311192544,
roster,Roseate Tern,Sterna dougallii,L127452,Dry Tortugas NP--Garden Key,2026-03-19 10:47,9.0,24.6276,-82.8728,True,False,False,S310757442,
whtjay1,White-throated Jay,Cyanolyca mirabilis,L2740232,Cabañas y Restaurante Puesta del Sol,2026-03-19 10:30,1.0,16.17298,-96.50542,True,False,False,S310693799,
hoomer,Hooded Merganser,Lophodytes cucullatus,L31189317,"Rancho Buenos Aires, 32.34281, -116.85860",2026-03-19 09:38,1.0,32.342814,-116.858599,True,True,True,S310794710,
shtsan,Sharp-tailed Sandpiper,Calidris acuminata,L9144592,Kealia Pond NWR--Kealia Coastal Boardwalk,2026-03-19 08:16,1.0,20.7962263,-156.488378,True,True,False,S310729205,
blusee1,Blue Seedeater,Amaurospiza concolor,L221275,PN Cañón del Sumidero,2026-03-19 07:58,2.0,16.8335433,-93.0685329,True,False,False,S311568314,
bichaw1,Bicolored Hawk,Astur bicolor,L34737076,Bartolo's Privated Reserve. (Restricted Access).,2026-03-19 07:51,1.0,17.9714517,-89.3563467,True,False,True,S310832492,
x00443,Black-throated x White-throated Magpie-Jay (hybrid),Cyanocorax colliei x formosus,L60436099,Rancho Primavera,2026-03-19 07:48,1.0,20.3413274,-105.3500462,True,False,True,S310759350,
rudtur,Ruddy Turnstone,Arenaria interpres,L4450418,Witless Bay--Lower Pond & Bear Cove Head area,2026-03-19 07:45,2.0,47.2821259,-52.8131354,True,True,False,S311089465,
soulap1,Southern Lapwing,Vanellus chilensis,L40199696,"Reserva de la Biósfera la Encrucijada, Mapastepec MX-Chis. 15.32296, -92.99378",2026-03-19 07:39,2.0,15.322956,-92.993779,True,False,True,S311727097,
x00203,Northern x Tropical Parula (hybrid),Setophaga americana x pitiayumi,L129086,Santa Margarita Ranch (LTC 079) (restricted access - guided groups only),2026-03-19 07:38,1.0,26.4856177,-99.0912337,True,True,False,S310827723,
rufmou1,Rufous Mourner,Rhytipterna holerythra,L31913717,Campamento Conanp (acceso restringido),2026-03-19 06:38,1.0,16.765622,-91.11772,True,False,True,S311005779,
x00006,American x Black Oystercatcher (hybrid),Haematopus palliatus x bachmani,L631718,Ventura Harbor--Marina Park,2026-03-18 15:30,1.0,34.2542014,-119.2683935,True,True,False,S311213263,
x00425,Common Goldeneye x Hooded Merganser (hybrid),Bucephala clangula x Lophodytes cucullatus,L491575,Fox River mouth (Green Bay),2026-03-18 15:05,1.0,44.5399571,-88.0039215,True,True,False,S310421892,
x00692,Snow x Cackling Goose (hybrid),Anser caerulescens x Branta hutchinsii,L732460,Denver City Park--Ferril Lake,2026-03-18 14:00,1.0,39.7459899,-104.9488592,True,True,False,S310435735,
greant1,Great Antshrike,Taraba major,L6611064,Lacanjá Chansayab--Campamento Río Lacanjá,2026-03-18 11:32,1.0,16.757871,-91.1182725,True,False,False,S311005985,
phivir,Philadelphia Vireo,Vireo philadelphicus,L250112,Zona Arqueológica Ek Balam,2026-03-18 10:42,2.0,20.8910108,-88.1363583,True,False,False,S310450608,
pomjae,Pomarine Jaeger,Stercorarius pomarinus,L60487154,Cobo shark dive,2026-03-18 10:25,1.0,22.828859,-109.888543,True,False,True,S310418927,
fiespa,Field Sparrow,Spizella pusilla,L60491895,"Coahuila de Zaragoza, MX (28.679, -100.634)",2026-03-18 10:17,1.0,28.6787141,-100.6337449,True,False,True,S310442497,
x00922,Mexican x Mottled Duck (hybrid),Anas diazi x fulvigula,L24130297,Tamaulipas--a través de Santa Margarita Bluffs,2026-03-18 07:35,3.0,26.4787108,-99.0941645,True,False,False,S310828873,
milmac,Military Macaw,Ara militaris,L1354720,my yard; Boy Scout Lane,2026-03-18 07:30,1.0,31.818084,-106.5769609,True,True,True,S310465133,X
litsti,Little Stint,Calidris minuta,L2047403,San Diego Bay NWR--SoCal Saltworks (restricted access),2026-03-18 07:30,1.0,32.6049209,-117.1062324,True,True,False,S311708147,
commur,Common Murre,Uria aalge,L4777352,Playa La Misión,2026-03-18 07:24,1.0,32.0987903,-116.883502,True,True,True,S310779377,
renpha,Red-necked Phalarope,Phalaropus lobatus,L1759434,Santa Cruz Huatulco--Pelágico,2026-03-18 07:20,30.0,15.6268108,-96.0913181,True,False,False,S310403362,
blccoq1,Black-crested Coquette,Lophornis helenae,L305849,Camino Plan de las Flores,2026-03-18 06:55,1.0,17.7290815,-96.33057,True,False,False,S310478366,
phopet1,Phoenix Petrel,Pterodroma alba,L60495727,WHICEAS 3/17 2:40,2026-03-17 14:43,1.0,18.1378449,-154.3561705,True,True,True,S310462842,
x00048,Glaucous x Glaucous-winged Gull (hybrid),Larus hyperboreus x glaucescens,L35626646,Fillinger Waterfront Park 1,2026-03-17 14:15,1.0,49.2396249,-123.9895127,True,True,False,S310149874,
diadov1,Diamond Dove,Geopelia cuneata,L27073703,Medical Park Creekview Trail,2026-03-17 14:09,1.0,33.183526,-117.2822121,True,True,False,S310121893,X
x00754,House x Eurasian Tree Sparrow (hybrid),Passer domesticus x montanus,L60803798,"1965 245th Street, Saint Augusta, Minnesota, US (45.478, -94.152)",2026-03-17 13:50,1.0,45.478333,-94.1523308,True,True,True,S312026808,N
chifla1,Chilean Flamingo,Phoenicopterus chilensis,L216132,Coyote Hills Regional Park,2026-03-17 13:29,1.0,37.553764,-122.0875025,True,True,False,S310151770,X
mdxmal1,Muscovy Duck x Mallard (hybrid),Cairina moschata x Anas platyrhynchos,L276657,Bosque de San Juan de Aragón ,2026-03-17 12:03,2.0,19.4588557,-99.0765524,True,False,False,S310087760,X
x00620,Nuttall's x Ladder-backed Woodpecker (hybrid),Dryobates nuttallii x scalaris,L420195,Big Morongo Canyon Preserve & Covington Park,2026-03-17 11:08,1.0,34.0497222,-116.5702639,True,False,False,S310169457,
x00404,White x Salmon-crested Cockatoo (hybrid),Cacatua alba x moluccensis,L392604,Lyon Arboretum,2026-03-17 11:04,1.0,21.333713,-157.8006649,True,False,False,S310158740,P
x01131,American Herring x Glaucous Gull (hybrid),Larus smithsonianus x hyperboreus,L280298,Jodrey State Fish Pier,2026-03-17 10:34,1.0,42.61408,-70.65221,True,False,False,S310104405,
x00678,Redhead x Lesser Scaup (hybrid),Aythya americana x affinis,L294151,Calgary--Carburn Park,2026-03-17 10:30,1.0,50.9743186,-114.0326786,True,True,False,S310165049,
x00611,American Wigeon x Mallard (hybrid),Mareca americana x Anas platyrhynchos,L2034950,"Long Road Pond Area, Fairhaven",2026-03-17 10:16,1.0,41.6522646,-70.8999252,True,True,True,S310039316,
casfin,Cassin's Finch,Haemorhous cassinii,L836005,Hotel Paraiso del Oso,2026-03-17 09:05,1.0,27.31984,-108.03504,True,False,False,S310699880,
gnlthr,Greater Necklaced Laughingthrush,Pterorhinus pectoralis,L1481784,Sleeping Giant--Summit,2026-03-17 07:44,4.0,22.0627719,-159.3542559,True,False,False,S312278485,N
sumwre1,Sumichrast's Wren,Hylorchilus sumichrasti,L60437603,"68468, Santa María Jacatepec MX-Oax. 17.83889, -96.20258",2026-03-17 06:56,1.0,17.838892,-96.20258,True,False,True,S310170007,
commer,Common Merganser,Mergus merganser,L2392629,Marina de Miramar,2026-03-16 18:33,6.0,27.9304553,-110.9479666,True,False,False,S309913755,
amedip,American Dipper,Cinclus mexicanus,L2096627,PN Los Dinamos,2026-03-16 15:30,2.0,19.2983608,-99.2539644,True,False,False,S309918919,
sleshe1,Slender Sheartail,Doricha enicura,L51175657,"Ruta Sin Nombre, Chiapas, MX (16.275, -92.143)",2026-03-16 15:25,1.0,16.2748051,-92.1428867,True,False,True,S310323190,
gargan,Garganey,Spatula querquedula,L277480,Reserva Ecológica Estero de San José del Cabo,2026-03-16 15:13,1.0,23.0504835,-109.6878944,True,True,False,S309891109,
zebfin2,Zebra Finch,Taeniopygia guttata,L76601,43 Harrington Street,2026-03-16 15:00,1.0,42.3837618,-71.1953115,True,True,True,S309847334,X
x00047,American Herring x Great Black-backed Gull (hybrid),Larus smithsonianus x marinus,L38700080,O'Neill Conservation Project - Lekx Road,2026-03-16 13:21,1.0,44.378817,-76.1458365,True,True,False,S309845201,
gybter1,Gray-backed Tern,Onychoprion lunatus,L7291453,"Green Island, Kure Atoll (restricted access)",2026-03-16 10:59,2.0,28.392533,-178.2939005,True,False,False,S309879155,
x00017,Laysan x Black-footed Albatross (hybrid),Phoebastria immutabilis x nigripes,L7291453,"Green Island, Kure Atoll (restricted access)",2026-03-16 10:59,1.0,28.392533,-178.2939005,True,False,False,S309879155,
sabgul,Sabine's Gull,Xema sabini,L966918,"Santa Catalina Channel (LA Co., offshore species only)",2026-03-16 09:11,1.0,33.552977,-118.295209,True,True,False,S310046409,
x00694,Ross's x Cackling Goose (hybrid),Anser rossii x Branta hutchinsii,L60331582,Grey Bruce Line,2026-03-16 09:00,1.0,44.4402183,-81.1050068,True,True,True,S310162291,
redkno,Red Knot,Calidris canutus,L803888,Cape Sable Island--Daniel's Head,2026-03-16 08:51,1.0,43.4415778,-65.5901814,True,False,False,S309733400,
spthum1,Sparkling-tailed Hummingbird,Tilmatura dupontii,L60320972,"Camino Tepetixtla-La Pintada, Atoyac de Álvarez MX-Gro. 17.34339, -100.16433",2026-03-16 07:59,1.0,17.343387,-100.164331,True,False,True,S309911639,
x00634,Yellow-bellied x Red-naped Sapsucker (hybrid),Sphyrapicus varius x nuchalis,L13138491,Malecón de San Antonio Tlayacapan,2026-03-16 07:55,1.0,20.291106,-103.2426607,True,False,False,S309877906,
basowl,Balsas Screech-Owl,Megascops seductus,L42304673,Amilsingo (acceso restringido),2026-03-16 05:25,4.0,18.951717,-99.095207,True,False,True,S310415817,
nswowl,Northern Saw-whet Owl,Aegolius acadicus,L2318601,PN Cumbres de Monterrey--Mesa del Oso,2026-03-15 20:10,1.0,25.2750468,-100.2298701,True,False,False,S310126865,
rensap,Red-naped Sapsucker,Sphyrapicus nuchalis,L6746290,Parques de la cañada,2026-03-15 18:19,1.0,25.3799598,-101.0188231,True,False,True,S309659105,
taifly1,Taiga Flycatcher,Ficedula albicilla,L682029,San Antonio de la Sierra--Cruce de Arroyo Km 22,2026-03-15 15:08,1.0,23.6505092,-109.9234292,True,True,False,S309652241,
botspa,Botteri's Sparrow,Peucaea botterii,L60386081,Carretera Tankuché-San Mateo,2026-03-15 15:03,2.0,20.514259,-90.242341,True,False,True,S309918890,
rudshe,Ruddy Shelduck,Tadorna ferruginea,L10307609,Kuersten Rd - Crete-Monee Rd to Pauling Rd,2026-03-15 14:57,2.0,41.4198154,-87.718879,True,True,True,S309610383,X
x00427,Western x Clark's Grebe (hybrid),Aechmophorus occidentalis x clarkii,L247953,Sweetwater Reservoir,2026-03-15 14:50,1.0,32.6909342,-116.9966808,True,True,False,S310270932,
x00197,Snow x Canada Goose (hybrid),Anser caerulescens x Branta canadensis,L4054258,Ottumwa Park,2026-03-15 14:01,1.0,41.0115114,-92.4273562,True,True,False,S309578151,
x00623,Black-capped x Mountain Chickadee (hybrid),Poecile atricapillus x gambeli,L299576,Little Dell Reservoir,2026-03-15 11:35,1.0,40.776814,-111.68722,True,True,False,S309685524,
layalb,Laysan Albatross,Phoebastria immutabilis,L60313921,Pacific Ocean off central Baja,2026-03-15 10:32,1.0,25.84596,-113.976127,True,False,True,S309572074,
x00662,Downy x Nuttall's Woodpecker (hybrid),Dryobates pubescens x nuttallii,L382758,Carbon Canyon Regional Park,2026-03-15 10:30,1.0,33.9205466,-117.834255,True,True,False,S309651541,
gowwar,Golden-winged Warbler,Vermivora chrysoptera,L285292,Monumentos Naturales Bonampak--Zona Arqueológica Bonampak,2026-03-15 10:28,1.0,16.7044352,-91.0643756,True,False,False,S310492535,
rnxsap1,Red-naped x Red-breasted Sapsucker (hybrid),Sphyrapicus nuchalis x ruber,L60251723,Saddlehorn Crescent,2026-03-15 09:30,1.0,49.087599,-122.544007,True,True,True,S309543894,
comnig,Common Nighthawk,Chordeiles minor,L405338,Frog Pond WMA--Lucky Hammock,2026-03-15 08:32,1.0,25.396439,-80.566581,True,True,False,S309547849,
coopet,Cook's Petrel,Pterodroma cookii,L60332262,Pacific Ocean off Bahia Santo Domingo,2026-03-15 08:19,3.0,25.365477,-113.545824,True,False,True,S309657991,
plaant1,Plain Antvireo,Dysithamnus mentalis,L1322415,Monumentos Naturales Bonampak--Camino Entrada,2026-03-15 08:18,1.0,16.7612651,-91.1027956,True,False,False,S310306966,
calhum,Calliope Hummingbird,Selasphorus calliope,L274741,El Aguacate (pueblo),2026-03-15 08:00,2.0,21.6140259,-104.8341179,True,False,False,S310056212,
layduc,Laysan Duck,Anas laysanensis,L7291453,"Green Island, Kure Atoll (restricted access)",2026-03-14 18:19,6.0,28.392533,-178.2939005,True,False,False,S310484867,
chrshe,Christmas Shearwater,Puffinus nativitatis,L7291453,"Green Island, Kure Atoll (restricted access)",2026-03-14 18:19,1.0,28.392533,-178.2939005,True,False,False,S310484867,
olsfly,Olive-sided Flycatcher,Contopus cooperi,L49240890,Regina Way,2026-03-14 18:15,1.0,38.8514479,-122.7366229,True,True,True,S309282735,
blpyel1,Black-polled Yellowthroat,Geothlypis speciosa,L2188429,Laguna de Chignahuapan (Almoloya),2026-03-14 16:29,5.0,19.1522618,-99.4966221,True,False,False,S309264085,
blkoys,Black Oystercatcher,Haematopus bachmani,L8064467,Universidad Autónoma de Baja California--Facultad de Ciencias Marinas,2026-03-14 15:41,2.0,31.8622585,-116.6680791,True,False,False,S309292468,
fisspa,Five-striped Sparrow,Amphispizopsis quinquestriata,L60255063,"Sonora, MX (28.428, -108.927)",2026-03-14 15:40,1.0,28.428455,-108.9267446,True,False,True,S309290621,
motpet,Mottled Petrel,Pterodroma inexpectata,L60251122,WHICEAS 3/14 1:30,2026-03-14 13:33,1.0,20.3674269,-155.4159373,True,True,True,S309273364,
yelrai,Yellow Rail,Coturnicops noveboracensis,L129090,Sea Rim SP (UTC 027),2026-03-14 11:51,1.0,29.6755873,-94.0421026,True,True,False,S309283906,
x00048,Glaucous x Glaucous-winged Gull (hybrid),Larus hyperboreus x glaucescens,L638805,Cannon Beach,2026-03-14 11:42,1.0,45.888186,-123.9646626,True,False,False,S309179374,
x00696,Little Blue x Tricolored Heron (hybrid),Egretta caerulea x tricolor,L452007,Orlando Wetlands,2026-03-14 10:27,1.0,28.5700783,-80.9963373,True,True,False,S309189577,
casauk,Cassin's Auklet,Ptychoramphus aleuticus,L60255466,"MX (31,758, -116,827)",2026-03-14 10:18,3.0,31.7583455,-116.8265906,True,False,True,S309292423,
xanmur2,Scripps's Murrelet,Synthliboramphus scrippsi,L60255466,"MX (31,758, -116,827)",2026-03-14 10:18,10.0,31.7583455,-116.8265906,True,False,True,S309292423,
shbdow,Short-billed Dowitcher,Limnodromus griseus,L285197,Blackie Spit (Incl. Dunsmuir Farm & Nicomekl estuary),2026-03-14 10:03,1.0,49.059,-122.879,True,True,False,S309147142,
sancra,Sandhill Crane,Antigone canadensis,L56427628,"Avenida Favela, Colonia Anáhuac MX-Chih. (28.4883,-106.7371)",2026-03-14 08:47,4.0,28.488256,-106.737128,True,False,True,S309540548,
x00445,Spotted x Collared Towhee (hybrid),Pipilo maculatus x ocai,L26527207,El Conejo - Tembladeras,2026-03-14 08:43,1.0,19.5337906,-97.1391526,True,False,True,S309275572,
boboli,Bobolink,Dolichonyx oryzivorus,L127408,Loxahatchee NWR,2026-03-14 08:37,1.0,26.4986442,-80.2246141,True,True,False,S309213889,
veggul1,Vega Gull,Larus vegae,L287881,Brownsville Landfill (LTC 041) - check in at office,2026-03-14 07:54,1.0,25.9365631,-97.3924657,True,True,False,S309030032,
gryfin1,Grassland Yellow-Finch,Sicalis luteola,L51923168,"Ramal a El Cuyo Álvaro Obregón, Chiapas, MX (17.761, -91.953)",2026-03-14 06:57,1.0,17.761175,-91.952955,True,False,True,S309919237,
kinrai2,Aztec Rail,Rallus tenuirostris,L14773494,Ciénega de San Juan,2026-03-14 06:50,1.0,19.55884,-98.975099,True,False,False,S310416813,
sctlea1,Scaly-throated Leaftosser,Sclerurus guatemalensis,L221276,Monumentos Naturales Yaxchilán,2026-03-14 06:00,1.0,16.87169,-90.97826,True,False,False,S311727203,
fieldf,Fieldfare,Turdus pilaris,L270792,Shemya Island--Eareckson AS (restricted access),2026-03-13 18:03,1.0,52.7207244,174.1123276,True,True,False,S308919609,
x00053,White-crowned x Golden-crowned Sparrow (hybrid),Zonotrichia leucophrys x atricapilla,L797570,Cowichan Bay,2026-03-13 17:17,1.0,48.7530765,-123.6386776,True,True,False,S308924822,
briter1,Bridled Tern,Onychoprion anaethetus,L54159462,"26 31, 95 22 Area",2026-03-13 14:44,3.0,26.524324,-95.377712,True,True,True,S308877414,
x00679,Redhead x Ring-necked Duck (hybrid),Aythya americana x collaris,L1782673,Erieau Marsh Trail,2026-03-13 13:56,1.0,42.2665036,-81.9384214,True,True,False,S308858357,
x00682,Ring-necked Duck x scaup sp. (hybrid),Aythya collaris x marila/affinis,L1901885,Marine Dr.--148th NE pullout,2026-03-13 11:45,1.0,45.5631566,-122.510201,True,True,False,S308824887,
x00460,Golden-fronted x Red-bellied Woodpecker (hybrid),Melanerpes aurifrons x carolinus,L60152210,Comfort-- Meyer Hotel,2026-03-13 11:20,1.0,29.965309,-98.904531,True,True,True,S308814027,
trspet,Tristram's Storm-Petrel,Hydrobates tristrami,L7291453,"Green Island, Kure Atoll (restricted access)",2026-03-13 11:11,2.0,28.392533,-178.2939005,True,False,False,S308867184,
bonpet,Bonin Petrel,Pterodroma hypoleuca,L7291453,"Green Island, Kure Atoll (restricted access)",2026-03-13 10:39,3.0,28.392533,-178.2939005,True,False,False,S308867039,
winwre3,Winter Wren,Troglodytes hiemalis,L370624,PN La Estanzuela,2026-03-13 08:48,1.0,25.5454617,-100.2713585,True,True,False,S308784670,
varbun,Varied Bunting,Passerina versicolor,L26325201,"Salero Ranch, 61 Cougar Pass Rd, Santa Cruz Co",2026-03-13 07:36,1.0,31.577165,-110.853891,True,True,True,S308827014,
x00626,Anna's x Rufous Hummingbird (hybrid),Calypte anna x Selasphorus rufus,L16689601,"WSS 8021 Noble View Ln NW, Olympia US-WA (47.1480,-122.9398)",2026-03-13 07:28,1.0,47.1480101,-122.9399047,True,True,True,S308749284,
bewpar1,Bearded Wood-Partridge,Dendrortyx barbatus,L272502,Camino Cruz Blanca-Las Minas (municipio Villa Aldama),2026-03-13 06:22,2.0,19.6610656,-97.1718085,True,False,False,S308894447,
pifgoo,Pink-footed Goose,Anser brachyrhynchus,L10383626,"Covered Bridge Ln., Sheffield",2026-03-12 16:52,1.0,42.1241339,-73.3538099,True,True,False,S308604548,
audshe,Sargasso Shearwater,Puffinus lherminieri,L60109360,N26.32.721 W079.30.803,2026-03-12 16:37,1.0,26.56311,-79.556335,True,False,True,S308608953,
saccoc,Salmon-crested Cockatoo,Cacatua moluccensis,L320833,Manoa Cliffs Trail,2026-03-12 15:46,2.0,21.3348122,-157.8145112,True,True,False,S308647579,P
x00679,Redhead x Ring-necked Duck (hybrid),Aythya americana x collaris,L1445743,Northfield--Superior Drive pond,2026-03-12 11:30,1.0,44.4350273,-93.147337,True,True,False,S308570484,
refwar,Red-faced Warbler,Cardellina rubrifrons,L60091090,Down By The River B&B,2026-03-12 10:47,1.0,31.8645858,-110.2157067,True,True,True,S308586856,
sabgul,Sabine's Gull,Xema sabini,L60103852,"Auto selected 15.59652, -96.06155",2026-03-12 10:21,3.0,15.596519,-96.061546,True,False,True,S308586895,
phivir,Philadelphia Vireo,Vireo philadelphicus,L3245938,Coral Reef Park,2026-03-12 09:11,1.0,25.631196,-80.3196073,True,True,False,S308741565,
x00616,Laughing x Ring-billed Gull (hybrid),Leucophaeus atricilla x Larus delawarensis,L157757,"Lakefront Park and Sanctuary, Hammond",2026-03-12 08:15,1.0,41.6987676,-87.5135654,True,True,False,S308644211,
x00205,Wood Duck x Mallard (hybrid),Aix sponsa x Anas platyrhynchos,L12798299,Enka Lake,2026-03-11 18:11,1.0,35.53351,-82.653568,True,True,True,S308412896,
x00677,Great Egret x Great Blue Heron (hybrid),Ardea alba x herodias,L127332,Fort De Soto Park,2026-03-11 16:15,1.0,27.6327266,-82.718157,True,True,False,S308404177,
swiwhe1,Swinhoe's White-eye,Zosterops simplex,L7109300,Moctezuma y 11,2026-03-11 15:00,2.0,31.8739701,-116.6248311,True,True,True,S308388898,P
x00680,Redhead x Greater Scaup (hybrid),Aythya americana x marila,L344721,Essex Sewage Lagoons (western),2026-03-11 14:00,1.0,42.1686111,-82.8416667,True,True,False,S308363204,
doveki,Dovekie,Alle alle,L345541,Peggy's Cove,2026-03-11 10:10,1.0,44.49208,-63.91667,True,False,False,S308373221,
towsol,Townsend's Solitaire,Myadestes townsendi,L9818590,PN Cascada de Bassaseachic--Administración,2026-03-11 09:49,1.0,28.1650288,-108.2064572,True,False,False,S308573364,
tuqdov1,Tuxtla Quail-Dove,Zentrygon carrikeri,L2952599,Reserva de la Biosfera Los Tuxtlas--Camino Ruiz Cortines-Miguel Hidalgo,2026-03-11 07:01,4.0,18.5397059,-95.1417142,True,False,False,S308428404,
purmar,Purple Martin,Progne subis,L2485697,Colchester--Harbour,2026-03-11,1.0,41.9834494,-82.9332939,True,True,False,S309228806,
barowl13,Cinereous Owl,Strix sartorii,L58572490,Rampa,2026-03-10 18:15,1.0,21.4760383,-104.9833717,True,False,True,S308223710,
licpar,Lilac-crowned Amazon,Amazona finschi,L6010004,Macroplaza Monterrey,2026-03-10 18:02,4.0,25.6692342,-100.3099287,True,False,False,S308152723,P
glwgul,Glaucous-winged Gull,Larus glaucescens,L461455,Arroyo Rosarito--Desembocadura,2026-03-10 16:33,3.0,32.3312382,-117.0537472,True,False,False,S308169646,
lcspet,Leach's Storm-Petrel,Hydrobates leucorhous,L60022424,Pacific Ocean SE of Cabo,2026-03-10 14:07,2.0,22.718387,-109.601789,True,False,True,S308167689,
bwxtea1,Blue-winged x Cinnamon Teal (hybrid),Spatula discors x cyanoptera,L277480,Reserva Ecológica Estero de San José del Cabo,2026-03-10 12:09,,23.0504835,-109.6878944,True,True,False,S308077656,
lcspet,Leach's Storm-Petrel,Hydrobates leucorhous,L2574849,Keāhole Point,2026-03-10 10:11,1.0,19.727713,-156.0609278,True,True,False,S308172221,
redwin,Redwing,Turdus iliacus,L59978936,Cork Street,2026-03-10 09:54,1.0,44.65414,-63.606148,True,True,True,S307926071,
bkfalb,Black-footed Albatross,Phoebastria nigripes,L60062343,Pacific Ocean off Punta San Roque,2026-03-09 16:10,1.0,26.684114,-114.871304,True,False,True,S308383867,
x00684,Canvasback x Redhead (hybrid),Aythya valisineria x americana,L1459420,Presqu'ile--Government Dock,2026-03-09 11:40,1.0,44.0037169,-77.6883829,True,True,False,S308302528,
yeclov,Yellow-collared Lovebird,Agapornis personatus,L385285,Encanto Park,2026-03-09 11:11,1.0,33.4740415,-112.0898581,True,False,False,S307840275,X
gresca,Greater Scaup,Aythya marila,L4194921,Chacalilla Campos'/Field,2026-03-09 10:04,2.0,21.6058733,-105.2898316,True,True,True,S307683698,
x01134,American Herring x Lesser Black-backed Gull (hybrid),Larus smithsonianus x fuscus,L353734,St. John's--Quidi Vidi Lake,2026-03-09 09:48,1.0,47.580135,-52.6941258,True,True,False,S307588039,
baleag,Bald Eagle,Haliaeetus leucocephalus,L41101330,Pelican Point (Sand spit in Southern Bahia Magdalena),2026-03-09 09:26,1.0,24.3823087,-111.6881184,True,True,True,S307701570,
baispa,Baird's Sparrow,Centronyx bairdii,L55672624,Rancho Santa Bárbara,2026-03-09 09:23,1.0,23.82434,-104.92889,True,False,True,S307716435,
bltgol1,Blue-throated Goldentail,Chlorestes eliciae,L8530727,Zona Arqueológica Iglesia Vieja,2026-03-09 09:13,1.0,16.1302498,-93.7458727,True,False,False,S307674562,
norful,Northern Fulmar,Fulmarus glacialis,L60778604,"MX (30.915, -116.541) At sea between Ensenada and Isla San Benito",2026-03-09 09:00,1.0,30.9154359,-116.5408813,True,False,True,S311892995,
y00315,California x Gambel's Quail (hybrid),Callipepla californica x gambelii,L697562,Borrego Springs--Mesquite Bosque,2026-03-09 08:45,1.0,33.2351758,-116.3197231,True,False,False,S307843685,
akekee,Akekee,Loxops caeruleirostris,L1548049,Alakai Swamp Trail--Pihea Trail junction to Kilohana Vista,2026-03-09 08:17,1.0,22.152336,-159.6002142,True,True,False,S308674395,
taifly1,Taiga Flycatcher,Ficedula albicilla,L28950917,Vancouver--Sunset Beach Park,2026-03-08 18:20,1.0,49.2794246,-123.1380916,True,True,False,S307476088,
ivogul,Ivory Gull,Pagophila eburnea,L59879045,"Mer du Labrador--51*47,61  -53*58,60",2026-03-08 16:20,24.0,51.7930556,-53.9766667,True,True,True,S307390042,
x00416,Barnacle x Cackling Goose (hybrid),Branta leucopsis x hutchinsii,L10654812,Alburtis Rd. Retention Ponds,2026-03-08 16:17,1.0,40.5190146,-75.5791348,True,True,False,S307385931,
x00613,Ring-necked Duck x Lesser Scaup (hybrid),Aythya collaris x affinis,L352621,Trinity Western University,2026-03-08 16:00,1.0,49.1408333,-122.5961111,True,True,False,S307736094,
sagspa1,Sagebrush Sparrow,Artemisiospiza nevadensis,L5000218,Punta Arena,2026-03-08 13:45,1.0,28.9583614,-113.5433364,True,False,False,S307470572,
x00779,Ring-necked Duck x Greater Scaup (hybrid),Aythya collaris x marila,L607073,Erieau--townsite and waterfront,2026-03-08 12:05,1.0,42.2601598,-81.9156075,True,True,False,S307271836,
x00451,White-crowned x White-throated Sparrow (hybrid),Zonotrichia leucophrys x albicollis,L17611930,Northwest 1st Street Neighborhood,2026-03-08 12:04,1.0,46.1699786,-123.9341942,True,True,True,S307370773,
x00774,Northern Cardinal x Pyrrhuloxia (hybrid),Cardinalis cardinalis x sinuatus,L2427011,Chiricahua Mtns.--Whitetail Canyon,2026-03-08 09:55,1.0,31.9994008,-109.2720124,True,True,True,S307332155,
jabiru,Jabiru,Jabiru mycteria,L315682,Zona Arqueológica Muyil (Chunyaxché),2026-03-08 08:25,1.0,20.0785613,-87.6110959,True,False,False,S307257518,
btstan1,Black-throated Shrike-Tanager,Lanio aurantius,L221240,Monumentos Naturales Bonampak,2026-03-08 06:39,1.0,16.7026286,-91.0941696,True,False,False,S307382880,
whveup1,White-vented Euphonia,Euphonia minuta,L221240,Monumentos Naturales Bonampak,2026-03-08 06:39,1.0,16.7026286,-91.0941696,True,False,False,S307382880,
budger,Budgerigar,Melopsittacus undulatus,L819803,Anton Stadium,2026-03-07 18:24,1.0,39.1502311,-123.2211971,True,True,False,S307006613,X
colwar,Colima Warbler,Leiothlypis crissalis,L11438951,"Camino al Palomito, Parres, Tlalpan, Ciudad de México, MX (19.099, -99.174)",2026-03-07 09:09,1.0,19.0993009,-99.1741533,True,False,True,S307006313,
earque,Eared Quetzal,Euptilotis neoxenus,L4406056,Caminata A La Bomba De Agua,2026-03-07 08:22,2.0,21.7608949,-104.4035833,True,False,True,S307451356,
whnpet,White-necked Petrel,Pterodroma cervicalis,L504177,Escollo Gorda,2026-03-07 06:45,1.0,22.993795,-109.5007324,True,True,False,S306903409,
x00997,Mute x Whooper Swan (hybrid),Cygnus olor x cygnus,L211111,Metzger Marsh Wildlife Area,2026-03-07 06:36,1.0,41.645338,-83.2403183,True,True,False,S306945091,N
mdxmal1,Muscovy Duck x Mallard (hybrid),Cairina moschata x Anas platyrhynchos,L330866,Rithet's Bog,2026-03-06 13:37,1.0,48.4914991,-123.3790527,True,True,False,S306595623,X
nutman,Scaly-breasted Munia,Lonchura punctulata,L28671437,Calle Jícama,2026-03-06 10:04,6.0,20.47465,-86.969177,True,False,False,S306484292,P
yetwar,Yellow-throated Warbler,Setophaga dominica,L59688691,"13 Navy Pool Loop, Halifax CA-NS 44.77726, -63.01841",2026-03-06 09:56,1.0,44.777258,-63.01841,True,True,True,S306440656,
yefgra1,Yellow-faced Grassquit,Tiaris olivaceus,L59714390,Kuaokala Trail,2026-03-06 09:56,30.0,21.563321,-158.237699,True,True,True,S306573818,N
grefla3,Greater Flamingo,Phoenicopterus roseus,L59692771,"Lago Doctor Nabor Carrillo, Texcoco MX-Edo. Méx. 19.45659, -98.96631",2026-03-06 09:35,1.0,19.456586,-98.966313,True,True,True,S306464438,X
calcon,California Condor,Gymnogyps californianus,L623752,PN Sierra de San Pedro Mártir--Recepcion,2026-03-06 09:30,20.0,31.0003268,-115.5570585,True,True,False,S306579165,
budger,Budgerigar,Melopsittacus undulatus,L5913228,Camino de grava entre el Corchito y Estero de Chicxulub,2026-03-06 08:26,1.0,21.2731438,-89.6285449,True,True,False,S306750304,X
x00053,White-crowned x Golden-crowned Sparrow (hybrid),Zonotrichia leucophrys x atricapilla,L5254015,Neah Bay--Waatch Beach Drive,2026-03-06 07:42,1.0,48.3448986,-124.6757044,True,True,False,S306472941,
miskit,Mississippi Kite,Ictinia mississippiensis,L265772,Miraflores (pueblo),2026-03-06 07:34,2.0,23.3681419,-109.7737248,True,True,False,S306621765,
whcpin,White-cheeked Pintail,Anas bahamensis,L59698965,Rodeo Grounds,2026-03-06 07:32,1.0,38.8684098,-121.2971075,True,True,True,S306495869,X
flfshe,Flesh-footed Shearwater,Ardenna carneipes,L59727723,"Wings and Hawaii Bird Tours’ Kona Pelagic: 3.6.26 (2) 19.66435, -156.10210",2026-03-06 07:15,1.0,19.664348,-156.102098,True,True,True,S306638699,
corplo,Common Ringed Plover,Charadrius hiaticula,L256021,"Moss Landing--Jetty Road, north jetty & State Beach",2026-03-05 14:33,1.0,36.8151691,-121.7900355,True,True,False,S306304231,
x00051,Western x Glaucous-winged Gull (hybrid),Larus occidentalis x glaucescens,L371159,La Lagunita El Ciprés,2026-03-05 12:45,1.0,31.816366,-116.606521,True,False,False,S306290409,
thbkin,Thick-billed Kingbird,Tyrannus crassirostris,L28134078,Griffith Park--Mineral Wells Trail,2026-03-05 10:30,1.0,34.1406496,-118.2891666,True,True,False,S306266905,
emu1,Emu,Dromaius novaehollandiae,L6666086,Colorado Co.--Fisher Ln,2026-03-04 17:15,2.0,29.72381,-96.4036,True,True,False,S306041367,X
sinmar1,Sinaloa Martin,Progne sinaloae,L22811267,Rancho Primavera,2026-03-04 16:58,2.0,20.3412871,-105.3499818,True,False,False,S306213937,
pagplo,Pacific Golden-Plover,Pluvialis fulva,L1446612,Grand Plaza La Paz,2026-03-04 07:24,1.0,24.1236472,-110.3499469,True,True,False,S306035067,
cockat,Cockatiel,Nymphicus hollandicus,L4672645,Parque Novia del Mar,2026-03-03 16:30,1.0,19.8558523,-90.5259034,True,True,False,S305735414,X
x00691,Anna's x Allen's Hummingbird (hybrid),Calypte anna x Selasphorus sasin,L3556380,Moreno Valley yard,2026-03-03 15:13,1.0,33.9499283,-117.2667141,True,True,True,S306544472,
x00484,Yellow-rumped x Grace's Warbler (hybrid),Setophaga coronata x graciae,L614595,El Dorado Regional Park--Area 3,2026-03-03 12:25,1.0,33.8235101,-118.0862045,True,True,False,S305701517,
gocspa,Golden-crowned Sparrow,Zonotrichia atricapilla,L59560100,Acceso a Laguna Hanson (Presa),2026-03-03 09:01,1.0,32.4393733,-116.033745,True,False,True,S305730668,
x00646,American Wigeon x Green-winged Teal (hybrid),Mareca americana x Anas crecca,L8517416,Eastlake (Chula Vista),2026-03-03 08:30,1.0,32.653852,-116.977265,True,True,False,S305647303,
himsno,Himalayan Snowcock,Tetraogallus himalayensis,L887789,Lamoille Canyon--Glacier Overlook,2026-03-03 06:23,1.0,40.6601315,-115.4361606,True,False,False,S305640226,N
fotfly,Fork-tailed Flycatcher,Tyrannus savana,L416575,Willow Island,2026-03-02 17:13,1.0,29.7842689,-93.2224274,True,True,False,S305475413,
sooshe,Sooty Shearwater,Ardenna grisea,L5974899,Tofino--Wickanninish Inn,2026-03-02 16:45,1.0,49.1239384,-125.9000051,True,False,False,S305459098,
moublu,Mountain Bluebird,Sialia currucoides,L54671086,Acceso a Laguna Hanson,2026-03-02 08:37,5.0,32.434905,-116.021135,True,False,True,S305481115,
x00006,American x Black Oystercatcher (hybrid),Haematopus palliatus x bachmani,L590157,Campo de Golf Bajamar,2026-03-02 07:25,1.0,32.0175008,-116.8700695,True,False,False,S305431968,
ftspet,Fork-tailed Storm-Petrel,Hydrobates furcatus,L59304075,"Sitka Sound, Sitka US-AK 57.00873, -135.45798",2026-03-01 18:29,23.0,57.008732,-135.457978,True,True,True,S305202220,
x00777,Northern Shoveler x American Wigeon (hybrid),Spatula clypeata x Mareca americana,L212323,Lee Kay Ponds,2026-03-01 17:05,1.0,40.7397136,-112.0437241,True,True,False,S305184767,
foxspa,Fox Sparrow,Passerella iliaca,L55491325,"Parque El Profesor, Tecate",2026-03-01 15:40,1.0,32.5654309,-116.6637292,True,False,True,S305182735,
semsan,Semipalmated Sandpiper,Calidris pusilla,L20805607,Chatham Islands,2026-03-01 14:57,4.0,48.4353586,-123.2518034,True,True,False,S305193271,
mewgul,Common Gull,Larus canus,L58781797,Pedersen Marina,2026-03-01 14:03,1.0,42.4775218,-88.1146873,True,True,False,S305174033,
balori,Baltimore Oriole,Icterus galbula,L2454269,Town of Yarmouth,2026-03-01 11:15,1.0,43.8315734,-66.1149931,True,False,False,S305012734,
x00832,Mute x Trumpeter Swan (hybrid),Cygnus olor x buccinator,L338647,Deep Bay,2026-03-01 09:23,1.0,49.4669527,-124.7307014,True,False,False,S305095405,N
chclon,Chestnut-collared Longspur,Calcarius ornatus,L59360008,Ejido Zaragoza,2026-03-01 07:09,59.0,31.102669,-110.118794,True,False,True,S305191335,
sprpip,Sprague's Pipit,Anthus spragueii,L59360008,Ejido Zaragoza,2026-03-01 07:09,2.0,31.102669,-110.118794,True,False,True,S305191335,
x00439,Spotted x Barred Owl (hybrid),Strix occidentalis x varia,L59389902,Sherwood Rd.,2026-02-28 23:35,1.0,39.445199,-123.739276,True,True,True,S304844532,
x00442,Western Kingbird x Scissor-tailed Flycatcher (hybrid),Tyrannus verticalis x forficatus,L630005,Diamond (general area),2026-02-28 16:47,1.0,29.5283697,-89.749968,True,True,False,S304818895,
x00938,White-faced x Fulvous Whistling-Duck (hybrid),Dendrocygna viduata x bicolor,L933572,Bird Island,2026-02-28 16:30,1.0,29.9296285,-90.1245618,True,True,False,S304793892,
manduc,Mandarin Duck,Aix galericulata,L17626968,Coquitlam--Coquitlam River Park,2026-02-28 14:48,1.0,49.2816082,-122.7737617,True,True,False,S304790903,X
tdxsca1,Tufted Duck x scaup sp. (hybrid),Aythya fuligula x marila/affinis,L3685442,Port Blandford--Causeway,2026-02-28 11:13,1.0,48.3456906,-54.1520001,True,True,False,S304752501,
x00424,Bufflehead x Hooded Merganser (hybrid),Bucephala albeola x Lophodytes cucullatus,L12674048,Desert Shores Lake Jacqueline,2026-02-28 11:00,1.0,36.2054296,-115.2654779,True,False,False,S304805043,
slbgul,Slaty-backed Gull,Larus schistisagus,L59396366,"Mer du Labrador--55*07,04  -56*02,40",2026-02-28 07:35,1.0,55.1177778,-56.04,True,True,True,S304879210,
x00694,Ross's x Cackling Goose (hybrid),Anser rossii x Branta hutchinsii,L1225669,Merkle NRMA--Frank Oslislo Visitors Center,2026-02-27 14:56,1.0,38.7278391,-76.7080718,True,False,False,S304371295,
chiwig1,Chiloe Wigeon,Mareca sibilatrix,L56858182,Sheri Capehart Nature Preserve,2026-02-27 14:45,1.0,32.6624281,-97.2231674,True,True,True,S304435418,X
towshe2,Newell's Shearwater,Puffinus newelli,L59304721,"Hawaii Bird Tours’ Kona Pelagic: 2.27.26 (5) 19.70540, -156.54420",2026-02-27 10:40,1.0,19.705402,-156.544198,True,True,True,S304433496,
x00787,Common Black x Red-shouldered Hawk (hybrid),Buteogallus anthracinus x Buteo lineatus,L761019,Santa Rosa Creek Trail and Delta Pond (west of Willowside Rd),2026-02-27 09:56,1.0,38.4453208,-122.8155613,True,True,False,S304345286,
kitmur,Kittlitz's Murrelet,Brachyramphus brevirostris,L59240751,"Valdez, Alaska, US (60.905, -147.27)",2026-02-26 13:38,3.0,60.9051367,-147.2698617,True,True,True,S304111854,
